transaction_id,customer_id,account_number,date,amount,currency,merchant,description,category
TX-002071,CUST-E0036,ACC-E0036A,2024-02-09,89.29, usd ,internet hogar,,servicios
TX-001009,CUST-E0010,ACC-E0010B,"Jan 07, 2024",51.81,US$,Empresa de Luz,factura luz,
TX-002180,CUST-E0029,ACC-E0029A,13/03/2024,99.22,Dólares,Netflix,suscripcion mensual netflix,suscripciones
TX-001755,  CUST-E0006 ,ACC-E0006A,"Mar 23, 2024",96.62,usd,Empresa de Luz,factura luz,
TX-002694,cust-e0013,ACC-E0013A,"Jan 10, 2024",44.63, usd ,FARMACIA SALUD,medicinas,salud
TX-003310,  CUST-E0005 ,ACC-E0005B,2024-03-19,93.89,eur,Estacion Gasolina Sol,gasolina,transporte
TX-002130,CUST-E0032,ACC-E0032A,2024-01-17,333.36,Usd,Internet Hogar,factura internet,servicios
TX-000591,CUST-E0019,ACC-E0019A,09/03/2024,86.34,Pesos,  Spotify ,suscripcion spotify,suscripciones
TX-004059,CUST-E0034,ACC-E0034A,2024-03-04,242.27,usd,Netflix,suscripcion mensual netflix,suscripciones
TX-002902,CUST-E0031,ACC-E0031A,2024-03-08,$57.69, usd ,,medicinas,salud
TX-004131,CUST-E0036,ACC-E0036A,"Feb 26, 2024",19.31,usd,Uber,viaje uber,transporte
TX-002642,CUST-E0006,ACC-E0006A,09/02/2024,96.28,USD,Estacion Gasolina Sol,gasolina,transporte
TX-002493,cust-e0033,acc-e0033a,"Jan 01, 2024",$34.19,cop,,suscripcion mensual netflix,suscripciones
TX-002532,CUST-E0037,ACC-E0037A,"Mar 14, 2024",$43.36,Dólares,Empresa de Luz,factura luz,servicios
TX-001855,CUST-E0002,ACC-E0002A,2024-03-04,30.78,,Empresa de Luz,factura luz,servicios
TX-004268,CUST-E0020,ACC-E0020A,"Jan 21, 2024",$102.22,usd,Supermercado Central,compra semanal supermercado,
TX-002174,CUST-E0031,ACC-E0031A,"Jan 18, 2024",69.43,Dólares,  Restaurante El Fogon ,,alimentacion
TX-003768,CUST-E0018,ACC-E0018A,15-01-24,192.89,US$,,factura luz,servicios
TX-002635,CUST-E0038,ACC-E0038A,22/01/2024,$23.79,Usd,Restaurante El Fogon,almuerzo restaurante,
TX-003110,CUST-E0016,ACC-E0016A,2024-02-20,$143.17,Dólares,internet hogar,factura internet,servicios
TX-003932,CUST-E0007,ACC-E0007A,"Jan 08, 2024",78.36,Usd,Netflix,suscripcion mensual netflix,
TX-000805,CUST-E0026,ACC-E0026A,03/02/2024,48.38,Usd,  Uber ,viaje uber,transporte
TX-002745,CUST-E0007,ACC-E0007A,"Feb 23, 2024",167.84,Dólares,Tienda Online XYZ,compra online,compras
TX-002759,CUST-E0029,ACC-E0029A,"Feb 17, 2024",$125.04,US$,UBER,viaje uber,
TX-002299,CUST-E0021,ACC-E0021A,2024-03-23,$21.15,Usd,Tienda Online XYZ,compra online,compras
TX-001329,CUST-E0014,ACC-E0014A,15/01/2024,34.79,Dólares,Restaurante El Fogon,almuerzo restaurante,alimentacion
TX-001801,CUST-E0030,ACC-E0030A,"Mar 02, 2024",$13.00,USD,TIENDA ONLINE XYZ,compra online,compras
TX-002900,CUST-E0036,ACC-E0036A,12/03/2024,108.24,Usd,Spotify,suscripcion spotify,suscripciones
TX-003631,CUST-E0016,ACC-E0016A,2024-03-14,117.43, usd ,Farmacia Salud,medicinas,salud
TX-002804,cust-e0016,ACC-E0016A,10/03/2024,$261.45,US$,Internet Hogar,,servicios
TX-001433,CUST-E0028,ACC-E0028A,2024-01-14,154.58, usd ,Spotify,suscripcion spotify,suscripciones
TX-003774,CUST-E0033,ACC-E0033A,"Jan 19, 2024",$48.93,Pesos,Netflix,suscripcion mensual netflix,
TX-002093,CUST-E0025,ACC-E0025B,28/03/2024,$145.88,,,renta apartamento,vivienda
TX-000160,CUST-E0024,ACC-E0024A,"Mar 03, 2024",$152.79,Usd,Inmobiliaria Norte,renta apartamento,vivienda
TX-001955,CUST-E0014,ACC-E0014A,17/02/2024,305.55,XYZ,Netflix,,suscripciones
TX-003012,CUST-E0031,ACC-E0031A,12/03/2024,$138.73,US$,Farmacia Salud,medicinas,
TX-002868,CUST-E0016,ACC-E0016A,04/02/2024,$86.70,Usd,Internet Hogar,factura internet,servicios
TX-004115,CUST-E0034,ACC-E0034A,Jan 10, 2024,201.94,Dólares,Tienda Online XYZ,compra online,compras,extra,columnas
TX-001199,CUST-E0016
TX-001442,CUST-E0040,ACC-E0040A,"Mar 17, 2024",$115.63, usd ,,renta apartamento,vivienda
TX-001810,CUST-E0033,ACC-E0033A,2024-02-01,55.53,Pesos,Farmacia Salud,medicinas,
TX-003639,CUST-E0003,  ACC-E0003A ,03/01/2024,21.40,US$,Restaurante El Fogon,almuerzo restaurante,
TX-001268,  CUST-E0018 ,ACC-E0018A,"Mar 20, 2024",$230.99,Dólares,Tienda Online XYZ,compra online,
TX-003399,CUST-E0025,  ACC-E0025B ,10/01/2024,25.23,USD,Spotify,suscripcion spotify,suscripciones
TX-000672,cust-e0030,ACC-E0030A,2024-01-26,28.54,US$,  Internet Hogar ,factura internet,servicios
TX-002788,CUST-E0022,ACC-E0022A,06/02/2024,139.24,Dólares,empresa de luz,factura luz,servicios
TX-003707,CUST-E0004,ACC-E0004A,"Feb 16, 2024",27.49,usd,  Netflix ,suscripcion mensual netflix,suscripciones
TX-001875,CUST-E0003,ACC-E0003A,2024-02-15,24.21,US$,Inmobiliaria Norte,renta apartamento,vivienda
TX-001536,cust-e0012,ACC-E0012A,"Mar 05, 2024",55.77,US$,Supermercado Central,compra semanal supermercado,alimentacion
TX-003999,CUST-E0002,  ACC-E0002A ,2024-02-23,8.05,US$,Tienda Online XYZ,compra online,compras
TX-002429,CUST-E0010,ACC-E0010A,"Feb 13, 2024",33.95,US$,,viaje uber,
TX-001418,CUST-E0035,ACC-E0035A,2024-02-17,351.69,eur,Inmobiliaria Norte,,
TX-004203,CUST-E0017,ACC-E0017A,19/02/2024,398.62,Dólares,Uber,viaje uber,transporte
TX-000852,CUST-E0033,ACC-E0033A,2024-02-24,22.50,COP,Netflix,suscripcion mensual netflix,suscripciones
TX-001616,CUST-E0010,ACC-E0010B,,35.26,USD,Netflix,suscripcion mensual netflix,suscripciones
TX-002040,CUST-E0023,ACC-E0023A,09/01/2024,$195.32, usd ,Empresa de Luz,factura luz,servicios
TX-001341,cust-e0020,ACC-E0020A,2024-01-09,$146.85,usd,,suscripcion spotify,suscripciones
TX-002176,CUST-E0007,ACC-E0007A,02/03/2024,49.34,usd,Internet Hogar,factura internet,servicios
TX-001632,CUST-E0032,ACC-E0032A,29/02/2024,181.54,Usd,Inmobiliaria Norte,renta apartamento,vivienda
TX-003539,  CUST-E0031 ,ACC-E0031A,"Feb 29, 2024",$67.86,Usd,supermercado central,compra semanal supermercado,alimentacion
TX-003590,CUST-E0006,ACC-E0006A,15/02/2024,$39.54,Usd,empresa de luz,factura luz,
TX-003860,CUST-E0021,ACC-E0021A,30/03/2024,68.95,usd,  Restaurante El Fogon ,almuerzo restaurante,alimentacion
TX-000386,cust-e0022,ACC-E0022A,2024-03-18,141.24, usd ,  Restaurante El Fogon ,almuerzo restaurante,alimentacion
TX-003313,CUST-E0022,ACC-E0022A,2024-03-10,68.86, usd ,Tienda Online XYZ,compra online,compras
TX-001899,CUST-E0001,ACC-E0001A,"Feb 10, 2024",$94.83,Dólares,Inmobiliaria Norte,renta apartamento,vivienda
TX-000829,CUST-E0021,  ACC-E0021A ,20/03/2024,15.51,US$,Supermercado Central,compra semanal supermercado,alimentacion
TX-001711,CUST-E0034,ACC-E0034A,,USD, usd ,,compra online,
TX-003754,CUST-E0010,ACC-E0010B,"Jan 20, 2024",15.58,Dólares,Estacion Gasolina Sol,gasolina,transporte
TX-000372,  CUST-E0026 ,ACC-E0026A,"Feb 28, 2024",$26.20,Dólares,Spotify,suscripcion spotify,suscripciones
TX-000994,CUST-E0020,ACC-E0020A,"Mar 29, 2024",109.67,US$,Inmobiliaria Norte,renta apartamento,
TX-001989,CUST-E0011,ACC-E0011A,30/03/2024,$18.83,US$,Restaurante El Fogon,almuerzo restaurante,alimentacion
TX-004121,CUST-E0017,ACC-E0017A,2024-02-25,182.25,USD,Spotify,suscripcion spotify,suscripciones
TX-001246,CUST-E0003,ACC-E0003A,2024-02-06,8.29,Usd,,almuerzo restaurante,alimentacion
TX-002619,CUST-E0022,ACC-E0022A,"Feb 09, 2024",73.28, usd ,,suscripcion spotify,suscripciones
TX-000016,CUST-E0009,  ACC-E0009A ,"Mar 29, 2024",18.80,,ESTACION GASOLINA SOL,gasolina,transporte
TX-003214,CUST-E0034,ACC-E0034A,2024-01-08,224.72,Usd,restaurante el fogon,almuerzo restaurante,alimentacion
TX-002247,CUST-E0007,ACC-E0007A,2024-03-16,$75.22,USD,farmacia salud,medicinas,salud
TX-003230,CUST-E0012,ACC-E0012A,06/03/2024,$66.45,Dólares,Uber,,transporte
TX-002907,CUST-E0025,acc-e0025b,"Jan 25, 2024",24.63,USD,Uber,viaje uber,transporte
TX-000615,cust-e0033,ACC-E0033A,"Feb 05, 2024",70.07,Pesos,RESTAURANTE EL FOGON,almuerzo restaurante,alimentacion
TX-001484,CUST-E0030,ACC-E0030B,2024-01-25,, usd ,Spotify,suscripcion spotify,suscripciones
TX-002329,CUST-E0034,acc-e0034a,19/03/2024,USD,Dólares,Spotify,suscripcion spotify,suscripciones
TX-001289,CUST-E0004,ACC-E0004A,"Jan 19, 2024",76.36, usd ,Inmobiliaria Norte,renta apartamento,
TX-003161,CUST-E0030,ACC-E0030B,"Jan 31, 2024",17.47,usd,Supermercado Central,compra semanal supermercado,alimentacion
TX-001344,CUST-E0001,ACC-E0001A,"Jan 21, 2024",-174.97,USD,Tienda Online XYZ,compra online,compras
TX-000430,CUST-E0031,  ACC-E0031A ,2024-02-12,62.62,usd,Restaurante El Fogon,almuerzo restaurante,alimentacion
TX-000126,CUST-E0028,ACC-E0028A,2024-03-23,$1737.54,usd,Uber,viaje uber,
TX-002911,  CUST-E0017 ,ACC-E0017A,21/03/2024,156.55,Usd,,factura internet,servicios
TX-001570,CUST-E0020,ACC-E0020B,23/01/2024,$164.33,usd,Netflix,suscripcion mensual netflix,suscripciones
TX-000950,CUST-E0035,ACC-E0035A,13/01/2024,352.47,EUR,Estacion Gasolina Sol,,transporte
TX-004088,CUST-E0002,ACC-E0002A,14/02/2024,616.42,Dólares,Estacion Gasolina Sol,gasolina,
TX-001790,CUST-E0005,ACC-E0005A,03/02/2024,$42.68,EUR,  Supermercado Central ,compra semanal supermercado,alimentacion
TX-003410,CUST-E0007,ACC-E0007A,2024-01-29,135.33,usd,Tienda Online XYZ,compra online,
TX-000970,  CUST-E0016 ,  ACC-E0016A ,"Feb 22, 2024",225.50,Usd,Empresa de Luz,,servicios
TX-000539,CUST-E0036,ACC-E0036A,"Feb 17, 2024",$32.56,US$,  Netflix ,suscripcion mensual netflix,
TX-002416,CUST-E0020,ACC-E0020B,"Mar 12, 2024",242.03,Usd,Internet Hogar,factura internet,servicios
TX-001333,cust-e0016,ACC-E0016A,2024-01-30,65.14,Usd,supermercado central,compra semanal supermercado,alimentacion
TX-003246,cust-e0039,ACC-E0039A,"Feb 10, 2024",50.31,USD,N/A,factura internet,servicios
TX-003992,CUST-E0021,ACC-E0021A,"Mar 06, 2024","1,2,3.4",usd,Farmacia Salud,medicinas,salud
TX-001838,CUST-E0005,ACC-E0005A,"Jan 19, 2024",,Euros,Spotify,suscripcion spotify,suscripciones
TX-003689,CUST-E0002,  ACC-E0002A ,"Feb 12, 2024",19.82,Usd,UBER,viaje uber,transporte
TX-001485,CUST-E0023,ACC-E0023A,09/03/2024,$460.20,Dólares,Farmacia Salud,medicinas,
TX-002857,CUST-E0005,ACC-E0005A,04/02/2024,59.18,eur,Empresa de Luz,factura luz,servicios
TX-001298,CUST-E0007,ACC-E0007A,"Mar 23, 2024",$96.29,USD,Uber,,transporte
TX-001515,CUST-E0003,ACC-E0003A,05/01/2024,11.46,usd,Supermercado Central,compra semanal supermercado,alimentacion
TX-002847,CUST-E0011,ACC-E0011A,"Jan 24, 2024",$21.71,Usd,UBER,viaje uber,transporte
TX-000623,CUST-E0003,ACC-E0003A,14/01/2024,36.93, usd ,SPOTIFY,suscripcion spotify,suscripciones
TX-003833,CUST-E0025,ACC-E0025B,"Jan 27, 2024",$92.44,US$,estacion gasolina sol,gasolina,
TX-000809,CUST-E0005,ACC-E0005A,"Jan 19, 2024",49.08,EUR,Supermercado Central,compra semanal supermercado,alimentacion
TX-000027,CUST-E0015,ACC-E0015A,27/03/2024,2288.69,Pesos,Inmobiliaria Norte,renta apartamento,vivienda
TX-002899,CUST-E0036,ACC-E0036A,2024-02-07,$30.01,Dólares,Spotify,suscripcion spotify,suscripciones
TX-003848,CUST-E0037,ACC-E0037A,"Feb 15, 2024",57.82,Usd,Uber,viaje uber,transporte
TX-000152,cust-e0039,ACC-E0039A,05/02/2024,$68.76,Dólares,  Estacion Gasolina Sol ,gasolina,transporte
TX-001696,CUST-E0012,ACC-E0012A,14/01/2024,191.59,usd,Spotify,suscripcion spotify,suscripciones
TX-000910,  CUST-E0026 ,ACC-E0026A,"Mar 04, 2024",$268.07,USD,Netflix,suscripcion mensual netflix,
TX-003453,CUST-E0032,ACC-E0032A,05/01/2024,101.23,usd,Restaurante El Fogon,,alimentacion
TX-001916,CUST-E0009,ACC-E0009A,2024-02-16,$10.23,Dólares,,viaje uber,transporte
TX-002519,CUST-E0022,ACC-E0022A,2024-01-17,321.09, usd ,Inmobiliaria Norte,renta apartamento,vivienda
TX-001447,CUST-E0021,ACC-E0021A,2024-03-30,$13.75, usd ,Netflix,suscripcion mensual netflix,
TX-004140,CUST-E0025,ACC-E0025B,28/01/2024,59.68,usd,Supermercado Central,compra semanal supermercado,alimentacion
TX-000010,CUST-E0004,ACC-E0004A,"Feb 15, 2024",$22.51,usd,Uber,viaje uber,transporte
TX-000257,CUST-E0011,ACC-E0011A,"Jan 29, 2024",23.27,US$,Netflix,suscripcion mensual netflix,suscripciones
TX-003984,CUST-E0017,ACC-E0017A,"Jan 08, 2024",212.35,USD,,viaje uber,transporte
TX-002631,CUST-E0036,ACC-E0036A,2024-01-25,14.80,USD,estacion gasolina sol,gasolina,
TX-002208,CUST-E0031,ACC-E0031A,"Feb 25, 2024",43.70,Dólares,Estacion Gasolina Sol,gasolina,transporte
TX-002137,CUST-E0004,ACC-E0004A,"Feb 26, 2024",12..5,Dólares,  Inmobiliaria Norte ,renta apartamento,vivienda
TX-002855,CUST-E0003,ACC-E0003A,2024-02-03,20.96, usd ,Inmobiliaria Norte,renta apartamento,vivienda
TX-000571,CUST-E0027,ACC-E0027A,"Feb 18, 2024",32.89,cop,Internet Hogar,factura internet,servicios
TX-001943,CUST-E0002,ACC-E0002A,09/02/2024,26.92,Dólares,Internet Hogar,,servicios
TX-002670,CUST-E0030,ACC-E0030B,2024-02-04,10.28,USD,Supermercado Central,compra semanal supermercado,alimentacion
TX-003524,CUST-E0021,ACC-E0021A,2024-01-17,$16.60, usd ,Netflix,suscripcion mensual netflix,suscripciones
TX-001880,cust-e0036,ACC-E0036A,2024-03-14,56.94,,Netflix,suscripcion mensual netflix,suscripciones
TX-000321,CUST-E0034,ACC-E0034A,2024-01-26,"$6,859.94",usd,Empresa de Luz,factura luz,servicios
TX-002039,CUST-E0019,ACC-E0019A,01/02/2024,$49.94,Pesos,Internet Hogar,factura internet,servicios
TX-000490,  CUST-E0039 ,ACC-E0039A,2024-02-29,$37.00, usd ,,,servicios
TX-004213,CUST-E0014,ACC-E0014A,2024-01-10,$63.50, usd ,Farmacia Salud,medicinas,salud
TX-000694,CUST-E0024,ACC-E0024A,"Jan 13, 2024",143.72, usd ,Internet Hogar,factura internet,servicios
TX-002940,CUST-E0029,ACC-E0029A,2024-02-19,377.71,US$,Empresa de Luz,factura luz,servicios
TX-003680,cust-e0025,ACC-E0025B,2024-03-10,39.48, usd ,uber,viaje uber,transporte
TX-000943,CUST-E0026,ACC-E0026A,30/01/2024,$101.10,Usd,Uber,viaje uber,transporte
TX-000521,CUST-E0032,ACC-E0032A,"Mar 06, 2024",77.76,US$,Internet Hogar,factura internet,
TX-002328,CUST-E0009,ACC-E0009A,"Feb 20, 2024",$35.08,Dólares,Empresa de Luz,,
TX-001093,CUST-E0011,ACC-E0011A,04/01/2024,$31.21,usd,Farmacia Salud,medicinas,salud
TX-002415,CUST-E0016,ACC-E0016A,28/02/2024,534.68,usd,Empresa de Luz,factura luz,servicios
TX-002589,CUST-E0032,ACC-E0032A,"Feb 03, 2024",104.34,usd,,compra online,compras
TX-004219,cust-e0007,ACC-E0007A,"Mar 26, 2024",$55.26,USD,  Netflix ,suscripcion mensual netflix,suscripciones
TX-003058,CUST-E0008,ACC-E0008A,2024-03-27,$62.80,US$,Farmacia Salud,,salud
TX-000570,CUST-E0014,ACC-E0014A,"Jan 16, 2024",125.84,USD,Estacion Gasolina Sol,gasolina,
TX-002080,CUST-E0026,ACC-E0026A,2024-03-07,$110.85,usd,Tienda Online XYZ,,compras
TX-000103,CUST-E0019,ACC-E0019A,2024-02-05,26.34,cop,Farmacia Salud,medicinas,salud
TX-002891,CUST-E0001,ACC-E0001A,29/01/2024,151.19,usd,Restaurante El Fogon,almuerzo restaurante,alimentacion
TX-001172,CUST-E0019,ACC-E0019A,,28.45,COP,Farmacia Salud,medicinas,
TX-003579,CUST-E0010,  ACC-E0010A ,2024-03-09,16.33,Usd,Farmacia Salud,medicinas,
TX-003635,cust-e0033,ACC-E0033A,2024-03-21,172.37,COP,Supermercado Central,,
TX-002785,CUST-E0021,ACC-E0021A,"Jan 11, 2024",16.23,Dólares,  Supermercado Central ,compra semanal supermercado,
TX-003796,CUST-E0010,ACC-E0010B,2024-03-10,13.69, usd ,Restaurante El Fogon,almuerzo restaurante,alimentacion
TX-000357,cust-e0028,ACC-E0028A,21/01/2024,125.73,Dólares,empresa de luz,factura luz,servicios
TX-003677,CUST-E0033,acc-e0033a,10/01/2024,138.03,COP,Spotify,suscripcion spotify,suscripciones
TX-003581,  CUST-E0025 ,ACC-E0025B,2024-03-28,,US$,estacion gasolina sol,gasolina,
TX-000963,  CUST-E0034 ,ACC-E0034A,2024-03-06,133.03,usd,Netflix,suscripcion mensual netflix,suscripciones
TX-002743,CUST-E0036,ACC-E0036A,17/03/2024,70.88,US$,Farmacia Salud,,salud
TX-002044,CUST-E0040,ACC-E0040A,12/03/2024,57.34,USD,uber,viaje uber,transporte
TX-001812,CUST-E0024,ACC-E0024A,"Jan 05, 2024",$155.72,Dólares,Spotify,suscripcion spotify,suscripciones
TX-003401,CUST-E0033,ACC-E0033A,2024-02-02,$35.36,cop,Empresa de Luz,factura luz,servicios
TX-000837,CUST-E0024,  ACC-E0024A ,22/03/2024,376.31,Dólares,Internet Hogar,factura internet,servicios
TX-002421,CUST-E0038,ACC-E0038A,"Jan 06, 2024",12.61,Dólares,Internet Hogar,factura internet,
TX-001388,CUST-E0008,  ACC-E0008A ,"Mar 23, 2024",71.32, usd ,Netflix,suscripcion mensual netflix,suscripciones
TX-002261,CUST-E0004,ACC-E0004A,"Jan 09, 2024",$64.96,usd,Farmacia Salud,medicinas,salud
TX-001091,CUST-E0034,  ACC-E0034A ,2024-01-25,546.62,usd,Restaurante El Fogon,,
TX-000253,CUST-E0018,ACC-E0018A,2024-01-23,74.25,usd,Restaurante El Fogon,almuerzo restaurante,alimentacion
TX-000856,CUST-E0039,ACC-E0039A,"Jan 11, 2024",39.72,usd,Netflix,suscripcion mensual netflix,suscripciones
TX-001712,,ACC-E0003A,12/03/2024,$5.69,XYZ,Spotify,suscripcion spotify,suscripciones
TX-002647,CUST-E0031,acc-e0031a,02/01/2024,61.64,USD,Restaurante El Fogon,almuerzo restaurante,alimentacion
TX-003133,CUST-E0039,ACC-E0039A,N/A,28.70, usd ,Inmobiliaria Norte,renta apartamento,vivienda
TX-000853,CUST-E0012,ACC-E0012A,19/03/2024,74.71,US$,Tienda Online XYZ,compra online,compras
TX-002522,CUST-E0034,ACC-E0034A,"Mar 17, 2024",158.93,US$,,compra semanal supermercado,alimentacion
TX-002390,CUST-E0016,ACC-E0016A,26/03/2024,239.19,Dólares,FARMACIA SALUD,medicinas,salud
TX-001890,CUST-E0023,  ACC-E0023A ,"Feb 16, 2024",$93.02,usd,Empresa de Luz,factura luz,servicios
TX-003104,  CUST-E0021 ,ACC-E0021A,2024-01-13,6.86,US$,Internet Hogar,factura internet,
TX-000032,CUST-E0025,ACC-E0025B,2024-02-26,$34.45,US$,Inmobiliaria Norte,renta apartamento,
TX-003843,CUST-E0038,ACC-E0038A,30/03/2024,8000000,usd,Netflix,suscripcion mensual netflix,suscripciones
TX-002823,cust-e0016,ACC-E0016A,2024-02-06,$43.15,,  Netflix ,suscripcion mensual netflix,suscripciones
TX-001649,CUST-E0007,  ACC-E0007A ,"Mar 20, 2024",197.33,USD,Tienda Online XYZ,compra online,
TX-000072,CUST-E0001,ACC-E0001A,2024-03-04,49.47,usd,Supermercado Central,compra semanal supermercado,alimentacion
TX-002474,CUST-E0017,ACC-E0017A,"Mar 25, 2024",136.35,USD,  Netflix ,suscripcion mensual netflix,
TX-000472,CUST-E0023,acc-e0023a,"Feb 13, 2024",186.13,usd,Empresa de Luz,factura luz,
TX-002400,CUST-E0040,ACC-E0040B,2024-02-20,65.60,usd,Supermercado Central,compra semanal supermercado,alimentacion
TX-000441,CUST-E0039,ACC-E0039A,07/01/2024,$43.58,US$,,viaje uber,transporte
TX-003605,CUST-E0036,ACC-E0036A,25/01/2024,75.04,USD,Internet Hogar,factura internet,servicios
TX-003609,cust-e0024,  ACC-E0024A ,"Mar 13, 2024",115.16,USD,Netflix,suscripcion mensual netflix,suscripciones
TX-003502,  CUST-E0013 ,ACC-E0013A,27/02/2024,30.43,usd,Estacion Gasolina Sol,,transporte
TX-003821,CUST-E0007,ACC-E0007A,2024-01-03,$72.20,Usd,  Internet Hogar ,factura internet,servicios
TX-002923,cust-e0001,  ACC-E0001A ,2024-03-18,$28.03, usd ,Supermercado Central,compra semanal supermercado,alimentacion
TX-000405,CUST-E0018,ACC-E0018A,2024-02-06,55.09,Usd,Farmacia Salud,medicinas,salud
TX-001097,  CUST-E0009 ,ACC-E0009A,2024-03-13,23.43,US$,Netflix,suscripcion mensual netflix,suscripciones
TX-003328,CUST-E0012,  ACC-E0012A ,"Mar 01, 2024",$189.89,Usd,Estacion Gasolina Sol,gasolina,transporte
TX-001516,CUST-E0039,acc-e0039a,"Feb 25, 2024",$48.33, usd ,Internet Hogar,factura internet,
TX-004021,CUST-E0040,ACC-E0040B,2024-13-45,116.15,US$,Farmacia Salud,medicinas,salud
TX-002871,CUST-E0026,  ACC-E0026A ,2024-01-12,$106.28,US$,Tienda Online XYZ,compra online,compras
TX-002779,CUST-E0006,ACC-E0006A,2024-03-11,209.09,US$,Farmacia Salud,medicinas,salud
TX-000931,CUST-E0004,ACC-E0004A,2024-01-19,$43.11,Dólares,SPOTIFY,suscripcion spotify,suscripciones
TX-003935,CUST-E0026,ACC-E0026A,"Jan 23, 2024",76.57,USD,Internet Hogar,factura internet,servicios
TX-004008,CUST-E0009,ACC-E0009A,"Jan 01, 2024",$69.35,USD,Farmacia Salud,medicinas,salud
TX-002675,CUST-E0015,ACC-E0015A,2024-03-01,31.51,COP,inmobiliaria norte,renta apartamento,
TX-001688,CUST-E0013,  ACC-E0013A ,"Mar 12, 2024",12.99,US$,Empresa de Luz,factura luz,servicios
TX-000410,CUST-E0034,ACC-E0034A,27/02/2024,185.95,USD
TX-000600,,ACC-E0020B,29/01/2024,$78.42,Usd,Empresa de Luz,factura luz,servicios
TX-003128,cust-e0038,ACC-E0038A,30/01/2024,34.47,USD,Spotify,suscripcion spotify,suscripciones
TX-001574,CUST-E0024,ACC-E0024A,"Mar 15, 2024",$221.28,US$,Spotify,suscripcion spotify,suscripciones
TX-003143,CUST-E0032,ACC-E0032A,02/02/2024,211.28,Usd,Tienda Online XYZ,,compras
TX-001310,CUST-E0017,ACC-E0017A,"Feb 16, 2024",117.31, usd ,Spotify,suscripcion spotify,suscripciones
TX-002754,,ACC-E0036A,2024-03-21,30.57,Dólares,Empresa de Luz,factura luz,servicios
TX-002711,CUST-E0017,ACC-E0017A,"Jan 30, 2024",96.87,Usd,Spotify,suscripcion spotify,
TX-000474,cust-e0008,ACC-E0008A,"Jan 05, 2024",$79.47,Usd,FARMACIA SALUD,medicinas,salud
TX-002298,CUST-E0031,ACC-E0031A,2024-01-09,44.76, usd ,Netflix,suscripcion mensual netflix,suscripciones
TX-001469,CUST-E0021,ACC-E0021A,2024-02-16,12.66,Usd,Uber,viaje uber,
TX-000649,,ACC-E0013A,13/02/2024,51.39,Dólares,Estacion Gasolina Sol,gasolina,
TX-003837,CUST-E0004,ACC-E0004A,2024-01-03,16.58,usd,  Estacion Gasolina Sol ,gasolina,transporte
TX-003991,CUST-E0004,ACC-E0004A,"Jan 26, 2024",10.87, usd ,farmacia salud,medicinas,salud
TX-002886,CUST-E0021,ACC-E0021A,"Feb 14, 2024",18.37,usd,Empresa de Luz,factura luz,servicios
TX-003486,CUST-E0012,ACC-E0012A,"Jan 02, 2024",$36.99,USD,,,alimentacion
TX-002482,CUST-E0008,ACC-E0008A,"Jan 19, 2024",$25.21,Usd,  Farmacia Salud ,,salud
TX-002956,CUST-E0039,ACC-E0039A,2024-02-23,$42.28, usd ,Uber,viaje uber,
TX-000063,CUST-E0008,ACC-E0008A,"Mar 15, 2024",$54.45, usd ,Restaurante El Fogon,almuerzo restaurante,alimentacion
TX-001726,CUST-E0028,ACC-E0028A,2024-03-20,296.37,US$,Supermercado Central,compra semanal supermercado,alimentacion
TX-001952,CUST-E0016,  ACC-E0016A ,"Feb 07, 2024",90.09,USD,Internet Hogar,factura internet,servicios
TX-000848,  CUST-E0037 ,ACC-E0037A,"Feb 20, 2024",-59.27,Usd,Internet Hogar,factura internet,servicios
TX-003102,  CUST-E0034 ,ACC-E0034A,25/03/2024,$188.88,Dólares,  Estacion Gasolina Sol ,gasolina,transporte
TX-004256,cust-e0032,ACC-E0032A,2024-01-21,73.96,Dólares,Supermercado Central,compra semanal supermercado,
TX-001970,CUST-E0013,ACC-E0013A,2024-02-10,19.58, usd ,restaurante el fogon,,alimentacion
TX-000659,CUST-E0039,ACC-E0039A,2024-03-27,$38.11, usd ,Supermercado Central,compra semanal supermercado,alimentacion
TX-002214,CUST-E0031,  ACC-E0031A ,11/02/2024,96.69,usd,Netflix,suscripcion mensual netflix,suscripciones
TX-002835,CUST-E0010,ACC-E0010B,"Mar 09, 2024",58.52,US$,Spotify,suscripcion spotify,suscripciones
TX-003832,CUST-E0006,ACC-E0006A,"Mar 08, 2024",114.08,USD,Supermercado Central,compra semanal supermercado,alimentacion
TX-000476,CUST-E0007,ACC-E0007A,13/03/2024,$95.98,USD,Spotify,suscripcion spotify,suscripciones
TX-000215,CUST-E0007,ACC-E0007A,2024-03-22,69.21,usd,Estacion Gasolina Sol,gasolina,transporte
TX-002666,CUST-E0004,ACC-E0004A,"Feb 12, 2024",47.69,US$,Farmacia Salud,medicinas,
TX-003300,  CUST-E0032 ,ACC-E0032A,2024-03-11,54.55,Dólares,Restaurante El Fogon,almuerzo restaurante,alimentacion
TX-003687,CUST-E0013,  ACC-E0013A ,"Feb 05, 2024",45.32,Usd,  Netflix ,,suscripciones
TX-000738,CUST-E0003,ACC-E0003A,"Mar 06, 2024",$12.96,Dólares,Estacion Gasolina Sol,gasolina,transporte
TX-000975,CUST-E0020,ACC-E0020B,03/03/2024,$95.40,US$,Supermercado Central,compra semanal supermercado,alimentacion
TX-003825,CUST-E0005,ACC-E0005A,2024-01-21,-110.20,,Spotify,suscripcion spotify,suscripciones
TX-000116,CUST-E0030,ACC-E0030A,"Mar 11, 2024",11.50,,Supermercado Central,compra semanal supermercado,
TX-000448,CUST-E0001,ACC-E0001A,2024-01-07,223.21,Dólares,Tienda Online XYZ,compra online,compras
TX-001141,CUST-E0005,ACC-E0005B,"Mar 02, 2024",113.00,eur,Netflix,,suscripciones
TX-003386,CUST-E0031,ACC-E0031A,05/01/2024,133.28, usd ,Restaurante El Fogon,almuerzo restaurante,alimentacion
TX-000830,CUST-E0027,ACC-E0027A,28/01/2024,56.86,COP,Farmacia Salud,medicinas,
TX-003974,CUST-E0032,ACC-E0032A,2024-02-01,220.88,Dólares,RESTAURANTE EL FOGON,almuerzo restaurante,
TX-000687,CUST-E0039,  ACC-E0039A ,"Jan 08, 2024",44.41,US$,Estacion Gasolina Sol,gasolina,
TX-001191,CUST-E0008,ACC-E0008A,"Feb 09, 2024",$32.15,Dólares,,medicinas,salud
TX-000437,CUST-E0014,ACC-E0014A,"Jan 25, 2024",46.96,US$,Inmobiliaria Norte,renta apartamento,vivienda
TX-000661,CUST-E0031,ACC-E0031A,"Mar 26, 2024",117.59,usd,Uber,viaje uber,transporte
TX-001759,CUST-E0029,ACC-E0029A,"Mar 22, 2024",65.18,Usd,Restaurante El Fogon,,alimentacion
TX-001776,CUST-E0012,ACC-E0012A,26/02/2024,81.54,Dólares,Restaurante El Fogon,almuerzo restaurante,alimentacion
TX-001542,CUST-E0019,acc-e0019a,2024-02-16,33.74,,Inmobiliaria Norte,renta apartamento,vivienda
TX-000280,CUST-E0027,ACC-E0027A,"Feb 12, 2024",49.13,Pesos,  Estacion Gasolina Sol ,gasolina,transporte
TX-000995,CUST-E0012,ACC-E0012A,"Mar 26, 2024",44.51,Dólares,INMOBILIARIA NORTE,renta apartamento,vivienda
TX-004262,CUST-E0011,ACC-E0011A,24/03/2024,24.15,Usd,Empresa de Luz,factura luz,servicios
TX-002701,  CUST-E0021 ,  ACC-E0021A ,"Jan 31, 2024",$28.71, usd ,Farmacia Salud,medicinas,salud
TX-004001,  CUST-E0017 ,ACC-E0017A,04/02/2024,156.69,US$,Estacion Gasolina Sol,gasolina,transporte
TX-000414,CUST-E0037,  ACC-E0037A ,05/01/2024,$35.90,,Spotify,suscripcion spotify,suscripciones,extra,columnas
TX-000603,CUST-E0031,ACC-E0031A,2024-02-27,421.64,US$,  Restaurante El Fogon ,almuerzo restaurante,alimentacion
TX-003038,CUST-E0002,ACC-E0002A,22/03/2024,4.85,USD,Netflix,suscripcion mensual netflix,
TX-001677,cust-e0020,ACC-E0020A,Jan 02, 2024,206.08
TX-000878,CUST-E0022,ACC-E0022A,"Feb 25, 2024",100.09,Dólares,Empresa de Luz,factura luz,servicios
TX-000202,  CUST-E0002 ,ACC-E0002A,"Jan 02, 2024",23.38,Usd,Farmacia Salud,medicinas,salud
TX-000313,CUST-E0031,ACC-E0031A,"Feb 06, 2024",395.40,US$,  Empresa de Luz ,factura luz,servicios
TX-001060,  CUST-E0037 ,ACC-E0037A,10/02/2024,1476.27,USD,Farmacia Salud,medicinas,salud
TX-003642,CUST-E0004,ACC-E0004A,"Mar 10, 2024",37.35,Dólares,Estacion Gasolina Sol,gasolina,transporte
TX-001772,  CUST-E0036 ,ACC-E0036A,10/01/2024,$25.58,Usd,  Estacion Gasolina Sol ,gasolina,
TX-001355,CUST-E0009,ACC-E0009A,"Mar 21, 2024",36.29,US$,Tienda Online XYZ,compra online,compras
TX-000109,CUST-E0032,  ACC-E0032A ,"Mar 02, 2024",$228.73,US$,Tienda Online XYZ,compra online,compras
TX-003766,CUST-E0040,ACC-E0040B,"Jan 01, 2024",411.88,Dólares,Spotify,suscripcion spotify,suscripciones
TX-000927,CUST-E0015,ACC-E0015B,2024-03-12,20.33,Pesos,Empresa de Luz,factura luz,servicios
TX-001432,  CUST-E0030 ,ACC-E0030A,"Mar 30, 2024",26.04,usd,Estacion Gasolina Sol,gasolina,transporte
TX-003091,CUST-E0011,ACC-E0011A,14/03/2024,22.47, usd ,Restaurante El Fogon,almuerzo restaurante,alimentacion
TX-001059,CUST-E0033,ACC-E0033A,14/01/2024,73.99,Pesos,Restaurante El Fogon,almuerzo restaurante,alimentacion
TX-002164,CUST-E0027,ACC-E0027A,"Mar 03, 2024",$57.72,Pesos,Empresa de Luz,factura luz,
TX-002324,CUST-E0008,ACC-E0008A,12/03/2024,$144.92,Dólares,Spotify,suscripcion spotify,suscripciones
TX-000414,CUST-E0037,  ACC-E0037A ,05/01/2024,$35.90,,Spotify,suscripcion spotify,suscripciones
TX-000364,cust-e0017,acc-e0017a,13/01/2024,203.41, usd ,Internet Hogar,factura internet,
TX-000190,  CUST-E0020 ,ACC-E0020B,2024-01-05,228.32, usd ,Netflix,,
TX-000008,CUST-E0036,ACC-E0036A,01/02/2024,50.79,USD,,viaje uber,
TX-000680,CUST-E0040,ACC-E0040A,"Feb 26, 2024",85.55, usd ,Empresa de Luz,factura luz,servicios
TX-001633,CUST-E0006,ACC-E0006A,30/03/2024,145.52,usd,Netflix,suscripcion mensual netflix,suscripciones
TX-003033,,ACC-E0005A,2024-02-07,81.72,EUR,Uber,viaje uber,transporte
TX-003231,CUST-E0036,  ACC-E0036A ,18/01/2024,34.29, usd ,tienda online xyz,,compras
TX-003738,CUST-E0021,ACC-E0021A,"Feb 12, 2024",20.52,usd,Restaurante El Fogon,,alimentacion
TX-002104,CUST-E0012,acc-e0012a,2024-03-13,110.75,Usd,Internet Hogar,factura internet,servicios
TX-002263,CUST-E0001,ACC-E0001A,2024-03-19,943.96,usd,Supermercado Central,compra semanal supermercado,
TX-003081,CUST-E0015,ACC-E0015B,2024-01-30,43.55,COP,  Supermercado Central ,compra semanal supermercado,alimentacion
TX-000090,CUST-E0030,ACC-E0030A,08/02/2024,19.36, usd ,Restaurante El Fogon,almuerzo restaurante,
TX-001513,CUST-E0014,ACC-E0014A,"Jan 30, 2024",$51.00,Dólares,Netflix,suscripcion mensual netflix,suscripciones
TX-000693,CUST-E0017,ACC-E0017A,2024-01-09,101.49,US$,Supermercado Central,compra semanal supermercado,alimentacion
TX-001594,CUST-E0003,ACC-E0003A,2024-01-22,$6.66, usd ,Farmacia Salud,medicinas,salud
TX-000736,CUST-E0038,ACC-E0038A,"Mar 19, 2024",$22.70,US$,  Estacion Gasolina Sol ,gasolina,transporte
TX-003180,CUST-E0037,ACC-E0037A,2024-03-03,128.55,USD,Farmacia Salud,medicinas,salud
TX-003873,cust-e0037,ACC-E0037A,2024-01-27,77.62,US$,  Netflix ,suscripcion mensual netflix,suscripciones
TX-003437,,acc-e0025a,2024-02-16,$897.86,usd,INTERNET HOGAR,factura internet,
TX-004180,CUST-E0025,ACC-E0025B,"Jan 15, 2024",19.88,Usd,Restaurante El Fogon,almuerzo restaurante,
TX-001751,CUST-E0014,ACC-E0014A,"Mar 09, 2024",132.73,usd,Internet Hogar,factura internet,servicios
TX-003433,  CUST-E0023 ,ACC-E0023A,2024-01-22,$150.91,Usd,  Empresa de Luz ,factura luz,servicios
TX-000756,CUST-E0021,ACC-E0021A,2024-01-19,$17.83,usd,Inmobiliaria Norte,renta apartamento,
TX-003125,CUST-E0030,ACC-E0030A,2024-02-08,24.36,Dólares,Empresa de Luz,factura luz,servicios
TX-003164,CUST-E0002,ACC-E0002A,29/03/2024,$28.10,usd,Netflix,suscripcion mensual netflix,
TX-002989,cust-e0020,ACC-E0020A,"Feb 03, 2024",$124.27,Dólares,  Spotify ,suscripcion spotify,suscripciones
TX-003946,CUST-E0013,ACC-E0013A,2024-01-23,43.15,,ESTACION GASOLINA SOL,gasolina,
TX-002976,CUST-E0014,ACC-E0014A,2024-03-12,$32.74,Dólares,Spotify,suscripcion spotify,suscripciones
TX-001689,CUST-E0035,ACC-E0035B,05/01/2024,97.39,Euros,Inmobiliaria Norte,renta apartamento,vivienda
TX-003063,CUST-E0020,ACC-E0020A,2024-03-25,$167.31, usd ,Tienda Online XYZ,compra online,compras
TX-001471,CUST-E0019,ACC-E0019A,"Jan 03, 2024",58.67,Pesos,EMPRESA DE LUZ,factura luz,servicios
TX-003299,CUST-E0015,ACC-E0015A,"Jan 16, 2024",65.00,cop,  Tienda Online XYZ ,,compras
TX-002596,CUST-E0025,ACC-E0025B,04/02/2024,$180.83,Dólares,  Estacion Gasolina Sol ,gasolina,transporte
TX-001727,CUST-E0016,acc-e0016a,2024-01-21,159.48,Dólares,Uber,viaje uber,transporte
TX-004085,CUST-E0034,ACC-E0034A,2024-03-11,106.11,Dólares,Empresa de Luz,factura luz,servicios
TX-001040,CUST-E0005,ACC-E0005B,02/03/2024,159.97,eur,Inmobiliaria Norte,renta apartamento,vivienda
TX-001904,CUST-E0034,ACC-E0034A,07/01/2024,118.61,Usd,Estacion Gasolina Sol,gasolina,transporte
TX-001135,CUST-E0040,ACC-E0040B,2024-03-09,152.10, usd ,Netflix,,
TX-002695,CUST-E0030,ACC-E0030A,2024-03-06,18.03, usd ,  Farmacia Salud ,medicinas,salud
TX-002499,CUST-E0033,ACC-E0033A,"Jan 04, 2024",40.11,cop,,factura luz,servicios
TX-002198,CUST-E0021,ACC-E0021A,2024-02-15,-13.31,US$,Inmobiliaria Norte,renta apartamento,
TX-001314,CUST-E0031,ACC-E0031A,2024-03-11,63.86,US$,  Farmacia Salud ,medicinas,
TX-000360,CUST-E0006,ACC-E0006A,06/03/2024,89.09,,Inmobiliaria Norte,renta apartamento,vivienda
TX-001684,CUST-E0036,ACC-E0036A,"Mar 23, 2024",$51.22,Usd,Tienda Online XYZ,compra online,
TX-004086,CUST-E0012,ACC-E0012A,"Jan 28, 2024",81.79,US$,Empresa de Luz,factura luz,servicios
TX-003914,CUST-E0040,ACC-E0040B,2024-01-15,$94.68, usd ,FARMACIA SALUD,medicinas,salud
TX-002906,CUST-E0001,ACC-E0001A,"Mar 06, 2024",35.36,usd,Empresa de Luz,,servicios
TX-001861,CUST-E0016,ACC-E0016A,2024-01-20,437.54,usd,spotify,suscripcion spotify,suscripciones
TX-003135,CUST-E0017,ACC-E0017A,2024-01-28,236.14, usd ,Supermercado Central,compra semanal supermercado,
TX-001074,CUST-E0029,ACC-E0029A,"Feb 10, 2024",$675.59,US$,Tienda Online XYZ,compra online,compras
TX-002450,CUST-E0030,ACC-E0030A,2024-03-29,$7.06,Usd,,compra online,compras
TX-001573,CUST-E0009,ACC-E0009A,12/03/2024,$6.94,USD,Netflix,suscripcion mensual netflix,
TX-003749,CUST-E0019,ACC-E0019A,2024-02-25,41.49,Pesos,Restaurante El Fogon,almuerzo restaurante,alimentacion
TX-004155,CUST-E0010,acc-e0010a,"Feb 17, 2024",17.54,US$,Spotify,,suscripciones
TX-000665,CUST-E0040,ACC-E0040A,23/02/2024,8000000,usd,Restaurante El Fogon,,alimentacion
TX-003014,CUST-E0007,ACC-E0007A,25/02/2024,$34.61,usd,Uber,viaje uber,transporte
TX-001249,CUST-E0028,acc-e0028a,02/01/2024,$117.04, usd ,Inmobiliaria Norte,renta apartamento,vivienda
TX-002233,CUST-E0012,acc-e0012a,"Feb 20, 2024",$112.57,usd,Estacion Gasolina Sol,gasolina,transporte
TX-002948,CUST-E0012,  ACC-E0012A ,26/03/2024,83.11, usd ,  Internet Hogar ,factura internet,
TX-002558,CUST-E0004,ACC-E0004A,"Mar 22, 2024",29.39, usd ,Empresa de Luz,factura luz,servicios
TX-002988,CUST-E0009,ACC-E0009A,2024-02-17,20.36,Usd,Spotify,suscripcion spotify,suscripciones
TX-001041,CUST-E0022,ACC-E0022A,2024-01-01,267.75,USD,supermercado central,compra semanal supermercado,alimentacion
TX-004263,CUST-E0029,ACC-E0029A,21/03/2024,230.79,Dólares,Restaurante El Fogon,almuerzo restaurante,
TX-003306,CUST-E0009,ACC-E0009A,,40.63, usd ,Tienda Online XYZ,,compras
TX-003074,CUST-E0028,ACC-E0028A,"Feb 15, 2024",187.74,Dólares,Farmacia Salud,medicinas,salud
TX-001624,CUST-E0010,ACC-E0010B,2024-01-28,38.46,USD,Farmacia Salud,medicinas,salud
TX-002350,CUST-E0019,ACC-E0019A,"Jan 31, 2024",1040.20,Pesos,Supermercado Central,compra semanal supermercado,alimentacion
TX-001095,CUST-E0004,ACC-E0004A,"Feb 17, 2024",19.01,Dólares,Empresa de Luz,factura luz,servicios
TX-001778,CUST-E0034,ACC-E0034A,2024-02-18,151.71,Usd,Farmacia Salud,medicinas,salud
TX-002156,CUST-E0015,ACC-E0015A,2024-02-23,47.66,COP,Empresa de Luz,factura luz,servicios
TX-001503,CUST-E0029,acc-e0029a,"Jan 27, 2024",130.37,Usd,estacion gasolina sol,gasolina,
TX-000821,CUST-E0020,ACC-E0020A,2024-02-06,$148.19,USD,Restaurante El Fogon,almuerzo restaurante,alimentacion
TX-003761,,ACC-E0037A,04/02/2024,$217.44,US$,,compra online,
TX-002045,CUST-E0002,ACC-E0002A,"Feb 07, 2024",17.67,Dólares,Empresa de Luz,factura luz,servicios
TX-001763,CUST-E0011,ACC-E0011A,02/02/2024,$14.62,Dólares,tienda online xyz,compra online,
TX-003948,CUST-E0001,ACC-E0001A,2024-01-18,119.97,usd,Supermercado Central,compra semanal supermercado,alimentacion
TX-000074,CUST-E0024,ACC-E0024A,2024-03-10,129.65, usd ,Spotify,suscripcion spotify,suscripciones
TX-003959,CUST-E0033,ACC-E0033A,03/01/2024,$647.53,cop,Netflix,suscripcion mensual netflix,suscripciones
TX-001243,CUST-E0033,ACC-E0033A,01/02/2024,48.48,COP,Farmacia Salud,medicinas,salud
TX-002025,CUST-E0040,ACC-E0040A,2024-03-23,26.58,Dólares,Netflix,suscripcion mensual netflix,suscripciones
TX-001994,CUST-E0015,ACC-E0015B,23/03/2024,38.95,cop,Restaurante El Fogon,almuerzo restaurante,
TX-000178,CUST-E0021,ACC-E0021A,"Mar 15, 2024",$13.71, usd ,Internet Hogar,factura internet,servicios
TX-000506,CUST-E0021,ACC-E0021A,06/03/2024,46.27, usd ,Netflix,suscripcion mensual netflix,suscripciones
TX-003926,CUST-E0037,ACC-E0037A,20/02/2024,$107.45,US$,Estacion Gasolina Sol,gasolina,transporte
TX-003557,CUST-E0026,ACC-E0026A,2024-02-21,76.88,Dólares,FARMACIA SALUD,medicinas,salud
TX-000404,cust-e0010,ACC-E0010A,2024-02-07,8.67, usd ,Empresa de Luz,factura luz,servicios
TX-001767,  CUST-E0020 ,ACC-E0020B,2024-01-28,60.77, usd ,Internet Hogar,factura internet,servicios
TX-002069,CUST-E0014,ACC-E0014A,"Jan 18, 2024",97.16,usd,SUPERMERCADO CENTRAL,compra semanal supermercado,
TX-000239,CUST-E0025,  ACC-E0025A ,"Mar 20, 2024",$25.20,usd,Inmobiliaria Norte,renta apartamento,
TX-001239,  CUST-E0019 ,ACC-E0019A,2024-01-10,$52.51,,Spotify,suscripcion spotify,suscripciones
TX-000688,CUST-E0022,ACC-E0022A,2024-03-20,183.74,USD,Spotify,suscripcion spotify,
TX-002856,CUST-E0024,  ACC-E0024A ,2024-02-13,188.09,US$,Supermercado Central,compra semanal supermercado,alimentacion
TX-002146,  CUST-E0022 ,  ACC-E0022A ,"Mar 06, 2024",51.93,Usd,  Inmobiliaria Norte ,renta apartamento,
TX-002022,cust-e0005,ACC-E0005B,16/03/2024,$45.90,EUR,Restaurante El Fogon,almuerzo restaurante,alimentacion
TX-001555,CUST-E0014,ACC-E0014A,"Mar 01, 2024",312.70,Usd,Tienda Online XYZ,compra online,compras
TX-003206,CUST-E0013,ACC-E0013A,27/01/2024,73.10,Dólares,Restaurante El Fogon,almuerzo restaurante,alimentacion
TX-001661,  CUST-E0007 ,ACC-E0007A,2024-03-19,141.22,usd,Uber,viaje uber,transporte
TX-003755,CUST-E0037,ACC-E0037A,"Feb 09, 2024",63.18,USD,Empresa de Luz,factura luz,servicios
TX-002966,cust-e0012,ACC-E0012A,2024-01-02,-62.37,Usd,Spotify,,suscripciones
TX-002139,CUST-E0031,  ACC-E0031A ,2024-02-05,$126.47,usd,Inmobiliaria Norte,,vivienda
TX-002932,  CUST-E0037 ,ACC-E0037A,2024-02-16,$120.40,XYZ,Uber,,transporte
TX-001465,CUST-E0038,ACC-E0038A,2024-01-29,36.26,Dólares,Restaurante El Fogon,almuerzo restaurante,alimentacion
TX-000359,CUST-E0036,ACC-E0036A,2024-02-14,$739.41,usd,Supermercado Central,compra semanal supermercado,alimentacion
TX-003111,CUST-E0038,ACC-E0038A,"Mar 16, 2024",$39.61,USD,Spotify,suscripcion spotify,suscripciones
TX-002986,,  ACC-E0023A ,"Mar 19, 2024",226.53,usd,ESTACION GASOLINA SOL,gasolina,transporte
TX-003325,CUST-E0016,  ACC-E0016A ,24/01/2024,154.78,US$,Netflix,,suscripciones
TX-000732,CUST-E0026,ACC-E0026A,2024-02-01,114.92,usd,Empresa de Luz,factura luz,servicios
TX-002430,CUST-E0027,ACC-E0027A,2024-01-10,$43.99,,Spotify,suscripcion spotify,suscripciones
TX-002258,CUST-E0038,ACC-E0038A,31/02/2024,33.53, usd ,Estacion Gasolina Sol,gasolina,
TX-000410,CUST-E0034,ACC-E0034A,27/02/2024,185.95,USD,Tienda Online XYZ,compra online,compras
TX-001138,CUST-E0028,  ACC-E0028A ,"Jan 07, 2024",70.18, usd ,Supermercado Central,compra semanal supermercado,alimentacion
TX-001119,CUST-E0019,ACC-E0019A,"Feb 27, 2024",133.42,COP,Uber,viaje uber,transporte
TX-000094,,  ACC-E0027A ,"Jan 21, 2024",32.76,COP,Empresa de Luz,factura luz,servicios
TX-000893,CUST-E0029,ACC-E0029A,"Jan 31, 2024",125.92,US$,Empresa de Luz,factura luz,servicios
TX-002338,CUST-E0024,ACC-E0024A,"Feb 12, 2024",243.29, usd ,Farmacia Salud,medicinas,
TX-002678,CUST-E0017,ACC-E0017A,07/02/2024,$67.55,US$,SPOTIFY,suscripcion spotify,suscripciones
TX-003115,CUST-E0011,ACC-E0011A,30/01/2024,15.08,Usd,  Internet Hogar ,factura internet,servicios
TX-001610,cust-e0006,ACC-E0006A,"Jan 10, 2024",152.13,Dólares,Restaurante El Fogon,almuerzo restaurante,
TX-000584,CUST-E0015,ACC-E0015A,"Jan 15, 2024",35.63,COP,Spotify,,suscripciones
TX-000415,CUST-E0039,ACC-E0039A,2024-02-01,17.00,Dólares,Internet Hogar,factura internet,servicios
TX-004022,CUST-E0008,acc-e0008a,09/02/2024,$87.23,USD,Inmobiliaria Norte,renta apartamento,vivienda
TX-004093,CUST-E0014,ACC-E0014A,13/03/2024,"$9,999,999.99",US$,Uber,viaje uber,transporte
TX-004130,CUST-E0021,ACC-E0021A,2024-01-05,$9.72,US$,Internet Hogar,factura internet,servicios
TX-000245,CUST-E0039,ACC-E0039A,09/03/2024,15.36,USD,Netflix,suscripcion mensual netflix,suscripciones
TX-000461,  CUST-E0036 ,ACC-E0036A,2024-01-18,18.94,Dólares,Inmobiliaria Norte,renta apartamento,vivienda
TX-001833,  CUST-E0030 ,ACC-E0030B,22/03/2024,$136.10,USD,inmobiliaria norte,renta apartamento,vivienda
TX-001052,CUST-E0032,ACC-E0032A,2024-01-03,89.39,USD,Tienda Online XYZ,compra online,
TX-001184,cust-e0002,  ACC-E0002A ,"Jan 18, 2024",$44.26,USD,Estacion Gasolina Sol,gasolina,transporte
TX-003245,CUST-E0026,ACC-E0026A,17/01/2024,$65.90, usd ,Supermercado Central,compra semanal supermercado,alimentacion
TX-001428,CUST-E0006,ACC-E0006A,2024-03-22,USD,usd,,suscripcion spotify,suscripciones
TX-002984,CUST-E0008,ACC-E0008A,"Jan 22, 2024",$63.71,USD,,renta apartamento,vivienda
TX-001742,CUST-E0010,ACC-E0010B,08/03/2024,$21.15,Usd,Supermercado Central,compra semanal supermercado,alimentacion
TX-000818,CUST-E0005,ACC-E0005A,05/02/2024,193.64,,SPOTIFY,suscripcion spotify,suscripciones
TX-003275,cust-e0022,ACC-E0022A,28/03/2024,$164.67,usd,Supermercado Central,compra semanal supermercado,alimentacion
TX-000358,CUST-E0022,ACC-E0022A,22/02/2024,$89.17, usd ,Tienda Online XYZ,compra online,
TX-000318,CUST-E0001,ACC-E0001A,07/03/2024,106.54,US$,Farmacia Salud,medicinas,
TX-002422,  CUST-E0008 ,ACC-E0008A,"Jan 30, 2024",57.31,Usd,Supermercado Central,compra semanal supermercado,alimentacion
TX-001151,CUST-E0033,  ACC-E0033A ,04/03/2024,40.66,Pesos,Uber,viaje uber,transporte
TX-004233,CUST-E0002,ACC-E0002A,05/02/2024,$16.56, usd ,Farmacia Salud,medicinas,
TX-002209,  CUST-E0014 ,ACC-E0014A,2024-01-20,38.80,Usd,Internet Hogar,factura internet,servicios
TX-003149,CUST-E0003,ACC-E0003A,2024-03-18,8.82,Usd,Internet Hogar,factura internet,servicios
TX-001214,CUST-E0027,ACC-E0027A,2024-02-13,29.87,COP,ESTACION GASOLINA SOL,gasolina,transporte
TX-003034,CUST-E0001,ACC-E0001A,18/02/2024,74.26, usd ,EMPRESA DE LUZ,factura luz,servicios
TX-001354,CUST-E0003,ACC-E0003A,"Mar 17, 2024",$19.56,Dólares,Restaurante El Fogon,almuerzo restaurante,
TX-004129,CUST-E0002,ACC-E0002A,"Feb 04, 2024",19.99,Usd,  Uber ,,transporte
TX-001540,CUST-E0036,  ACC-E0036A ,"Jan 18, 2024",101.59,usd,TIENDA ONLINE XYZ,compra online,compras
TX-003520,CUST-E0019
TX-003064,CUST-E0036,ACC-E0036A,2024-02-13,$982.27,Usd,Inmobiliaria Norte,renta apartamento,vivienda
TX-002722,CUST-E0006,ACC-E0006A,2024-02-14,216.91, usd ,  Internet Hogar ,factura internet,servicios
TX-003684,CUST-E0007,  ACC-E0007A ,27/01/2024,96.00,US$,  Spotify ,suscripcion spotify,suscripciones
TX-003414,CUST-E0001,ACC-E0001A,07/01/2024,$165.28,Dólares,TIENDA ONLINE XYZ,compra online,compras
TX-002681,  CUST-E0014 ,ACC-E0014A,2024-01-21,82.48,usd,ESTACION GASOLINA SOL,gasolina,transporte
TX-002105,CUST-E0033,ACC-E0033A,"Mar 18, 2024",38.32,Pesos,Uber,viaje uber,
TX-002355,CUST-E0017,ACC-E0017A,"Feb 17, 2024",105.30,Dólares,Netflix,suscripcion mensual netflix,suscripciones
TX-003343,CUST-E0029,ACC-E0029A,20/02/2024,$123.21, usd ,Farmacia Salud,medicinas,salud
TX-000681,CUST-E0001,ACC-E0001A,2024-02-04,$31.06,Dólares,Farmacia Salud,medicinas,
TX-002073,CUST-E0022,ACC-E0022A,17/02/2024,$199.42,Usd,Tienda Online XYZ,compra online,compras
TX-002617,  CUST-E0004 ,ACC-E0004A,"Jan 01, 2024",27.96,USD,Farmacia Salud,medicinas,salud
TX-000348,cust-e0017,ACC-E0017A,2024-03-08,63.90, usd ,Internet Hogar,,servicios
TX-003549,CUST-E0032,ACC-E0032A,2024-02-20,$72.87, usd ,Empresa de Luz,factura luz,servicios
TX-000376,CUST-E0002,acc-e0002a,"Jan 11, 2024",22.79,Dólares,Estacion Gasolina Sol,gasolina,
TX-002103,  CUST-E0014 ,ACC-E0014A,2024-02-03,195.54,US$,Supermercado Central,compra semanal supermercado,
TX-001507,cust-e0019,acc-e0019a,2024-03-02,67.08,cop,INMOBILIARIA NORTE,renta apartamento,vivienda
TX-003050,CUST-E0009,  ACC-E0009A ,24/03/2024,20.94,Dólares,  Inmobiliaria Norte ,renta apartamento,
TX-002149,CUST-E0027,ACC-E0027A,2024-03-27,$32.74,cop,  Inmobiliaria Norte ,renta apartamento,vivienda
TX-003512,CUST-E0010,ACC-E0010B,"Jan 29, 2024",$15.04,Dólares,  Empresa de Luz ,factura luz,servicios
TX-002775,CUST-E0021,ACC-E0021A,"Feb 27, 2024",$12.97,US$,SPOTIFY,suscripcion spotify,
TX-002887,CUST-E0011,ACC-E0011A,08/03/2024,$10.05,US$,Inmobiliaria Norte,renta apartamento,vivienda
TX-003378,CUST-E0033,ACC-E0033A,2024-01-13,$59.24,Pesos,Estacion Gasolina Sol,,transporte
TX-002883,CUST-E0029,ACC-E0029A,"Mar 23, 2024",$154.07,US$,,gasolina,transporte
TX-000799,CUST-E0009,ACC-E0009A,"Feb 18, 2024",17.24,USD,Empresa de Luz,factura luz,servicios
TX-002706,CUST-E0006,ACC-E0006A,26/01/2024,$723.28,Dólares,Estacion Gasolina Sol,gasolina,transporte
TX-000743,CUST-E0022,ACC-E0022A,"Jan 21, 2024",92.13,Dólares,Internet Hogar,factura internet,servicios
TX-003962,CUST-E0002,ACC-E0002A,17/01/2024,$35.98,Dólares,Inmobiliaria Norte,renta apartamento,vivienda
TX-003242,  CUST-E0011 ,  ACC-E0011A ,2024-02-15,26.00,usd,Uber,viaje uber,
TX-001404,CUST-E0027,  ACC-E0027A ,2024-02-28,$76.90,cop,Restaurante El Fogon,almuerzo restaurante,alimentacion
TX-003658,CUST-E0017,ACC-E0017A,"Mar 15, 2024",$201.19,US$,Netflix,suscripcion mensual netflix,
TX-003197,cust-e0032,ACC-E0032A,2024-01-05,107.99,Usd,Farmacia Salud,medicinas,salud
TX-003421,CUST-E0028,ACC-E0028A,"Jan 27, 2024",120.67,US$,Supermercado Central,compra semanal supermercado,
TX-000373,CUST-E0038,ACC-E0038A,2024-02-06,18.25,Dólares,Estacion Gasolina Sol,gasolina,transporte
TX-000224,CUST-E0036,ACC-E0036A,06/01/2024,67.33,US$,Empresa de Luz,factura luz,servicios
TX-003506,CUST-E0029,ACC-E0029A,"Jan 10, 2024",$230.52,,  Spotify ,suscripcion spotify,suscripciones
TX-001315,CUST-E0037,ACC-E0037A,04/01/2024,114.63,Usd,Empresa de Luz,factura luz,servicios
TX-002008,CUST-E0012,ACC-E0012A,2024-01-11,62.85,Dólares,Inmobiliaria Norte,renta apartamento,vivienda
TX-002817,CUST-E0005,ACC-E0005A,18/03/2024,1006.76,Euros,Farmacia Salud,medicinas,salud
TX-002319,CUST-E0020,ACC-E0020A,"Feb 20, 2024",64.33,usd,Restaurante El Fogon,almuerzo restaurante,alimentacion
TX-003208,CUST-E0021,ACC-E0021A,2024-01-03,42.68, usd ,TIENDA ONLINE XYZ,compra online,compras
TX-000176,CUST-E0028,ACC-E0028A,03/02/2024,222.86, usd ,Spotify,,suscripciones
TX-002699,  CUST-E0014 ,ACC-E0014A,"Jan 26, 2024",$78.72,USD,Farmacia Salud,medicinas,salud
TX-000352,CUST-E0008,ACC-E0008A,05/03/2024,121.27,,,renta apartamento,vivienda
TX-002637,CUST-E0021,  ACC-E0021A ,23/02/2024,38.93,US$,Empresa de Luz,factura luz,servicios
TX-000111,CUST-E0024,  ACC-E0024A ,"Mar 28, 2024",200.72,USD,Tienda Online XYZ,compra online,
TX-001499,  CUST-E0039 ,ACC-E0039A,2024-01-01,31.20,Usd,  Restaurante El Fogon ,almuerzo restaurante,alimentacion
TX-000428,CUST-E0006,ACC-E0006A,"Mar 04, 2024",$322.04,USD,FARMACIA SALUD,medicinas,salud
TX-003209,cust-e0029,ACC-E0029A,12/01/2024,63.66, usd ,Estacion Gasolina Sol,gasolina,transporte
TX-002903,cust-e0024,ACC-E0024A,2024-01-19,"$2,201.99",usd,supermercado central,compra semanal supermercado,alimentacion
TX-000086,  CUST-E0021 ,ACC-E0021A,21/02/2024,$9.81, usd ,restaurante el fogon,almuerzo restaurante,alimentacion
TX-001814,CUST-E0006,ACC-E0006A,2024-03-27,36.75,usd,Tienda Online XYZ,compra online,compras
TX-002033,CUST-E0025,ACC-E0025B,24/01/2024,$17.35,XYZ,ESTACION GASOLINA SOL,gasolina,transporte
TX-003243,CUST-E0028,ACC-E0028A,"Jan 23, 2024",68.04,usd,Restaurante El Fogon,almuerzo restaurante,alimentacion
TX-001932,CUST-E0018,ACC-E0018A,"Jan 19, 2024",59.96,USD,  Restaurante El Fogon ,almuerzo restaurante,alimentacion
TX-002755,CUST-E0022,ACC-E0022A,16/02/2024,139.95,Usd,Restaurante El Fogon,almuerzo restaurante,
TX-000861,CUST-E0039,ACC-E0039A,2024-03-29,118.77,USD,Estacion Gasolina Sol,,transporte
TX-000590,CUST-E0016,ACC-E0016A,"Jan 20, 2024",$123.81,usd,Netflix,suscripcion mensual netflix,
TX-000456,CUST-E0034,ACC-E0034A,2024-02-05,327.91,Usd,Restaurante El Fogon,almuerzo restaurante,alimentacion
TX-001460,CUST-E0021,ACC-E0021A,2024-02-16,14.50, usd ,Internet Hogar,factura internet,
TX-000230,CUST-E0007,ACC-E0007A,"Jan 04, 2024",$41.86, usd ,Tienda Online XYZ,,
TX-003994,CUST-E0008,ACC-E0008A,2024-02-09,140.07,Usd,uber,viaje uber,
TX-000013,  CUST-E0034 ,  ACC-E0034A ,2024-01-05,228.21,USD,Estacion Gasolina Sol,gasolina,transporte
TX-001388,CUST-E0008,  ACC-E0008A ,"Mar 23, 2024",71.32, usd ,Netflix,suscripcion mensual netflix,suscripciones
TX-002909,CUST-E0006,ACC-E0006A,07/03/2024,$62.95,US$,SPOTIFY,suscripcion spotify,suscripciones
TX-000613,CUST-E0005,ACC-E0005A,15/02/2024,56.05,eur,Uber,viaje uber,transporte
TX-001362,CUST-E0025,ACC-E0025B,2024-02-23,$70.31,US$,Supermercado Central,compra semanal supermercado,
TX-001613,CUST-E0013,ACC-E0013A,06/01/2024,$89.37,Dólares,Internet Hogar,factura internet,servicios
TX-001921,CUST-E0037,ACC-E0037A,2024-03-11,29.49,Dólares,,almuerzo restaurante,alimentacion
TX-001666,CUST-E0037,ACC-E0037A,2024-03-14,40.40,Usd,Estacion Gasolina Sol,gasolina,transporte
TX-001686,CUST-E0008,ACC-E0008A,"Feb 28, 2024",62.03,Dólares,Internet Hogar,factura internet,servicios
TX-000451,  CUST-E0033 ,ACC-E0033A,06/03/2024,93.40,COP,Restaurante El Fogon,almuerzo restaurante,alimentacion
TX-004079,CUST-E0012,ACC-E0012A,"Mar 28, 2024",61.82,Dólares,Restaurante El Fogon,almuerzo restaurante,alimentacion
TX-002130,CUST-E0032
TX-000992,CUST-E0026,acc-e0026a,14/02/2024,17.80,usd,Tienda Online XYZ,compra online,compras
TX-003055,CUST-E0020,ACC-E0020B,2024-01-05,105.41, usd ,Inmobiliaria Norte,renta apartamento,
TX-001271,CUST-E0020,ACC-E0020B,2024-03-30,$254.55,Dólares,Restaurante El Fogon,almuerzo restaurante,
TX-001113,  CUST-E0038 ,ACC-E0038A,18/03/2024,12.83,USD,spotify,suscripcion spotify,suscripciones
TX-000164,CUST-E0018,ACC-E0018A,"Jan 16, 2024",79.88, usd ,Supermercado Central,compra semanal supermercado,
TX-000530,CUST-E0015,ACC-E0015A,2024-03-17,25.99,cop,  Supermercado Central ,compra semanal supermercado,
TX-003572,CUST-E0034,ACC-E0034A,2024-02-14,264.83,Usd,Spotify,suscripcion spotify,
TX-001251,CUST-E0024,acc-e0024a,04/03/2024,213.60,US$,Netflix,suscripcion mensual netflix,suscripciones
TX-000798,CUST-E0023,ACC-E0023A,21/01/2024,99.60, usd ,,almuerzo restaurante,alimentacion
TX-002595,CUST-E0020,ACC-E0020A,07/02/2024,263.60,Dólares,Internet Hogar,factura internet,servicios
TX-002870,CUST-E0029,ACC-E0029A,02/01/2024,$132.85,US$,Empresa de Luz,factura luz,servicios
TX-001522,CUST-E0029,ACC-E0029A,14/01/2024,168.95,Dólares,Farmacia Salud,medicinas,salud
TX-001278,  CUST-E0008 ,ACC-E0008A,"Jan 08, 2024",26.61,Dólares,Restaurante El Fogon,almuerzo restaurante,alimentacion
TX-001775,CUST-E0007,ACC-E0007A,2024-01-21,$53.57,US$,empresa de luz,factura luz,
TX-002205,CUST-E0016,ACC-E0016A,22/02/2024,317.79,US$,,almuerzo restaurante,alimentacion
TX-002964,CUST-E0036,ACC-E0036A,2024-01-16,$17.47, usd ,  Inmobiliaria Norte ,renta apartamento,vivienda
TX-004138,CUST-E0008,ACC-E0008A,2024-03-09,108.77,Usd,Restaurante El Fogon,almuerzo restaurante,
TX-001017,CUST-E0036,ACC-E0036A,2024-01-21,,Usd,spotify,,suscripciones
TX-003315,CUST-E0035,ACC-E0035A,21/01/2024,127.81,Euros,Estacion Gasolina Sol,gasolina,transporte
TX-001834,CUST-E0007,ACC-E0007A,10/02/2024,49.27,Dólares,Netflix,suscripcion mensual netflix,suscripciones
TX-001190,,ACC-E0029A,2024-01-20,111.66,Usd,Farmacia Salud,medicinas,salud
TX-003895,CUST-E0007,acc-e0007a,03/03/2024,59.20, usd ,Farmacia Salud,medicinas,salud
TX-003819,CUST-E0014,ACC-E0014A,2024-02-08,$52.53,usd,Netflix,suscripcion mensual netflix,suscripciones
TX-001734,CUST-E0029,ACC-E0029A,08/02/2024,abc,Dólares,Uber,viaje uber,transporte
TX-001045,CUST-E0011,ACC-E0011A,2024-01-19,47.76,USD,Internet Hogar,factura internet,
TX-002838,CUST-E0026,ACC-E0026A,2024-01-26,48.65,USD,,suscripcion mensual netflix,suscripciones
TX-000143,CUST-E0003,ACC-E0003A,29/02/2024,$11.24,usd,Empresa de Luz,factura luz,servicios
TX-000668,CUST-E0019,ACC-E0019A,"Feb 04, 2024",67.03,cop,tienda online xyz,compra online,compras
TX-001539,CUST-E0001,ACC-E0001A,"Jan 06, 2024",89.97,usd,TIENDA ONLINE XYZ,compra online,compras
TX-001101,CUST-E0024,  ACC-E0024A ,01/01/2024,128.56,Usd,Supermercado Central,compra semanal supermercado,alimentacion
TX-001120,CUST-E0018,acc-e0018a,2024-01-02,96.30,usd,Farmacia Salud,medicinas,salud
TX-000760,CUST-E0003,acc-e0003a,2024-01-18,18.26,US$,Inmobiliaria Norte,renta apartamento,vivienda
TX-002219,CUST-E0010,  ACC-E0010B ,"Feb 12, 2024",,Usd,Spotify,suscripcion spotify,
TX-001885,cust-e0035,ACC-E0035A,2024-01-12,$151.07,eur,Supermercado Central,compra semanal supermercado,alimentacion
TX-002815,  CUST-E0035 ,ACC-E0035A,2024-02-09,333.52,eur,Inmobiliaria Norte,renta apartamento,vivienda
TX-001288,CUST-E0013,ACC-E0013A,"Jan 02, 2024",27.66,USD,Farmacia Salud,medicinas,salud
TX-002697,CUST-E0013,  ACC-E0013A ,08/01/2024,48.77,Usd,,medicinas,salud
TX-000148,CUST-E0022,ACC-E0022A,"Jan 22, 2024",$135.21,usd,Supermercado Central,compra semanal supermercado,alimentacion
TX-000835,CUST-E0011,ACC-E0011A,"Feb 14, 2024",26.27,Usd,netflix,suscripcion mensual netflix,suscripciones
TX-001488,CUST-E0012,  ACC-E0012A ,2024-03-19,116.15,USD,Tienda Online XYZ,compra online,compras
TX-002453,CUST-E0014,ACC-E0014A,26/02/2024,39.83,US$,Spotify,suscripcion spotify,suscripciones
TX-000331,CUST-E0011,ACC-E0011A,2024-01-23,30.93,USD,Tienda Online XYZ,compra online,compras
TX-003880,CUST-E0026,ACC-E0026A,2024-02-14,$156.46,US$,Spotify,suscripcion spotify,suscripciones
TX-000389,CUST-E0037,  ACC-E0037A ,2024-03-17,$95.21,US$,Estacion Gasolina Sol,gasolina,transporte
TX-002204,CUST-E0032,ACC-E0032A,14/02/2024,258.27,,Tienda Online XYZ,compra online,compras
TX-002591,cust-e0040,ACC-E0040B,2024-02-11,120.82,,Estacion Gasolina Sol,gasolina,transporte
TX-004253,CUST-E0009,ACC-E0009A,"Jan 01, 2024",$69.35,USD,Farmacia Salud,medicinas,salud
TX-001862,CUST-E0038,ACC-E0038A,2024-02-11,$44.93,US$,Netflix,suscripcion mensual netflix,suscripciones
TX-003283,CUST-E0008,ACC-E0008A,2024-02-05,73.97,Usd,Uber,,transporte
TX-004159,CUST-E0028,ACC-E0028A,08/03/2024,86.85,Usd,NETFLIX,suscripcion mensual netflix,suscripciones
TX-001721,cust-e0021,ACC-E0021A,"Jan 03, 2024",20.36, usd ,restaurante el fogon,almuerzo restaurante,alimentacion
TX-002432,  CUST-E0009 ,ACC-E0009A,"Feb 05, 2024",8000000,usd,Spotify,,suscripciones
TX-001336,CUST-E0022,ACC-E0022A,2024-01-26,165.71,US$,Estacion Gasolina Sol,gasolina,transporte
TX-001475,CUST-E0033,ACC-E0033A,26/01/2024,37.14,COP,Supermercado Central,compra semanal supermercado,
TX-000605,CUST-E0015,ACC-E0015A,05/03/2024,37.14,Pesos,Inmobiliaria Norte,renta apartamento,vivienda
TX-002280,CUST-E0026,ACC-E0026A,14/02/2024,96.23,usd,SUPERMERCADO CENTRAL,compra semanal supermercado,alimentacion
TX-000251,  CUST-E0036 ,ACC-E0036A,2024-03-15,$16.73, usd ,  Spotify ,suscripcion spotify,
TX-001674,CUST-E0025,ACC-E0025B,2024-01-21,$25.59,Usd,Empresa de Luz,factura luz,servicios
TX-001155,CUST-E0030,ACC-E0030A,"Jan 17, 2024",14.32,USD,Farmacia Salud,medicinas,salud
TX-002629,CUST-E0004,ACC-E0004A,2024-03-28,34.97,Usd,Internet Hogar,factura internet,servicios
TX-002140,CUST-E0033,ACC-E0033A,"Feb 19, 2024",19.20,Pesos,Internet Hogar,factura internet,servicios
TX-000204,cust-e0004,acc-e0004a,20/02/2024,79.11, usd ,Farmacia Salud,medicinas,
TX-001638,CUST-E0012,ACC-E0012A,2024-02-29,36.89,USD,TIENDA ONLINE XYZ,compra online,compras
TX-002440,CUST-E0039,ACC-E0039A,2024-01-08,82.28,US$,Farmacia Salud,medicinas,salud
TX-003148,  CUST-E0026 ,ACC-E0026A,16/01/2024,$46.89,Usd,Empresa de Luz,factura luz,servicios
TX-000781,CUST-E0010,ACC-E0010B,2024-03-14,16.01, usd ,Supermercado Central,,alimentacion
TX-001241,CUST-E0020,  ACC-E0020A ,2024-03-24,$455.88, usd ,Uber,viaje uber,transporte
TX-001330,  CUST-E0028 ,  ACC-E0028A ,"Mar 08, 2024",186.23,Dólares,spotify,suscripcion spotify,
TX-000029,CUST-E0040,ACC-E0040A,"Jan 13, 2024",80.23,USD,Uber,,transporte
TX-001171,CUST-E0005,ACC-E0005A,,191.32,EUR,Restaurante El Fogon,almuerzo restaurante,alimentacion
TX-004068,CUST-E0021,  ACC-E0021A ,16/02/2024,$31.09,USD,Estacion Gasolina Sol,gasolina,transporte
TX-000987,  CUST-E0037 ,ACC-E0037A,16/01/2024,74.97,usd,Spotify,suscripcion spotify,suscripciones
TX-000021,CUST-E0002,ACC-E0002A,2024-03-17,$21.08, usd ,Restaurante El Fogon,almuerzo restaurante,alimentacion
TX-000885,,ACC-E0034A,"Feb 20, 2024",$225.93,Dólares,Tienda Online XYZ,compra online,compras
TX-003533,CUST-E0034,  ACC-E0034A ,06/01/2024,295.61,US$,Empresa de Luz,factura luz,servicios
TX-000650,CUST-E0015,ACC-E0015B,10/03/2024,61.08,COP,N/A,renta apartamento,vivienda
TX-002408,CUST-E0033,ACC-E0033A,24/01/2024,17.26,COP,Internet Hogar,factura internet,servicios
TX-000362,CUST-E0028,  ACC-E0028A ,2024-02-01,81.51, usd ,Tienda Online XYZ,compra online,compras
TX-000541,CUST-E0001,ACC-E0001A,28/03/2024,"3,933.79",usd,Farmacia Salud,medicinas,salud
TX-000108,CUST-E0004,ACC-E0004A,2024-02-16,202.86,Usd,  Spotify ,suscripcion spotify,suscripciones
TX-000295,CUST-E0005,ACC-E0005B,2024-02-08,$204.88,Euros,Supermercado Central,compra semanal supermercado,alimentacion
TX-003656,CUST-E0031,ACC-E0031A,"Mar 26, 2024",$103.60,US$,Restaurante El Fogon,almuerzo restaurante,alimentacion
TX-001757,CUST-E0020,ACC-E0020B,05/02/2024,$185.34,Dólares,  Spotify ,suscripcion spotify,suscripciones
TX-003130,CUST-E0026,ACC-E0026A,"Feb 01, 2024",$23.00,usd,Inmobiliaria Norte,renta apartamento,vivienda
TX-000796,  CUST-E0026 ,ACC-E0026A,2024-03-05,30.80,??,Empresa de Luz,factura luz,servicios
TX-002845,CUST-E0010,ACC-E0010B,21/02/2024,13.26, usd ,  Inmobiliaria Norte ,renta apartamento,vivienda
TX-000757,  CUST-E0021 ,ACC-E0021A,20/02/2024,$19.06,Usd,Empresa de Luz,factura luz,servicios
TX-003434,CUST-E0037,ACC-E0037A,2024-01-22,$107.55,US$,Tienda Online XYZ,compra online,
TX-003869,CUST-E0013,ACC-E0013A,19/03/2024,$40.39,XYZ,,factura internet,servicios
TX-000895,CUST-E0016,ACC-E0016A,28/02/2024,233.63,US$,Supermercado Central,compra semanal supermercado,alimentacion
TX-000859,CUST-E0002,acc-e0002a,2024-01-05,22.19,Usd,Empresa de Luz,factura luz,
TX-001662,CUST-E0025,ACC-E0025A,"Mar 11, 2024",$95.25, usd ,inmobiliaria norte,renta apartamento,vivienda
TX-003146,  CUST-E0006 ,ACC-E0006A,16/03/2024,, usd ,Spotify,suscripcion spotify,suscripciones
TX-001137,CUST-E0014,ACC-E0014A,2024-01-10,256.30,Usd,Tienda Online XYZ,,compras
TX-001264,CUST-E0010,ACC-E0010B,2024-03-23,$8.82,Usd,Supermercado Central,compra semanal supermercado,alimentacion
TX-002751,CUST-E0006,ACC-E0006A,26/03/2024,259.88,usd,Estacion Gasolina Sol,gasolina,transporte
TX-004115,CUST-E0034,ACC-E0034A,"Jan 10, 2024",201.94,Dólares,Tienda Online XYZ,compra online,compras
TX-000727,CUST-E0001,ACC-E0001A,"Jan 03, 2024",$163.28,USD,Restaurante El Fogon,almuerzo restaurante,alimentacion
TX-000117,CUST-E0022,ACC-E0022A,16/02/2024,502.90, usd ,Tienda Online XYZ,compra online,compras
TX-000100,CUST-E0005,ACC-E0005B,2024-01-02,194.20,Euros,Spotify,suscripcion spotify,suscripciones
TX-000606,CUST-E0038,ACC-E0038A,"Feb 07, 2024",$16.98,Dólares,Empresa de Luz,,servicios
TX-000261,CUST-E0018,acc-e0018a,"Mar 29, 2024",200.24,USD,Estacion Gasolina Sol,gasolina,transporte
TX-002079,CUST-E0030,ACC-E0030B,09/02/2024,9.32,Dólares,Restaurante El Fogon,almuerzo restaurante,alimentacion
TX-002054,CUST-E0040,ACC-E0040A,"Mar 19, 2024",40.03,US$,  Estacion Gasolina Sol ,gasolina,transporte
TX-002221,CUST-E0034,ACC-E0034A,"Mar 14, 2024",136.52,US$,Supermercado Central,compra semanal supermercado,alimentacion
TX-002240,CUST-E0003,ACC-E0003A,2024-03-27,$20.90,Usd,Inmobiliaria Norte,renta apartamento,vivienda
TX-002820,CUST-E0011,ACC-E0011A,"Feb 26, 2024",15.96,Usd,Empresa de Luz,factura luz,
TX-003483,  CUST-E0005 ,ACC-E0005B,2024-03-06,42.01,eur,Estacion Gasolina Sol,gasolina,transporte
TX-004035,CUST-E0009,ACC-E0009A,05/02/2024,28.80,Usd,Supermercado Central,compra semanal supermercado,
TX-002796,  CUST-E0018 ,ACC-E0018A,"Jan 03, 2024",190.84,Dólares,Empresa de Luz,factura luz,servicios
TX-001446,CUST-E0035,ACC-E0035A,"Feb 01, 2024",145.80,eur,Empresa de Luz,factura luz,
TX-003137,CUST-E0002,ACC-E0002A,"Mar 22, 2024",,USD,Netflix,suscripcion mensual netflix,
TX-003322,  CUST-E0026 ,ACC-E0026A,28/03/2024,86.28,USD,Restaurante El Fogon,almuerzo restaurante,alimentacion
TX-000834,,ACC-E0016A,27/01/2024,98.16,USD,Empresa de Luz,factura luz,servicios
TX-003013,CUST-E0018,ACC-E0018A,31/02/2024,285.48,Usd,Spotify,suscripcion spotify,suscripciones
TX-003956,CUST-E0022,ACC-E0022A,10/01/2024,136.92,USD,  Empresa de Luz ,factura luz,
TX-000093,CUST-E0012,  ACC-E0012A ,2024-03-01,$231.58, usd ,SPOTIFY,suscripcion spotify,suscripciones
TX-003471,CUST-E0024,ACC-E0024A,2024-02-08,93.74, usd ,  Internet Hogar ,factura internet,
TX-003807,CUST-E0020,ACC-E0020B,29/03/2024,211.03,Dólares,Tienda Online XYZ,compra online,compras
TX-000023,CUST-E0015,ACC-E0015B,16/02/2024,$22.05,cop,Farmacia Salud,medicinas,salud
TX-001857,CUST-E0014,ACC-E0014A,24/03/2024,58.89,USD,Empresa de Luz,factura luz,servicios
TX-003628,  CUST-E0007 ,acc-e0007a,2024-03-12,98.53,Usd,Inmobiliaria Norte,renta apartamento,vivienda
TX-003818,CUST-E0035,ACC-E0035B,01/02/2024,-67.86,eur,Netflix,suscripcion mensual netflix,suscripciones
TX-004166,CUST-E0001,ACC-E0001A,31/01/2024,,US$,Internet Hogar,factura internet,servicios
TX-000135,CUST-E0009,ACC-E0009A,24/02/2024,12.51,US$,Estacion Gasolina Sol,gasolina,transporte
TX-000651,CUST-E0014,  ACC-E0014A ,07/03/2024,$400.25,usd,Internet Hogar,factura internet,servicios
TX-001396,CUST-E0006,ACC-E0006A,2024-03-26,60.35,Usd,  Empresa de Luz ,factura luz,servicios
TX-002090,CUST-E0040,ACC-E0040A,2024-03-01,-78.90,Dólares,empresa de luz,factura luz,servicios
TX-000934,CUST-E0039,ACC-E0039A,21/01/2024,20.70,USD,Uber,viaje uber,transporte
TX-000105,CUST-E0006,ACC-E0006A,13/02/2024,326.56,usd,Uber,,transporte
TX-003563,CUST-E0018,ACC-E0018A,2024-03-26,$140.68,Dólares,  Empresa de Luz ,factura luz,servicios
TX-000964,cust-e0004,ACC-E0004A,2024-02-24,37.43,USD,supermercado central,compra semanal supermercado,
TX-002456,CUST-E0034,ACC-E0034A,"Jan 26, 2024",$93.15,USD,Tienda Online XYZ,compra online,compras
TX-001031,CUST-E0028,ACC-E0028A,30/03/2024,207.74,Dólares,Empresa de Luz,,servicios
TX-001865,CUST-E0031,ACC-E0031A,01/01/2024,109.24,USD,Netflix,suscripcion mensual netflix,suscripciones
TX-001581,cust-e0011,ACC-E0011A,2024-02-12,61.49,US$,Inmobiliaria Norte,renta apartamento,vivienda
TX-003745,CUST-E0008,ACC-E0008A,30/01/2024,61.54,,Uber,viaje uber,transporte
TX-000704,CUST-E0036,ACC-E0036A,2024-02-18,33.17,USD,Uber,viaje uber,
TX-002537,CUST-E0006,ACC-E0006A,24/03/2024,209.58,US$,  Supermercado Central ,compra semanal supermercado,
TX-002709,  CUST-E0036 ,ACC-E0036A,2024-03-25,35.75,US$,Farmacia Salud,medicinas,salud
TX-000560,CUST-E0013,ACC-E0013A,26/01/2024,$45.29,Usd,  Farmacia Salud ,medicinas,
TX-002303,  CUST-E0001 ,ACC-E0001A,2024-03-08,121.52,USD,Inmobiliaria Norte,renta apartamento,
TX-001032,,ACC-E0013A,28/01/2024,54.30,USD,Inmobiliaria Norte,renta apartamento,vivienda
TX-002713,CUST-E0035,ACC-E0035B,"Jan 14, 2024",128.05,eur,Netflix,suscripcion mensual netflix,suscripciones
TX-001534,CUST-E0012,ACC-E0012A,"Mar 24, 2024",$156.69,US$,  Spotify ,suscripcion spotify,suscripciones
TX-002704,CUST-E0007,ACC-E0007A,2024-03-04,57.46,US$,Internet Hogar,factura internet,servicios
TX-003699,CUST-E0006,ACC-E0006A,2024-01-18,74.57,USD,FARMACIA SALUD,medicinas,
TX-000915,CUST-E0028,ACC-E0028A,"Feb 15, 2024",120.30,US$,Farmacia Salud,medicinas,salud
TX-000971,CUST-E0015,ACC-E0015B,07/01/2024,$59.81,cop,Netflix,suscripcion mensual netflix,suscripciones
TX-001609,CUST-E0009,ACC-E0009A,"Jan 05, 2024",43.14,USD,Estacion Gasolina Sol,gasolina,transporte
TX-000898,CUST-E0002,ACC-E0002A,"Mar 19, 2024",$87.37,US$,  Restaurante El Fogon ,almuerzo restaurante,
TX-001149,CUST-E0026,ACC-E0026A,2024-03-01,$125.40,Usd,Spotify,suscripcion spotify,
TX-002991,CUST-E0039,ACC-E0039A,"Feb 15, 2024",157.01,usd,Inmobiliaria Norte,renta apartamento,vivienda
TX-000575,CUST-E0032,ACC-E0032A,2024-02-10,214.67,Usd,Farmacia Salud,medicinas,
TX-001366,CUST-E0010,ACC-E0010A,05/03/2024,15.24, usd ,supermercado central,,alimentacion
TX-002814,CUST-E0002,ACC-E0002A,11/01/2024,$34.72,US$,Farmacia Salud,,
TX-002530,CUST-E0032,ACC-E0032A,"Mar 09, 2024",40.17,US$,Tienda Online XYZ,,compras
TX-002616,CUST-E0017,ACC-E0017A,"Feb 19, 2024",33.35,US$,Spotify,suscripcion spotify,suscripciones
TX-000858,cust-e0022,ACC-E0022A,22/03/2024,97.11,USD,Farmacia Salud,medicinas,salud
TX-003827,  CUST-E0025 ,ACC-E0025B,2024-03-20,27.90, usd ,Uber,viaje uber,transporte
TX-003496,CUST-E0002,ACC-E0002A,23/01/2024,8.98,usd,Restaurante El Fogon,almuerzo restaurante,alimentacion
TX-001248,CUST-E0018,  ACC-E0018A ,25/01/2024,$516.39,,Inmobiliaria Norte,renta apartamento,vivienda
TX-002492,CUST-E0015,ACC-E0015B,2024-02-10,$64.58,COP,  Estacion Gasolina Sol ,gasolina,transporte
TX-003183,CUST-E0032,ACC-E0032A,28/03/2024,89.87, usd ,  Farmacia Salud ,medicinas,salud
TX-000855,CUST-E0009,ACC-E0009A,"Jan 06, 2024",$33.77,Usd,Restaurante El Fogon,almuerzo restaurante,alimentacion
TX-000647,CUST-E0027,ACC-E0027A,"Mar 06, 2024",$36.70,Pesos,Supermercado Central,compra semanal supermercado,alimentacion
TX-000101,CUST-E0034,acc-e0034a,19/02/2024,177.99,,Uber,viaje uber,transporte
TX-003924,  CUST-E0010 ,ACC-E0010A,"Jan 11, 2024",12.56,US$,Spotify,suscripcion spotify,suscripciones
TX-003713,CUST-E0010,ACC-E0010B,2024-01-30,14.53,Usd,Estacion Gasolina Sol,gasolina,transporte
TX-001274,CUST-E0038,ACC-E0038A,"Mar 22, 2024",$23.36,Dólares,Spotify,suscripcion spotify,suscripciones
TX-002916,CUST-E0038,ACC-E0038A,01/02/2024,$51.73, usd ,Supermercado Central,compra semanal supermercado,
TX-004051,CUST-E0037,ACC-E0037A,2024-01-22,92.05,Usd,,almuerzo restaurante,alimentacion
TX-000044,CUST-E0023,acc-e0023a,12/02/2024,112.97,Dólares,  Spotify ,suscripcion spotify,suscripciones
TX-003080,CUST-E0007,ACC-E0007A,"Jan 01, 2024",46.20,Usd,SPOTIFY,suscripcion spotify,
TX-003795,CUST-E0037,ACC-E0037A,"Jan 29, 2024",146.20,US$,Netflix,suscripcion mensual netflix,suscripciones
TX-004241,CUST-E0013,ACC-E0013A,19/03/2024,83.85,USD,Farmacia Salud,medicinas,salud
TX-002371,  CUST-E0024 ,ACC-E0024A,"Jan 04, 2024",$161.36,USD,spotify,suscripcion spotify,suscripciones
TX-002067,CUST-E0028,ACC-E0028A,"Mar 03, 2024",48.26, usd ,Restaurante El Fogon,almuerzo restaurante,alimentacion
TX-001423,CUST-E0020,ACC-E0020A,2024-03-01,$167.81,usd,,suscripcion mensual netflix,suscripciones
TX-003724,CUST-E0006,ACC-E0006A,10/01/2024,62.72,Usd,Spotify,suscripcion spotify,suscripciones
TX-000423,,ACC-E0028A,06/02/2024,$109.59,Dólares,TIENDA ONLINE XYZ,compra online,compras
TX-002853,  CUST-E0022 ,ACC-E0022A,"Jan 08, 2024",293.90, usd ,EMPRESA DE LUZ,factura luz,servicios
TX-000749,CUST-E0029,ACC-E0029A,2024-01-13,41.81, usd ,Estacion Gasolina Sol,gasolina,transporte
TX-001324,CUST-E0036,ACC-E0036A,"Jan 17, 2024",$16.58, usd ,Inmobiliaria Norte,renta apartamento,
TX-001013,,ACC-E0040B,"Mar 26, 2024",$102.91,Usd,Restaurante El Fogon,almuerzo restaurante,alimentacion
TX-002618,CUST-E0001,ACC-E0001A,"Mar 25, 2024",62.36,USD,Empresa de Luz,factura luz,
TX-000335,CUST-E0020,ACC-E0020A,"Feb 19, 2024",$83.95,Usd,,suscripcion mensual netflix,suscripciones
TX-000377,CUST-E0036,ACC-E0036A,09/01/2024,22.48,Dólares,TIENDA ONLINE XYZ,compra online,compras
TX-002824,CUST-E0009,ACC-E0009A,2024-02-10,24.80,Dólares,UBER,viaje uber,transporte
TX-002366,CUST-E0032,ACC-E0032A,,$141.06,Dólares,,compra semanal supermercado,alimentacion
TX-002479,CUST-E0023,ACC-E0023A,20/02/2024,20.70, usd ,Netflix,suscripcion mensual netflix,suscripciones
TX-002810,CUST-E0014,ACC-E0014A,2024-02-15,$88.46,USD,Spotify,suscripcion spotify,
TX-000365,CUST-E0033,ACC-E0033A,19/03/2024,$47.94,Pesos,Supermercado Central,compra semanal supermercado,alimentacion
TX-003654,CUST-E0005,ACC-E0005A,"Jan 30, 2024",25.46,eur,Inmobiliaria Norte,renta apartamento,vivienda
TX-001478,CUST-E0020,ACC-E0020B,06/01/2024,106.44, usd ,inmobiliaria norte,,vivienda
TX-002120,CUST-E0008,ACC-E0008A,"Mar 07, 2024",45.30,Usd,Supermercado Central,compra semanal supermercado,alimentacion
TX-002168,cust-e0018,ACC-E0018A,02/01/2024,326.82,USD,Supermercado Central,,alimentacion
TX-003396,cust-e0003,  ACC-E0003A ,"Feb 27, 2024",21.09,US$,Tienda Online XYZ,,compras
TX-004270,CUST-E0039,ACC-E0039A,2024-02-10,25.55,USD,Empresa de Luz,,servicios
TX-003037,CUST-E0036,ACC-E0036A,01/03/2024,$82.56, usd ,Tienda Online XYZ,compra online,
TX-003391,CUST-E0020,ACC-E0020A,2024-01-02,$202.47,Dólares,Netflix,suscripcion mensual netflix,suscripciones
TX-002412,CUST-E0009,ACC-E0009A,18/01/2024,14.37,USD,ESTACION GASOLINA SOL,gasolina,transporte
TX-004173,CUST-E0038,ACC-E0038A,"Feb 25, 2024",$26.31,US$,Netflix,suscripcion mensual netflix,
TX-003267,CUST-E0001,ACC-E0001A,10/02/2024,32.10,US$,Empresa de Luz,factura luz,
TX-001822,CUST-E0039,ACC-E0039A,2024-03-21,13.95,USD,inmobiliaria norte,renta apartamento,
TX-001281,CUST-E0005,ACC-E0005B,2024-02-13,118.26,Euros,Empresa de Luz,factura luz,servicios
TX-004231,CUST-E0027,ACC-E0027A,2024-01-28,63.96,cop,Estacion Gasolina Sol,,transporte
TX-004163,CUST-E0039,ACC-E0039A,07/01/2024,,usd,Empresa de Luz,factura luz,servicios
TX-002396,  CUST-E0027 ,ACC-E0027A,2024-01-14,$38.90,cop,Supermercado Central,,alimentacion
TX-001761,CUST-E0037,ACC-E0037A,21/02/2024,92.00,,INTERNET HOGAR,,servicios
TX-002472,  CUST-E0020 ,ACC-E0020B,2024-02-04,136.99,US$,Restaurante El Fogon,almuerzo restaurante,
TX-003140,CUST-E0013,ACC-E0013A,17/01/2024,43.15,Usd,  Netflix ,suscripcion mensual netflix,suscripciones
TX-001813,CUST-E0017,ACC-E0017A,28/01/2024,190.79,Usd,  Supermercado Central ,compra semanal supermercado,alimentacion
TX-002957,  CUST-E0013 ,ACC-E0013A,"Mar 16, 2024",85.12,USD,FARMACIA SALUD,medicinas,salud
TX-002758,CUST-E0013,ACC-E0013A,"Mar 04, 2024",32.35,usd,Farmacia Salud,medicinas,salud
TX-003376,CUST-E0008,ACC-E0008A,15/03/2024,$54.05,usd,Tienda Online XYZ,compra online,compras
TX-001427,CUST-E0038,ACC-E0038A,2024-01-23,16.59,USD,Estacion Gasolina Sol,gasolina,transporte
TX-003374,cust-e0023,ACC-E0023A,2024-01-06,129.84,Dólares,Restaurante El Fogon,almuerzo restaurante,alimentacion
TX-000532,CUST-E0021,ACC-E0021A,2024-02-09,9.66,Dólares,Empresa de Luz,factura luz,
TX-003633,  CUST-E0020 ,ACC-E0020A,20/01/2024,175.36,Usd,  Netflix ,,suscripciones
TX-003226,CUST-E0018,ACC-E0018A,"Jan 21, 2024",$98.31, usd ,Spotify,,suscripciones
TX-000789,CUST-E0002,ACC-E0002A,"Feb 13, 2024",$62.71, usd ,Supermercado Central,compra semanal supermercado,alimentacion
TX-002455,CUST-E0013,ACC-E0013A,"Jan 13, 2024",$47.09, usd ,Internet Hogar,factura internet,
TX-003849,  CUST-E0017 ,ACC-E0017A,17/03/2024,$250.20,Dólares,Uber,viaje uber,transporte
TX-000912,CUST-E0027,ACC-E0027A,2024-02-25,$47.33,Pesos,Uber,viaje uber,transporte
TX-002447,cust-e0038,ACC-E0038A,"Feb 28, 2024",33.12,Dólares,Inmobiliaria Norte,renta apartamento,
TX-003645,CUST-E0032,ACC-E0032A,12/02/2024,$58.48,Dólares,Internet Hogar,factura internet,
TX-000769,CUST-E0031,ACC-E0031A,2024-01-01,360.26,usd,Estacion Gasolina Sol,,transporte
TX-001402,CUST-E0016,ACC-E0016A,"Mar 18, 2024",$156.85, usd ,,compra online,compras
TX-003893,CUST-E0018,  ACC-E0018A ,"Mar 01, 2024",112.45,Dólares,inmobiliaria norte,renta apartamento,vivienda
TX-003632,CUST-E0020,ACC-E0020A,2024-02-18,216.84,usd,Restaurante El Fogon,almuerzo restaurante,alimentacion
TX-002979,CUST-E0039,  ACC-E0039A ,11/01/2024,50.69,Dólares,Supermercado Central,compra semanal supermercado,
TX-004113,CUST-E0032,ACC-E0032A,27/03/2024,111.73, usd ,Empresa de Luz,factura luz,servicios
TX-000644,CUST-E0011,ACC-E0011A,2024-01-15,20.46,Usd,  Empresa de Luz ,factura luz,servicios
TX-001787,CUST-E0019,ACC-E0019A,"Jan 10, 2024",41.85,cop,Tienda Online XYZ,,compras
TX-003990,cust-e0016,ACC-E0016A,"Feb 14, 2024",217.97,USD,spotify,suscripcion spotify,suscripciones
TX-002723,CUST-E0040,  ACC-E0040B ,2024-01-18,150.78, usd ,Uber,viaje uber,transporte
TX-002876,CUST-E0035,acc-e0035b,"Mar 23, 2024",187.37,Euros,Empresa de Luz,factura luz,
TX-000060,CUST-E0015,ACC-E0015B,"Mar 23, 2024",14.44,Pesos,Netflix,suscripcion mensual netflix,suscripciones
TX-001436,CUST-E0028,ACC-E0028A,2024-02-02,109.73,Usd,Tienda Online XYZ,compra online,compras
TX-004232,CUST-E0006,ACC-E0006A,"Jan 05, 2024",$236.39,usd,Farmacia Salud,medicinas,
TX-001529,CUST-E0004,ACC-E0004A,29/01/2024,$16.51,,Farmacia Salud,medicinas,
TX-002541,CUST-E0024,ACC-E0024A,"Feb 07, 2024",702.79,Usd,  Internet Hogar ,factura internet,servicios
TX-003527,CUST-E0016,ACC-E0016A,2024-02-25,281.33,US$,farmacia salud,medicinas,salud
TX-002716,CUST-E0019,ACC-E0019A,14/02/2024,27.02,COP,Tienda Online XYZ,compra online,compras
TX-003624,CUST-E0006,ACC-E0006A,24/01/2024,69.72,usd,Inmobiliaria Norte,renta apartamento,vivienda
TX-003458,CUST-E0014,ACC-E0014A,2024-02-27,$59.86,US$,Supermercado Central,compra semanal supermercado,alimentacion
TX-003359,CUST-E0021,ACC-E0021A,19/01/2024,34.13,Dólares,restaurante el fogon,almuerzo restaurante,alimentacion
TX-002583,CUST-E0028,acc-e0028a,2024-01-08,260.52, usd ,Netflix,suscripcion mensual netflix,suscripciones
TX-001645,CUST-E0018
TX-003454,CUST-E0028,ACC-E0028A,10/02/2024,109.32,US$,Supermercado Central,,alimentacion
TX-001186,CUST-E0029,  ACC-E0029A ,2024-01-22,102.73,USD,Farmacia Salud,medicinas,salud
TX-003222,  CUST-E0016 ,ACC-E0016A,2024-01-29,55.92,Dólares,,renta apartamento,
TX-003607,CUST-E0028,ACC-E0028A,"Mar 27, 2024",428.94,usd,  Supermercado Central ,compra semanal supermercado,alimentacion
TX-001287,CUST-E0016,ACC-E0016A,14/03/2024,$183.49,USD,Uber,,transporte
TX-001993,CUST-E0032,acc-e0032a,"Feb 15, 2024",$123.44,,empresa de luz,factura luz,
TX-004053,CUST-E0005,ACC-E0005A,2024-03-18,58.35,Euros,NETFLIX,suscripcion mensual netflix,suscripciones
TX-003429,CUST-E0025,ACC-E0025B,2024-01-03,48.46,usd,Internet Hogar,factura internet,servicios
TX-002191,CUST-E0017,ACC-E0017A,"Jan 17, 2024",137.12,USD,Restaurante El Fogon,almuerzo restaurante,
TX-000697,cust-e0033,ACC-E0033A,02/01/2024,$49.34,cop,Spotify,suscripcion spotify,suscripciones
TX-000740,  CUST-E0002 ,ACC-E0002A,"Mar 24, 2024",13.12,Dólares,Netflix,suscripcion mensual netflix,suscripciones
TX-000330,CUST-E0025,ACC-E0025B,19/02/2024,23.80, usd ,supermercado central,compra semanal supermercado,alimentacion
TX-001199,CUST-E0016,ACC-E0016A,"Mar 18, 2024",$74.83,Dólares,Tienda Online XYZ,,compras
TX-000172,CUST-E0032,ACC-E0032A,2024-01-08,105.01,USD,Inmobiliaria Norte,,vivienda
TX-003422,CUST-E0016,  ACC-E0016A ,"Mar 20, 2024",134.30,usd,Internet Hogar,factura internet,servicios
TX-002133,CUST-E0003,ACC-E0003A,13/01/2024,$36.71, usd ,Netflix,suscripcion mensual netflix,suscripciones
TX-000431,  CUST-E0019 ,ACC-E0019A,"Feb 08, 2024",37.06,cop,Uber,viaje uber,transporte
TX-001655,CUST-E0036,ACC-E0036A,23/01/2024,9.23,USD,Inmobiliaria Norte,renta apartamento,vivienda
TX-003228,  CUST-E0012 ,ACC-E0012A,14/03/2024,$44.85,US$,Farmacia Salud,medicinas,
TX-003085,CUST-E0040,ACC-E0040A,2024-02-14,120.85,usd,Internet Hogar,factura internet,servicios
TX-003691,CUST-E0034,ACC-E0034A,"Mar 24, 2024",175.69,USD,Farmacia Salud,,salud
TX-002383,CUST-E0018,ACC-E0018A,"Jan 20, 2024",$313.48,Dólares,Inmobiliaria Norte,renta apartamento,vivienda
TX-000670,CUST-E0026,ACC-E0026A,21/02/2024,52.88,USD,,factura internet,servicios
TX-002795,CUST-E0012,ACC-E0012A,29/02/2024
TX-004265,CUST-E0021,ACC-E0021A,"Feb 04, 2024",$23.00, usd ,Supermercado Central,compra semanal supermercado,alimentacion
TX-000234,CUST-E0016,ACC-E0016A,2024-03-25,$384.46,US$,Estacion Gasolina Sol,gasolina,transporte
TX-001459,CUST-E0009,ACC-E0009A,2024-03-05,20.18,Dólares,Spotify,suscripcion spotify,suscripciones
TX-000527,CUST-E0023,ACC-E0023A,2024-02-17,$175.41,usd,Uber,viaje uber,
TX-001284,CUST-E0029,ACC-E0029A,2024-02-01,327.31,Dólares,Uber,viaje uber,transporte
TX-000875,CUST-E0001,ACC-E0001A,23/02/2024,$108.31,US$,Farmacia Salud,medicinas,salud
TX-001245,CUST-E0030,ACC-E0030B,03/03/2024,$12.81,,  Uber ,,transporte
TX-003445,CUST-E0033,ACC-E0033A,2024-01-11,83.91,Pesos,Tienda Online XYZ,compra online,compras
TX-004002,CUST-E0018,ACC-E0018A,2024-03-12,144.06, usd ,spotify,suscripcion spotify,suscripciones
TX-003040,CUST-E0008,ACC-E0008A,04/03/2024,45.12,Usd,  Restaurante El Fogon ,almuerzo restaurante,alimentacion
TX-002287,CUST-E0035,ACC-E0035A,2024-02-11,136.28,EUR,Tienda Online XYZ,compra online,compras
TX-003210,CUST-E0002,ACC-E0002A,01/01/2024,$14.45,US$,Uber,viaje uber,transporte
TX-003619,CUST-E0010,ACC-E0010B,2024-02-17,24.77, usd ,Uber,viaje uber,transporte
TX-002070,CUST-E0015,ACC-E0015B,2024-03-01,17.89,Pesos,Tienda Online XYZ,compra online,
TX-000618,CUST-E0033,ACC-E0033A,16/03/2024,108.17,COP,Spotify,suscripcion spotify,
TX-000585,CUST-E0005,ACC-E0005A,08/01/2024,$45.04,EUR,Restaurante El Fogon,,alimentacion
TX-001905,CUST-E0013,ACC-E0013A,2024-03-15,$17.46,Usd,Farmacia Salud,medicinas,salud
TX-000121,CUST-E0020,ACC-E0020A,2024-03-21,$151.19, usd ,Spotify,suscripcion spotify,suscripciones
TX-003340,CUST-E0031,ACC-E0031A,2024-03-24,24.43, usd ,Restaurante El Fogon,almuerzo restaurante,alimentacion
TX-003682,CUST-E0027,ACC-E0027A,23/03/2024,$85.73,Pesos,restaurante el fogon,almuerzo restaurante,alimentacion
TX-001703,CUST-E0026,ACC-E0026A,2024-02-22,49.00,usd,Tienda Online XYZ,compra online,
TX-001988,CUST-E0002,ACC-E0002A,2024-01-05,$17.97, usd ,Spotify,suscripcion spotify,suscripciones
TX-004052,CUST-E0026,ACC-E0026A,"Mar 08, 2024",75.77,Usd,Empresa de Luz,factura luz,
TX-003294,CUST-E0022,acc-e0022a,"Mar 12, 2024",-62.73, usd ,Supermercado Central,compra semanal supermercado,alimentacion
TX-004145,CUST-E0021,ACC-E0021A,"Feb 04, 2024",$23.00, usd ,Supermercado Central,compra semanal supermercado,alimentacion
TX-003235,cust-e0029,ACC-E0029A,"Jan 24, 2024",$260.92,USD,  Spotify ,suscripcion spotify,suscripciones
TX-000714,CUST-E0040,ACC-E0040B,25/02/2024,78.44, usd ,,suscripcion spotify,suscripciones
TX-000291,CUST-E0008,acc-e0008a,2024-01-14,71.10,US$,SUPERMERCADO CENTRAL,compra semanal supermercado,alimentacion
TX-000158,CUST-E0029,ACC-E0029A,"Jan 24, 2024",$327.31,US$,Restaurante El Fogon,almuerzo restaurante,alimentacion
TX-004024,CUST-E0027,ACC-E0027A,"Feb 15, 2024",$85.91,cop,Empresa de Luz,factura luz,
TX-001395,CUST-E0036,ACC-E0036A,2024-03-24,41.63,US$,  Empresa de Luz ,factura luz,servicios
TX-002509,CUST-E0008,ACC-E0008A,2024-02-28,$81.06,Dólares,Internet Hogar,factura internet,servicios
TX-004006,CUST-E0026,ACC-E0026A,"Jan 21, 2024",31.06,USD,Restaurante El Fogon,almuerzo restaurante,alimentacion
TX-004230,CUST-E0004,ACC-E0004A,2024-02-25,13.04,Usd,  Tienda Online XYZ ,compra online,compras
TX-000664,CUST-E0008,ACC-E0008A,2024-03-18,$38.47,usd,spotify,suscripcion spotify,suscripciones
TX-002862,CUST-E0023,ACC-E0023A,21/02/2024,74.30,Dólares,Tienda Online XYZ,compra online,
TX-001548,CUST-E0036,ACC-E0036A,"Jan 07, 2024",$53.64,,  Tienda Online XYZ ,compra online,
TX-000011,CUST-E0005,ACC-E0005B,"Jan 03, 2024",$91.28,EUR,Supermercado Central,compra semanal supermercado,alimentacion
TX-002464,CUST-E0025,ACC-E0025B,2024-03-24,29.34,,Farmacia Salud,medicinas,salud
TX-001159,CUST-E0020,  ACC-E0020B ,22/03/2024,$161.93,Usd,Supermercado Central,compra semanal supermercado,alimentacion
TX-001960,CUST-E0029,ACC-E0029A,2024-02-09,125.14, usd ,Restaurante El Fogon,,alimentacion
TX-000827,CUST-E0031,ACC-E0031A,29/03/2024,180.52, usd ,  Internet Hogar ,factura internet,
TX-002776,CUST-E0014,ACC-E0014A,2024-02-08,$192.83,usd,Farmacia Salud,,salud
TX-004037,CUST-E0026,ACC-E0026A,"Jan 20, 2024",$40.26,US$,Internet Hogar,factura internet,servicios
TX-000400,CUST-E0004,ACC-E0004A,"Feb 03, 2024",$19.27,US$,Inmobiliaria Norte,renta apartamento,vivienda
TX-004038,  CUST-E0035 ,ACC-E0035B,09/03/2024,"$9,999,999.99",Euros,Netflix,suscripcion mensual netflix,
TX-004157,CUST-E0040,ACC-E0040B,19/01/2024,31.65, usd ,SPOTIFY,suscripcion spotify,suscripciones
TX-001275,CUST-E0029,ACC-E0029A,11/03/2024,452.62,Usd,Estacion Gasolina Sol,gasolina,transporte
TX-000783,cust-e0039,ACC-E0039A,31/01/2024,13.58,Usd,Restaurante El Fogon,almuerzo restaurante,
TX-003839,CUST-E0004,ACC-E0004A,2024-02-19,$42.38,US$,Supermercado Central,compra semanal supermercado,alimentacion
TX-001200,CUST-E0037,ACC-E0037A,"Feb 18, 2024",$125.33,Dólares,  Internet Hogar ,,servicios
TX-002265,CUST-E0031,ACC-E0031A,"Mar 27, 2024",98.28,Usd,Farmacia Salud,medicinas,salud
TX-000464,CUST-E0011,ACC-E0011A,2024-01-21,6.75,Usd,FARMACIA SALUD,medicinas,salud
TX-003298,CUST-E0038,ACC-E0038A,"Jan 30, 2024",13.71,usd,Internet Hogar,factura internet,servicios
TX-004178,CUST-E0015,ACC-E0015A,"Feb 23, 2024",38.93,cop,N/A,suscripcion mensual netflix,
TX-000055,CUST-E0021,ACC-E0021A,2024-01-06,26.25, usd ,Internet Hogar,factura internet,servicios
TX-002250,CUST-E0005,ACC-E0005A,02/01/2024,83.81,Euros,UBER,viaje uber,
TX-004106,CUST-E0001,ACC-E0001A,"Jan 26, 2024",$4925.69, usd ,Empresa de Luz,factura luz,servicios
TX-003073,  CUST-E0004 ,ACC-E0004A,"Feb 08, 2024",10.93,Dólares,Uber,viaje uber,
TX-001933,CUST-E0027,ACC-E0027A,03/01/2024,117.00,Pesos,Uber,viaje uber,transporte
TX-002885,CUST-E0003,ACC-E0003A,2024-03-04,13.69,Usd,Uber,viaje uber,transporte
TX-000930,CUST-E0003,ACC-E0003A,2024-03-29,26.23,Dólares,Uber,viaje uber,transporte
TX-001451,CUST-E0027,ACC-E0027A,09/03/2024,$92.19,COP,Estacion Gasolina Sol,gasolina,transporte
TX-003594,CUST-E0036,ACC-E0036A,Feb 03, 2024,54.72,Usd,Internet Hogar,factura internet,servicios,extra,columnas
TX-003086,cust-e0001,ACC-E0001A,10/03/2024,221.95,US$,Farmacia Salud,medicinas,salud
TX-001197,CUST-E0015,ACC-E0015A,25/02/2024,22.81,cop,Estacion Gasolina Sol,gasolina,transporte
TX-001551,CUST-E0018,ACC-E0018A,16/02/2024,65.69,Dólares,INMOBILIARIA NORTE,renta apartamento,vivienda
TX-002401,CUST-E0037,ACC-E0037A,2024-01-04,99.40,usd,Farmacia Salud,medicinas,salud
TX-000246,CUST-E0005,ACC-E0005B,11/01/2024,$59.55,EUR,Empresa de Luz,factura luz,servicios
TX-004238,CUST-E0015,ACC-E0015A,2024-01-10,59.00,COP,Spotify,suscripcion spotify,suscripciones
TX-000369,CUST-E0025,acc-e0025b,27/02/2024,50.49,US$,Spotify,suscripcion spotify,suscripciones
TX-003134,CUST-E0016,ACC-E0016A,30/01/2024,89.32,usd,Inmobiliaria Norte,renta apartamento,vivienda
TX-002391,CUST-E0015,ACC-E0015A,25/01/2024,$40.70,Pesos,Restaurante El Fogon,almuerzo restaurante,alimentacion
TX-000303,CUST-E0005,ACC-E0005B,"Mar 27, 2024",$213.10,EUR,  Tienda Online XYZ ,compra online,compras
TX-002834,CUST-E0020,ACC-E0020B,"Jan 16, 2024",116.46,Dólares,Internet Hogar,factura internet,
TX-000343,CUST-E0022,acc-e0022a,2024-01-09,153.35,,  Estacion Gasolina Sol ,gasolina,
TX-001647,CUST-E0029,ACC-E0029A,02/03/2024,96.33,Usd,Netflix,suscripcion mensual netflix,
TX-003406,CUST-E0008,ACC-E0008A,26/03/2024,$133.10,USD,Restaurante El Fogon,almuerzo restaurante,alimentacion
TX-003320,CUST-E0005,ACC-E0005B,"Mar 03, 2024",$40.55,EUR,Internet Hogar,factura internet,servicios
TX-000840,CUST-E0026,ACC-E0026A,2024-01-16,28.04,USD,Internet Hogar,factura internet,servicios
TX-000043,CUST-E0010,ACC-E0010A,2024-02-11,$8.42,Dólares,Empresa de Luz,factura luz,servicios
TX-001363,CUST-E0037,  ACC-E0037A ,2024-03-04,54.85,usd,Uber,,transporte
TX-004208,CUST-E0024,ACC-E0024A,2024-03-20,277.42,usd,Netflix,suscripcion mensual netflix,suscripciones
TX-002315,CUST-E0014,ACC-E0014A,"Mar 20, 2024",61.15,usd,Empresa de Luz,factura luz,servicios
TX-001062,CUST-E0010,ACC-E0010B,04/03/2024,$27.57, usd ,internet hogar,factura internet,
TX-001860,CUST-E0025,ACC-E0025A,13/01/2024,15.54,Usd,Supermercado Central,,alimentacion
TX-003784,CUST-E0019,  ACC-E0019A ,25/01/2024,40.62,cop,Uber,viaje uber,transporte
TX-001106,CUST-E0013,ACC-E0013A,2024-03-22,$35.19,US$,Inmobiliaria Norte,renta apartamento,vivienda
TX-002563,CUST-E0023,ACC-E0023A,2024-03-21,104.11,US$,  Uber ,,transporte
TX-000675,CUST-E0030,  ACC-E0030B ,04/01/2024,18.47,Usd,Supermercado Central,compra semanal supermercado,
TX-001023,cust-e0028,ACC-E0028A,"Mar 04, 2024",242.71, usd ,Spotify,suscripcion spotify,suscripciones
TX-003482,CUST-E0005,ACC-E0005A,"Jan 10, 2024",79.61,EUR,internet hogar,factura internet,servicios
TX-002459,CUST-E0015,ACC-E0015B,"Mar 25, 2024",14.79,cop,Spotify,suscripcion spotify,suscripciones
TX-002386,CUST-E0037,ACC-E0037A,"Jan 20, 2024",$105.73,USD,Spotify,suscripcion spotify,
TX-001065,CUST-E0011,ACC-E0011A,"Jan 23, 2024",$43.20,US$,Inmobiliaria Norte,renta apartamento,vivienda
TX-001732,CUST-E0025,ACC-E0025B,2024-02-28,-19.28,usd,Empresa de Luz,factura luz,servicios
TX-002874,CUST-E0013,ACC-E0013A,04/03/2024,25.32, usd ,Supermercado Central,compra semanal supermercado,alimentacion
TX-004220,CUST-E0039,ACC-E0039A,2024-03-22,60.32,US$,Internet Hogar,factura internet,servicios
TX-000554,CUST-E0010,ACC-E0010A,2024-01-14,$16.55,Dólares,Tienda Online XYZ,compra online,
TX-001912,CUST-E0034,ACC-E0034A,"Feb 15, 2024",$93.85,usd,Spotify,suscripcion spotify,
TX-004164,CUST-E0011,ACC-E0011A,17/03/2024,$13.82,Dólares,NETFLIX,suscripcion mensual netflix,suscripciones
TX-002604,CUST-E0029,ACC-E0029A,2024-03-10,197.28,Dólares,Farmacia Salud,medicinas,
TX-003199,CUST-E0008,ACC-E0008A,2024-01-14,$41.88, usd ,Restaurante El Fogon,almuerzo restaurante,
TX-001124,CUST-E0006,ACC-E0006A,"Mar 11, 2024",508.38,usd,Restaurante El Fogon,almuerzo restaurante,alimentacion
TX-000337,CUST-E0036,ACC-E0036A,"Feb 21, 2024",$32.21,usd,,suscripcion mensual netflix,suscripciones
TX-001763,CUST-E0011,ACC-E0011A,02/02/2024,$14.62,Dólares,tienda online xyz,compra online,
TX-002206,CUST-E0015,ACC-E0015B,2024-03-09,$87.66,COP,INMOBILIARIA NORTE,renta apartamento,vivienda
TX-000004,CUST-E0017,ACC-E0017A,06/02/2024,258.63, usd ,FARMACIA SALUD,medicinas,salud
TX-002092,CUST-E0014,  ACC-E0014A ,2024-02-05,$376.72,USD,Estacion Gasolina Sol,gasolina,
TX-002795,CUST-E0012,ACC-E0012A,29/02/2024,94.35,usd,Tienda Online XYZ,,compras
TX-000956,CUST-E0016,  ACC-E0016A ,2024-01-18,451.67,USD,Supermercado Central,compra semanal supermercado,alimentacion
TX-000843,CUST-E0004,ACC-E0004A,28/02/2024,110.63,Usd,RESTAURANTE EL FOGON,almuerzo restaurante,alimentacion
TX-000937,CUST-E0023,ACC-E0023A,23/01/2024,166.19,Dólares,restaurante el fogon,,alimentacion
TX-000229,CUST-E0016,ACC-E0016A,"Feb 23, 2024",-93.56, usd ,Netflix,suscripcion mensual netflix,suscripciones
TX-000839,  CUST-E0032 ,ACC-E0032A,"Mar 13, 2024",228.09,USD,Uber,viaje uber,transporte
TX-002910,CUST-E0002,ACC-E0002A,2024-02-14,433.95,Usd,Supermercado Central,compra semanal supermercado,alimentacion
TX-003905,CUST-E0038,ACC-E0038A,2024-02-01,31.47,US$,SPOTIFY,suscripcion spotify,suscripciones
TX-003901,CUST-E0004,ACC-E0004A,2024-02-16,23.87,Dólares,Inmobiliaria Norte,renta apartamento,vivienda
TX-002189,CUST-E0001,ACC-E0001A,"Jan 22, 2024",$58.84,Dólares,  Netflix ,suscripcion mensual netflix,
TX-002193,CUST-E0025,acc-e0025a,"Jan 02, 2024",48.39,usd,Empresa de Luz,factura luz,servicios
TX-003092,CUST-E0028,ACC-E0028A,19/01/2024,41.95, usd ,Estacion Gasolina Sol,gasolina,transporte
TX-003108,CUST-E0012,ACC-E0012A,"Feb 06, 2024",43.48,US$,Estacion Gasolina Sol,gasolina,transporte
TX-003879,CUST-E0003,ACC-E0003A,2024-02-29,20.19,USD,Empresa de Luz,factura luz,servicios
TX-001514,  CUST-E0029 ,ACC-E0029A,10/01/2024,$93.88,USD,SUPERMERCADO CENTRAL,compra semanal supermercado,
TX-003681,CUST-E0002,ACC-E0002A,26/01/2024,$33.58,usd,RESTAURANTE EL FOGON,almuerzo restaurante,alimentacion
TX-002612,CUST-E0034,ACC-E0034A,2024-01-05,312.77,usd,Netflix,suscripcion mensual netflix,suscripciones
TX-003171,CUST-E0020,ACC-E0020B,2024-01-27,115.71,US$,N/A,factura internet,servicios
TX-000673,CUST-E0020,ACC-E0020A,2024-02-26,182.54, usd ,Spotify,suscripcion spotify,suscripciones
TX-001320,CUST-E0037,ACC-E0037A,"Feb 10, 2024",176.82, usd ,INTERNET HOGAR,factura internet,servicios
TX-002557,CUST-E0006,ACC-E0006A,N/A,$50.18,Usd,EMPRESA DE LUZ,factura luz,
TX-001122,CUST-E0011,ACC-E0011A,"Jan 24, 2024",33.64,usd,INTERNET HOGAR,factura internet,servicios
TX-004190,CUST-E0005,ACC-E0005A,"Jan 01, 2024",$77.25,,Empresa de Luz,factura luz,servicios
TX-002473,CUST-E0011,ACC-E0011A,28/01/2024,16.41, usd ,,factura luz,servicios
TX-000149,CUST-E0002,ACC-E0002A,01/02/2024,45.90,,,,
TX-001846,CUST-E0015,ACC-E0015B,"Feb 27, 2024",39.80,COP,Uber,viaje uber,transporte
TX-003573,CUST-E0032,ACC-E0032A,2024-01-30,244.10,USD,Inmobiliaria Norte,renta apartamento,vivienda
TX-003909,CUST-E0013,ACC-E0013A,28/03/2024,$29.47,Usd,Tienda Online XYZ,compra online,
TX-002302,CUST-E0003,acc-e0003a,11/02/2024,$11.86, usd ,Internet Hogar,factura internet,servicios
TX-003625,CUST-E0020,ACC-E0020B,"Feb 12, 2024",145.97,Usd,EMPRESA DE LUZ,factura luz,servicios
TX-000976,CUST-E0038,ACC-E0038A,28/01/2024,12.09, usd ,Farmacia Salud,medicinas,salud
TX-000891,CUST-E0021,ACC-E0021A,"Mar 20, 2024",6.24,US$,Inmobiliaria Norte,,vivienda
TX-002410,CUST-E0025,  ACC-E0025B ,24/01/2024,51.96,Usd,UBER,viaje uber,transporte
TX-001230,CUST-E0032,ACC-E0032A,"Jan 31, 2024",82.60,usd,Supermercado Central,compra semanal supermercado,
TX-003495,CUST-E0007,ACC-E0007A,"Jan 23, 2024",65.40,usd,restaurante el fogon,almuerzo restaurante,alimentacion
TX-004264,CUST-E0034,ACC-E0034A,27/01/2024,281.21,Usd,  Estacion Gasolina Sol ,gasolina,transporte
TX-002031,CUST-E0023,ACC-E0023A,02/03/2024,$154.45, usd ,Farmacia Salud,medicinas,salud
TX-004169,CUST-E0033,ACC-E0033A,08/01/2024,54.92,cop,estacion gasolina sol,gasolina,transporte
TX-000988,CUST-E0007,ACC-E0007A,16/02/2024,79.96, usd ,Restaurante El Fogon,almuerzo restaurante,alimentacion
TX-003430,cust-e0028,acc-e0028a,"Jan 11, 2024",$77.34,US$,Spotify,suscripcion spotify,suscripciones
TX-001719,CUST-E0031,ACC-E0031A,2024-01-16,103.05,USD,,compra semanal supermercado,alimentacion
TX-000507,CUST-E0020,ACC-E0020B,"Mar 04, 2024",171.98,Dólares,Empresa de Luz,factura luz,servicios
TX-001557,CUST-E0038,ACC-E0038A,2024-03-08,43.63,US$,Estacion Gasolina Sol,gasolina,transporte
TX-002109,CUST-E0037,ACC-E0037A,06/03/2024,45.60, usd ,Farmacia Salud,medicinas,salud
TX-001403,CUST-E0003,ACC-E0003A,2024-01-15,63.74,US$,Empresa de Luz,factura luz,servicios
TX-000184,CUST-E0017,ACC-E0017A,2024-02-21,257.07,usd,RESTAURANTE EL FOGON,almuerzo restaurante,alimentacion
TX-003198,CUST-E0038,ACC-E0038A,"Mar 01, 2024",19.46,Usd,spotify,suscripcion spotify,
TX-002873,CUST-E0036,ACC-E0036A,"Jan 23, 2024",20.28,Usd,Empresa de Luz,factura luz,servicios
TX-000417,CUST-E0026,ACC-E0026A,"Jan 06, 2024",$75.04,,Empresa de Luz,factura luz,servicios
TX-002680,CUST-E0034,ACC-E0034A,12/01/2024,$173.09,Usd,Uber,viaje uber,transporte
TX-001612,cust-e0024,ACC-E0024A,"Mar 05, 2024",66.08,Dólares,Farmacia Salud,medicinas,
TX-001104,CUST-E0037,  ACC-E0037A ,"Feb 28, 2024",111.71,US$,Spotify,,suscripciones
TX-001312,CUST-E0002,ACC-E0002A,"Jan 02, 2024",$7.59,usd,Netflix,suscripcion mensual netflix,suscripciones
TX-003773,  CUST-E0037 ,ACC-E0037A,23/01/2024,$41.21,,Uber,viaje uber,transporte
TX-002435,CUST-E0028,ACC-E0028A,2024-02-24,248.49,USD,Supermercado Central,compra semanal supermercado,
TX-000489,CUST-E0020,acc-e0020b,"Mar 05, 2024",$80.21,USD,  Uber ,viaje uber,transporte
TX-003278,CUST-E0014,ACC-E0014A,"Feb 19, 2024",75.11, usd ,Internet Hogar,factura internet,servicios
TX-002266,CUST-E0019,ACC-E0019A,"Jan 30, 2024",$30.53,Pesos,Restaurante El Fogon,almuerzo restaurante,
TX-002643,CUST-E0002,ACC-E0002A,2024-02-26,8.60, usd ,Restaurante El Fogon,almuerzo restaurante,alimentacion
TX-002772,CUST-E0030,ACC-E0030B,16/01/2024,9.49,Usd,Estacion Gasolina Sol,gasolina,transporte
TX-003846,CUST-E0039,ACC-E0039A,2024-01-06,$72.76,US$,empresa de luz,,servicios
TX-003248,CUST-E0035,ACC-E0035B,19/03/2024,296.20,EUR,Inmobiliaria Norte,renta apartamento,vivienda
TX-001204,CUST-E0026,ACC-E0026A,"Mar 11, 2024",282.72,USD,Internet Hogar,factura internet,servicios
TX-003582,CUST-E0031,  ACC-E0031A ,"Mar 27, 2024",48.82,Dólares,tienda online xyz,compra online,
TX-003722,CUST-E0034,ACC-E0034A,2024-01-02,$366.51,USD,Supermercado Central,compra semanal supermercado,alimentacion
TX-001426,CUST-E0036,ACC-E0036A,28/02/2024,$164.84,USD,Restaurante El Fogon,almuerzo restaurante,
TX-002245,CUST-E0006,  ACC-E0006A ,,482.26,USD,Estacion Gasolina Sol,gasolina,transporte
TX-000795,CUST-E0035,ACC-E0035B,2024-02-26,-123.23,Euros,supermercado central,compra semanal supermercado,alimentacion
TX-003736,CUST-E0009,ACC-E0009A,2024-01-26,8.72,USD,Uber,viaje uber,transporte
TX-003971,CUST-E0003,ACC-E0003A,20/01/2024,, usd ,Supermercado Central,,alimentacion
TX-002001,CUST-E0023,ACC-E0023A,25/03/2024,$167.44,US$,Inmobiliaria Norte,renta apartamento,vivienda
TX-000648,CUST-E0019,ACC-E0019A,2024-01-17,23.55,,Netflix,suscripcion mensual netflix,
TX-002151,CUST-E0022,ACC-E0022A,2024-02-08,486.31,bitcoins,Farmacia Salud,medicinas,
TX-001260,  CUST-E0015 ,  ACC-E0015A ,"Feb 10, 2024",$21.98,,Netflix,suscripcion mensual netflix,suscripciones
TX-003065,CUST-E0018,ACC-E0018A,2024-01-16,$204.14,US$,Empresa de Luz,factura luz,servicios
TX-004043,CUST-E0031,ACC-E0031A,2024-02-24,54.96, usd ,Uber,viaje uber,
TX-002673,CUST-E0022,ACC-E0022A,24/03/2024,$97.99,US$,Restaurante El Fogon,almuerzo restaurante,
TX-002150,CUST-E0012,ACC-E0012A,"Mar 25, 2024",33.12,usd,Restaurante El Fogon,almuerzo restaurante,alimentacion
TX-000640,CUST-E0017,ACC-E0017A,08/02/2024,$69.10,Dólares,Inmobiliaria Norte,renta apartamento,vivienda
TX-002246,CUST-E0034,ACC-E0034A,"Mar 18, 2024",$185.87,USD,Restaurante El Fogon,almuerzo restaurante,alimentacion
TX-001592,CUST-E0038,ACC-E0038A,2024-03-25,23.05, usd ,  Uber ,viaje uber,transporte
TX-003189,CUST-E0018,ACC-E0018A,2024-01-24,92.17,Dólares,Tienda Online XYZ,compra online,
TX-001489,CUST-E0014,ACC-E0014A,"Feb 10, 2024",47.46,USD,Uber,viaje uber,transporte
TX-003888,cust-e0039,  ACC-E0039A ,2024-01-18,$80.52,USD,internet hogar,factura internet,servicios
TX-003427,CUST-E0009,  ACC-E0009A ,"Mar 04, 2024",$35.01,Dólares,Inmobiliaria Norte,renta apartamento,vivienda
TX-002536,CUST-E0017,ACC-E0017A,2024-01-20,340.67,Usd,Internet Hogar,factura internet,servicios
TX-001974,CUST-E0031,ACC-E0031A,12/02/2024,236.33,USD,Farmacia Salud,medicinas,salud
TX-004107,CUST-E0034,ACC-E0034A,02/02/2024,$130.27, usd ,Tienda Online XYZ,compra online,compras
TX-002597,CUST-E0025,acc-e0025b,24/01/2024,23.15,Dólares,Inmobiliaria Norte,renta apartamento,vivienda
TX-001087,CUST-E0009,ACC-E0009A,2024-02-19,22.13,Usd,Farmacia Salud,,salud
TX-002729,CUST-E0025,ACC-E0025B,"Feb 10, 2024",110.93,US$,Uber,viaje uber,transporte
TX-000287,  CUST-E0017 ,ACC-E0017A,31/01/2024,168.19,US$,Tienda Online XYZ,compra online,
TX-001139,CUST-E0028,ACC-E0028A,04/01/2024,258.10,USD,Restaurante El Fogon,almuerzo restaurante,alimentacion
TX-003355,CUST-E0027,ACC-E0027A,"Feb 08, 2024",$41.38,Pesos,  Farmacia Salud ,medicinas,salud
TX-001541,CUST-E0038,  ACC-E0038A ,17/03/2024,78.92,US$,Inmobiliaria Norte,renta apartamento,vivienda
TX-002505,CUST-E0008,ACC-E0008A,20/01/2024,$290.23,Dólares,SPOTIFY,suscripcion spotify,suscripciones
TX-000209,  CUST-E0021 ,ACC-E0021A,16/01/2024,10.53,US$,  Internet Hogar ,factura internet,
TX-000733,cust-e0017,ACC-E0017A,25/01/2024,$255.53,Usd,Uber,viaje uber,
TX-003640,  CUST-E0024 ,ACC-E0024A,2024-03-03,$243.55, usd ,N/A,renta apartamento,vivienda
TX-001579,CUST-E0022,ACC-E0022A,07/01/2024,200.28, usd ,Uber,viaje uber,transporte
TX-000446,CUST-E0036,ACC-E0036A,09/03/2024,20.52,USD,Restaurante El Fogon,almuerzo restaurante,alimentacion
TX-004124,CUST-E0033,ACC-E0033A,02/03/2024,$41.95,Pesos,Internet Hogar,factura internet,servicios
TX-000621,CUST-E0027,ACC-E0027A,"Jan 19, 2024",129.11,COP,Tienda Online XYZ,compra online,compras
TX-002129,CUST-E0008
TX-002622,CUST-E0029,ACC-E0029A,2024-02-17,142.78, usd ,Uber,viaje uber,transporte
TX-000491,CUST-E0028,ACC-E0028A,"Jan 24, 2024",$67.59,USD,Inmobiliaria Norte,renta apartamento,vivienda
TX-002620,CUST-E0022,  ACC-E0022A ,26/01/2024,82.21,Dólares,Restaurante El Fogon,almuerzo restaurante,
TX-001290,CUST-E0038,ACC-E0038A,2024-03-03,19.71,Dólares,  Estacion Gasolina Sol ,gasolina,transporte
TX-002753,CUST-E0038,ACC-E0038A,"Jan 19, 2024",46.53,Dólares,Spotify,suscripcion spotify,suscripciones
TX-002075,CUST-E0015,ACC-E0015B,"Jan 01, 2024",40.13,Pesos,Restaurante El Fogon,almuerzo restaurante,alimentacion
TX-000411,CUST-E0018,acc-e0018a,16/03/2024,237.58,Usd,,compra online,compras
TX-003799,CUST-E0039,ACC-E0039A,"Mar 03, 2024",$91.68,usd,EMPRESA DE LUZ,factura luz,servicios
TX-001236,CUST-E0026,ACC-E0026A,18/02/2024,$106.98, usd ,Supermercado Central,compra semanal supermercado,alimentacion
TX-001854,CUST-E0035,ACC-E0035B,2024-03-20,193.85,??,Inmobiliaria Norte,renta apartamento,vivienda
TX-004259,  CUST-E0005 ,ACC-E0005B,2024-03-19,93.89,eur,Estacion Gasolina Sol,gasolina,transporte
TX-002518,  CUST-E0029 ,ACC-E0029A,04/03/2024,314.43,USD,Farmacia Salud,medicinas,salud
TX-004127,CUST-E0032,ACC-E0032A,05/03/2024,246.47, usd ,Tienda Online XYZ,compra online,
TX-000130,CUST-E0025,ACC-E0025B,"Feb 13, 2024",60.17, usd ,Estacion Gasolina Sol,gasolina,transporte
TX-004162,CUST-E0026,ACC-E0026A,08/01/2024,140.35, usd ,  Farmacia Salud ,medicinas,salud
TX-002606,CUST-E0033,ACC-E0033A,30/03/2024,85.12,COP,Empresa de Luz,factura luz,servicios
TX-003731,CUST-E0018,ACC-E0018A,"Feb 27, 2024",75.03,Dólares,Spotify,suscripcion spotify,suscripciones
TX-002961,CUST-E0012,ACC-E0012A,2024-03-22,$36.95,usd,Uber,viaje uber,
TX-002277,CUST-E0011,ACC-E0011A,01/02/2024,$9.84,US$,Internet Hogar,factura internet,servicios
TX-000133,  CUST-E0030 ,ACC-E0030A,08/01/2024,$29.17,Dólares,  Restaurante El Fogon ,,alimentacion
TX-003823,CUST-E0007,ACC-E0007A,08/02/2024,$120.17,US$,Spotify,suscripcion spotify,suscripciones
TX-000421,CUST-E0031,ACC-E0031A,"Feb 14, 2024",38.97,USD,,compra semanal supermercado,alimentacion
TX-003022,CUST-E0013,ACC-E0013A,2024-02-23,$42.28,usd,Supermercado Central,compra semanal supermercado,alimentacion
TX-003192,CUST-E0032,ACC-E0032A,2024-03-02,56.11,Dólares,  Internet Hogar ,factura internet,servicios
TX-003967,  CUST-E0008 ,ACC-E0008A,19/01/2024,37.57,USD,Inmobiliaria Norte,renta apartamento,
TX-002603,CUST-E0004,ACC-E0004A,"Jan 26, 2024",28.93,Dólares,  Netflix ,suscripcion mensual netflix,suscripciones
TX-001242,CUST-E0036,acc-e0036a,"Mar 01, 2024",$59.58,usd,  Inmobiliaria Norte ,renta apartamento,vivienda
TX-004029,CUST-E0019,ACC-E0019A,"Mar 07, 2024",$45.84,Pesos,  Estacion Gasolina Sol ,gasolina,transporte
TX-003595,CUST-E0035,ACC-E0035A,2024-03-01,-158.83,Euros,Estacion Gasolina Sol,gasolina,transporte
TX-001898,CUST-E0025,ACC-E0025A,18/01/2024,$82.63,Usd,,viaje uber,transporte
TX-003988,  CUST-E0019 ,ACC-E0019A,18/02/2024,$92.77,cop,Netflix,suscripcion mensual netflix,
TX-001218,CUST-E0005,  ACC-E0005A ,2024-03-26,213.86,eur,Supermercado Central,compra semanal supermercado,alimentacion
TX-002487,CUST-E0037,ACC-E0037A,30/01/2024,$132.66,USD,Farmacia Salud,medicinas,salud
TX-002454,CUST-E0032,ACC-E0032A,2024-01-07,180.39,Dólares,Netflix,suscripcion mensual netflix,suscripciones
TX-001066,CUST-E0015,ACC-E0015A,"Jan 09, 2024",$20.52,Pesos,Spotify,suscripcion spotify,suscripciones
TX-004260,CUST-E0038,ACC-E0038A,"Jan 19, 2024",46.53,Dólares,Spotify,suscripcion spotify,suscripciones
TX-003415,CUST-E0027,ACC-E0027A,"Jan 07, 2024",15.50,cop,Farmacia Salud,medicinas,salud
TX-002091,CUST-E0028,ACC-E0028A,08/03/2024,43.52,Dólares,Netflix,suscripcion mensual netflix,suscripciones
TX-003467,CUST-E0024,ACC-E0024A,06/01/2024,366.80,Usd,estacion gasolina sol,gasolina,transporte
TX-002998,CUST-E0013,ACC-E0013A,"Feb 17, 2024",39.31,usd,Restaurante El Fogon,almuerzo restaurante,alimentacion
TX-003856,CUST-E0028,ACC-E0028A,2024-03-07,5362.98,USD,Uber,viaje uber,transporte
TX-003957,CUST-E0014,ACC-E0014A,22/03/2024,109.27,Dólares,INMOBILIARIA NORTE,renta apartamento,vivienda
TX-003019,CUST-E0018,ACC-E0018A,2024-02-06,$50.39,usd,Tienda Online XYZ,compra online,compras
TX-003020,CUST-E0017,ACC-E0017A,2024-02-01,$768.09,usd,INTERNET HOGAR,factura internet,servicios
TX-001048,cust-e0008,  ACC-E0008A ,"Feb 04, 2024",162.33, usd ,Tienda Online XYZ,compra online,compras
TX-002251,CUST-E0038,ACC-E0038A,27/02/2024,$22.60,USD,Netflix,,suscripciones
TX-000392,CUST-E0001,ACC-E0001A,01/01/2024,34.15,USD,Spotify,suscripcion spotify,suscripciones
TX-002734,CUST-E0004,ACC-E0004A,28/03/2024,31.56,Dólares,Tienda Online XYZ,compra online,
TX-004111,CUST-E0029,ACC-E0029A,2024-01-03,$165.27,Usd,Farmacia Salud,medicinas,salud
TX-001279,CUST-E0033,ACC-E0033A,06/01/2024,22.95,cop,Spotify,suscripcion spotify,suscripciones
TX-000613,CUST-E0005,ACC-E0005A,15/02/2024,56.05
TX-000309,CUST-E0014,ACC-E0014A,05/01/2024,$40.48,US$,Netflix,suscripcion mensual netflix,suscripciones
TX-002433,CUST-E0004,ACC-E0004A,2024-03-12,$20.73,,,compra online,compras
TX-004240,CUST-E0038,ACC-E0038A,12/03/2024,13.26,USD,Netflix,suscripcion mensual netflix,suscripciones
TX-000642,CUST-E0029,ACC-E0029A,25/01/2024,117.81,US$,Internet Hogar,factura internet,
TX-000170,CUST-E0007,ACC-E0007A,2024-03-23,$43.80,USD,NETFLIX,suscripcion mensual netflix,
TX-001408,CUST-E0040,ACC-E0040B,2024-03-23,108.56,USD,Uber,viaje uber,transporte
TX-002544,CUST-E0038,acc-e0038a,2024-03-23,$11.49,,Internet Hogar,factura internet,servicios
TX-003263,CUST-E0036,ACC-E0036A,03/02/2024,$31.72,US$,  Farmacia Salud ,medicinas,
TX-001286,CUST-E0026,ACC-E0026A,"Jan 29, 2024",234.83,Usd,Inmobiliaria Norte,renta apartamento,vivienda
TX-000179,,  ACC-E0010B ,06/03/2024,23.91, usd ,Spotify,suscripcion spotify,suscripciones
TX-003316,cust-e0028,ACC-E0028A,"Mar 05, 2024",684.38,Usd,Tienda Online XYZ,compra online,
TX-003983,cust-e0001,ACC-E0001A,11/03/2024,$71.00,Dólares,Tienda Online XYZ,compra online,compras
TX-000113,CUST-E0001,acc-e0001a,20/01/2024,$149.41,USD,Uber,,transporte
TX-000177,CUST-E0022,ACC-E0022A,22/02/2024,92.29,USD,Netflix,suscripcion mensual netflix,suscripciones
TX-002237,CUST-E0031,ACC-E0031A,"Feb 11, 2024",96.12,Dólares,Estacion Gasolina Sol,gasolina,transporte
TX-000666,CUST-E0038,ACC-E0038A,2024-02-28,27.69,US$,Inmobiliaria Norte,renta apartamento,vivienda
TX-001396,CUST-E0006,ACC-E0006A,2024-03-26,60.35,Usd,  Empresa de Luz ,factura luz,servicios
TX-002767,CUST-E0027,ACC-E0027A,03/02/2024,$15.76,cop,uber,viaje uber,transporte
TX-003367,CUST-E0018,ACC-E0018A,2024-01-15,184.94,Dólares,Tienda Online XYZ,compra online,compras
TX-001600,  CUST-E0018 ,acc-e0018a,20/03/2024,96.33,usd,Netflix,suscripcion mensual netflix,
TX-002684,CUST-E0037,ACC-E0037A,2024-01-11,44.67,Usd,,,salud
TX-001357,CUST-E0011,  ACC-E0011A ,"Feb 17, 2024",$19.93,Usd,Farmacia Salud,medicinas,salud
TX-002235,CUST-E0039,ACC-E0039A,19/03/2024,$36.19,USD,Farmacia Salud,medicinas,salud
TX-000470,CUST-E0010,ACC-E0010A,"Feb 20, 2024",41.98, usd ,Restaurante El Fogon,almuerzo restaurante,alimentacion
TX-001528,CUST-E0005,  ACC-E0005B ,2024-03-30,80.17,eur,Estacion Gasolina Sol,gasolina,transporte
TX-000598,  CUST-E0013 ,ACC-E0013A,22/02/2024,76.49,USD,Supermercado Central,compra semanal supermercado,
TX-001699,CUST-E0013,ACC-E0013A,"Feb 12, 2024",27.04,Dólares,TIENDA ONLINE XYZ,compra online,compras
TX-002402,CUST-E0030,ACC-E0030A,18/02/2024,9.34,Dólares,Inmobiliaria Norte,renta apartamento,vivienda
TX-000706,CUST-E0025,ACC-E0025B,2024-03-20,38.60,Usd,SUPERMERCADO CENTRAL,compra semanal supermercado,alimentacion
TX-002007,  CUST-E0007 ,ACC-E0007A,05/01/2024,34.06,USD,  Inmobiliaria Norte ,renta apartamento,
TX-000286,CUST-E0022,ACC-E0022A,2024-03-02,$119.05,US$,Internet Hogar,factura internet,servicios
TX-001323,CUST-E0038,ACC-E0038A,"Feb 12, 2024",13.34, usd ,,medicinas,salud
TX-003088,CUST-E0010,  ACC-E0010B ,2024-02-19,11.75,US$,Netflix,suscripcion mensual netflix,suscripciones
TX-000926,CUST-E0005,ACC-E0005A,2024-03-28,123.38,EUR,Inmobiliaria Norte,renta apartamento,
TX-003550,cust-e0032,ACC-E0032A,05/02/2024,138.57, usd ,  Spotify ,,suscripciones
TX-000040,CUST-E0012,ACC-E0012A,28/02/2024,77.79,US$,Estacion Gasolina Sol,gasolina,
TX-001510,CUST-E0016,ACC-E0016A,"Feb 03, 2024",$188.20,Dólares,Tienda Online XYZ,compra online,compras
TX-003534,cust-e0026,  ACC-E0026A ,2024-01-09,27.45,USD,Supermercado Central,compra semanal supermercado,alimentacion
TX-001512,CUST-E0020,ACC-E0020B,2024-01-12,194.68, usd ,Estacion Gasolina Sol,gasolina,transporte
TX-003123,CUST-E0018,ACC-E0018A,"Jan 02, 2024",$31.97,??,Internet Hogar,factura internet,servicios
TX-001766,CUST-E0024,acc-e0024a,2024-03-30,254.10,,Internet Hogar,factura internet,servicios
TX-002841,CUST-E0036,ACC-E0036A,"Mar 14, 2024",41.77, usd ,Netflix,,suscripciones
TX-001192,CUST-E0026,ACC-E0026A,2024-01-15,98.77,US$,Farmacia Salud,medicinas,salud
TX-001939,CUST-E0006,ACC-E0006A,2024-03-08,$162.59,USD,Uber,viaje uber,transporte
TX-002115,CUST-E0025,ACC-E0025B,"Feb 25, 2024",110.91,Usd,Inmobiliaria Norte,renta apartamento,
TX-002523,  CUST-E0030 ,ACC-E0030A,2024-02-14,17.29,usd,Empresa de Luz,factura luz,servicios
TX-001145,CUST-E0039,  ACC-E0039A ,"Jan 26, 2024",20.20,Dólares,Empresa de Luz,factura luz,servicios
TX-000543,cust-e0002,ACC-E0002A,01/02/2024,786.04,Usd,Uber,viaje uber,
TX-002718,CUST-E0027,ACC-E0027A,24/01/2024,52.16,Pesos,Netflix,suscripcion mensual netflix,
TX-001255,cust-e0023,ACC-E0023A,"Jan 26, 2024",246.19, usd ,Netflix,suscripcion mensual netflix,
TX-002560,CUST-E0013,ACC-E0013A,,108.07, usd ,Netflix,suscripcion mensual netflix,suscripciones
TX-000838,CUST-E0004,ACC-E0004A,06/03/2024,$23.70,Dólares,EMPRESA DE LUZ,factura luz,
TX-002830,CUST-E0034,ACC-E0034A,2024-01-14,"$12,137.88",USD,Spotify,suscripcion spotify,suscripciones
TX-004267,CUST-E0026,  ACC-E0026A ,2024-01-12,$106.28,US$,Tienda Online XYZ,compra online,compras
TX-003923,CUST-E0011,ACC-E0011A,2024-02-21,$19.97,US$,spotify,suscripcion spotify,suscripciones
TX-001215,CUST-E0039,ACC-E0039A,19/02/2024,17.76,US$,Empresa de Luz,factura luz,servicios
TX-001745,CUST-E0027,ACC-E0027A,2024-02-20,$23.48,Pesos,Spotify,suscripcion spotify,suscripciones
TX-001894,CUST-E0002,ACC-E0002A,"Feb 28, 2024",$63.89,Usd,Internet Hogar,factura internet,servicios
TX-001261,  CUST-E0004 ,  ACC-E0004A ,"Feb 08, 2024",$98.43, usd ,Netflix,suscripcion mensual netflix,suscripciones
TX-000869,CUST-E0037,ACC-E0037A,2024-02-05,148.60,US$,Empresa de Luz,factura luz,
TX-001931,CUST-E0022,ACC-E0022A,05/03/2024,$225.38, usd ,Restaurante El Fogon,almuerzo restaurante,
TX-001305,CUST-E0021,ACC-E0021A,2024-03-23,34.23,USD,Internet Hogar,factura internet,servicios
TX-000216,cust-e0012,ACC-E0012A,2024-03-23,,USD,Spotify,suscripcion spotify,
TX-002207,CUST-E0029,ACC-E0029A,2024-01-23,130.50,USD,Netflix,suscripcion mensual netflix,
TX-003803,  CUST-E0040 ,  ACC-E0040B ,30/01/2024,158.88,Usd,  Inmobiliaria Norte ,renta apartamento,vivienda
TX-004097,CUST-E0025,ACC-E0025B,11/01/2024,60.14,USD,Internet Hogar,factura internet,
TX-002584,CUST-E0025,ACC-E0025A,01/02/2024,129.13,US$,Farmacia Salud,medicinas,
TX-000412,CUST-E0015,ACC-E0015A,27/01/2024,9.47,COP,Inmobiliaria Norte,renta apartamento,vivienda
TX-002010,CUST-E0003,ACC-E0003A,02/01/2024,$14.32, usd ,Supermercado Central,compra semanal supermercado,alimentacion
TX-001498,CUST-E0027,ACC-E0027A,"Mar 27, 2024",49.78,cop,,compra online,
TX-000745,CUST-E0039,ACC-E0039A,01/02/2024,$98.52, usd ,Spotify,suscripcion spotify,suscripciones
TX-002551,CUST-E0019,acc-e0019a,29/03/2024,57.87,cop,,gasolina,transporte
TX-000929,CUST-E0037,ACC-E0037A,17/03/2024,52.83,Usd,Estacion Gasolina Sol,gasolina,transporte
TX-001238,CUST-E0028,ACC-E0028A,2024-01-29,$331.61,US$,Internet Hogar,factura internet,servicios
TX-003319,CUST-E0020,ACC-E0020A,14/03/2024,46.53, usd ,UBER,,
TX-003017,CUST-E0025,ACC-E0025A,"Mar 03, 2024",$74.69,usd,Farmacia Salud,medicinas,salud
TX-002665,CUST-E0025,acc-e0025b,21/03/2024,46.26, usd ,empresa de luz,factura luz,servicios
TX-002413,CUST-E0037,ACC-E0037A,"Feb 09, 2024",92.92, usd ,inmobiliaria norte,renta apartamento,vivienda
TX-002952,CUST-E0021,ACC-E0021A,"Mar 17, 2024",26.65,Usd,,medicinas,salud
TX-001367,CUST-E0029,ACC-E0029A,2024-02-27,150.18,USD,Estacion Gasolina Sol,gasolina,transporte
TX-002406,CUST-E0003,ACC-E0003A,14/01/2024,36.97, usd ,Farmacia Salud,medicinas,salud
TX-004179,  CUST-E0035 ,acc-e0035a,2024-03-14,155.79,eur,  Farmacia Salud ,medicinas,salud
TX-003829,CUST-E0006,ACC-E0006A,25/01/2024,169.75,US$,,renta apartamento,
TX-000671,CUST-E0026,  ACC-E0026A ,"Mar 11, 2024",$86.25,US$,tienda online xyz,compra online,compras
TX-001706,CUST-E0029,ACC-E0029A,2024-01-07,223.07,USD,Inmobiliaria Norte,renta apartamento,vivienda
TX-000522,CUST-E0025,ACC-E0025B,2024-02-17,34.01,usd,Empresa de Luz,,servicios
TX-001639,  CUST-E0027 ,  ACC-E0027A ,26/03/2024,17.98,cop,Restaurante El Fogon,almuerzo restaurante,alimentacion
TX-004218,CUST-E0013,ACC-E0013A,2024-01-14,$9.56,USD,netflix,,suscripciones
TX-002318,CUST-E0025,acc-e0025a,"Mar 20, 2024",$25.63, usd ,Spotify,suscripcion spotify,suscripciones
TX-002840,CUST-E0031,ACC-E0031A,2024-01-23,64.32, usd ,Restaurante El Fogon,almuerzo restaurante,alimentacion
TX-002367,CUST-E0037,ACC-E0037A,2024-01-14,$171.39,US$,INTERNET HOGAR,factura internet,servicios
TX-002036,CUST-E0020,ACC-E0020A,,72.33,US$,Restaurante El Fogon,almuerzo restaurante,alimentacion
TX-003892,  CUST-E0026 ,ACC-E0026A
TX-002489,CUST-E0005,ACC-E0005B,25/01/2024,40.22,eur,Estacion Gasolina Sol,gasolina,
TX-002789,  CUST-E0003 ,ACC-E0003A,2024-01-20,225.39,Dólares,  Spotify ,suscripcion spotify,suscripciones
TX-003686,CUST-E0020,ACC-E0020B,"Feb 22, 2024",76.21,US$,Tienda Online XYZ,,compras
TX-003484,CUST-E0024,ACC-E0024A,"Jan 23, 2024",154.98,Usd,Internet Hogar,factura internet,servicios
TX-000140,CUST-E0024,ACC-E0024A,,145.79,Usd,Uber,viaje uber,transporte
TX-000168,CUST-E0030,  ACC-E0030B ,29/01/2024,27.64,USD,Estacion Gasolina Sol,gasolina,
TX-002782,CUST-E0010,ACC-E0010B,2024-03-18,$24.94,USD,,renta apartamento,
TX-004003,CUST-E0001,ACC-E0001A,"Jan 17, 2024",$190.19, usd ,Farmacia Salud,medicinas,salud
TX-002229,CUST-E0020,ACC-E0020A,"Jan 13, 2024",96.77,Dólares,  Internet Hogar ,factura internet,servicios
TX-001322,CUST-E0036,ACC-E0036A,2024-02-02,17.15,USD,Empresa de Luz,factura luz,servicios
TX-003457,CUST-E0012,ACC-E0012A,"Jan 04, 2024",$88.38,Dólares,Supermercado Central,compra semanal supermercado,alimentacion
TX-000846,CUST-E0033,ACC-E0033A,"Feb 21, 2024",48.15,COP,SUPERMERCADO CENTRAL,compra semanal supermercado,alimentacion
TX-002646,CUST-E0008,ACC-E0008A,"Feb 17, 2024",$123.27,USD,Restaurante El Fogon,,alimentacion
TX-002566,CUST-E0037,ACC-E0037A,28/01/2024,119.71,USD,Inmobiliaria Norte,renta apartamento,vivienda
TX-001018,CUST-E0029,ACC-E0029A,13/01/2024,$121.53,US$,Uber,viaje uber,transporte
TX-004246,CUST-E0001,ACC-E0001A,07/01/2024,$165.28,Dólares,TIENDA ONLINE XYZ,compra online,compras
TX-002441,CUST-E0023,ACC-E0023A,2024-01-13,214.19,USD,Supermercado Central,compra semanal supermercado,alimentacion
TX-001673,  CUST-E0021 ,ACC-E0021A,24/01/2024,14.46,US$,Empresa de Luz,,servicios
TX-003817,CUST-E0003,ACC-E0003A,21/01/2024,6.37,usd,Spotify,suscripcion spotify,suscripciones
TX-003728,CUST-E0038,ACC-E0038A,21/02/2024,33.12,usd,Farmacia Salud,medicinas,
TX-003944,  CUST-E0035 ,ACC-E0035B,2024-03-17,114.86,EUR,Restaurante El Fogon,almuerzo restaurante,alimentacion
TX-001764,  CUST-E0012 ,ACC-E0012A,28/01/2024,90.06,usd,Netflix,suscripcion mensual netflix,suscripciones
TX-000908,CUST-E0026,ACC-E0026A,2024-03-09,32.78,,Inmobiliaria Norte,renta apartamento,vivienda
TX-000026,CUST-E0024,ACC-E0024A,2024-03-02,246.08, usd ,EMPRESA DE LUZ,factura luz,servicios
TX-004251,CUST-E0008,ACC-E0008A,27/01/2024,199.29,Dólares,Farmacia Salud,,salud
TX-003456,  CUST-E0008 ,ACC-E0008A,2024-01-27,120.98,Dólares,N/A,suscripcion spotify,
TX-003950,CUST-E0014,ACC-E0014A,11/03/2024,199.15,usd,,renta apartamento,vivienda
TX-002089,CUST-E0012,ACC-E0012A,19/02/2024,62.49,Usd,Farmacia Salud,medicinas,salud
TX-003212,CUST-E0027,ACC-E0027A,"Mar 03, 2024",$11.06,COP,spotify,suscripcion spotify,suscripciones
TX-001928,CUST-E0020,ACC-E0020B,14/02/2024,$273.81,USD,  Empresa de Luz ,factura luz,servicios
TX-001998,  CUST-E0019 ,ACC-E0019A,2024-02-07,558.06,cop,  Spotify ,suscripcion spotify,suscripciones
TX-004044,CUST-E0024,ACC-E0024A,08/02/2024,$293.08,USD,Supermercado Central,compra semanal supermercado,alimentacion
TX-001010,CUST-E0014,ACC-E0014A,2024-01-05,45.57,usd,Restaurante El Fogon,almuerzo restaurante,alimentacion
TX-000810,CUST-E0001,  ACC-E0001A ,"Jan 03, 2024",101.39, usd ,Internet Hogar,factura internet,servicios
TX-002301,CUST-E0028,ACC-E0028A,2024-01-26,77.96,usd,Restaurante El Fogon,almuerzo restaurante,alimentacion
TX-000459,CUST-E0013,ACC-E0013A,"Mar 06, 2024",$44.83,Dólares,Internet Hogar,factura internet,servicios
TX-001765,CUST-E0002,ACC-E0002A,2024-02-02,$42.00, usd ,ESTACION GASOLINA SOL,gasolina,transporte
TX-004137,CUST-E0039,ACC-E0039A,2024-01-31,52.00,USD,  Inmobiliaria Norte ,renta apartamento,
TX-001389,CUST-E0015,ACC-E0015A,12/02/2024,$30.01,Pesos,Internet Hogar,factura internet,servicios
TX-004143,CUST-E0017,ACC-E0017A,17/03/2024,$45.41,US$,Uber,viaje uber,transporte
TX-001351,CUST-E0004,ACC-E0004A,2024-02-17,59.81, usd ,TIENDA ONLINE XYZ,compra online,
TX-001859,CUST-E0032,  ACC-E0032A ,"Feb 01, 2024",55.77, usd ,Farmacia Salud,medicinas,salud
TX-002981,CUST-E0033,ACC-E0033A,2024-02-11,$40.26,,Estacion Gasolina Sol,,transporte
TX-003276,CUST-E0002,ACC-E0002A,25/01/2024,19.92, usd ,Estacion Gasolina Sol,gasolina,transporte
TX-000632,  CUST-E0019 ,ACC-E0019A,"Mar 13, 2024",$49.81,Pesos,Netflix,suscripcion mensual netflix,suscripciones
TX-002183,CUST-E0007,ACC-E0007A,,$231.67, usd ,Internet Hogar,factura internet,servicios
TX-001273,CUST-E0018,ACC-E0018A,"Feb 20, 2024",$76.12,Dólares,Restaurante El Fogon,almuerzo restaurante,alimentacion
TX-003652,CUST-E0010,ACC-E0010B,"Feb 09, 2024",17.06,Dólares,Restaurante El Fogon,almuerzo restaurante,alimentacion
TX-000283,CUST-E0007,ACC-E0007A,05/01/2024,149.94,Usd,  Inmobiliaria Norte ,renta apartamento,
TX-000089,CUST-E0022,ACC-E0022A,2024-01-11,216.51,usd,Supermercado Central,compra semanal supermercado,alimentacion
TX-003312,cust-e0038,ACC-E0038A,26/02/2024,39.94,,Spotify,suscripcion spotify,suscripciones,extra,columnas
TX-001590,CUST-E0003,acc-e0003a,05/02/2024,$10.52,Dólares,Inmobiliaria Norte,renta apartamento,vivienda
TX-002018,CUST-E0019,ACC-E0019A,05/02/2024,$42.55,Pesos,Internet Hogar,,
TX-001683,CUST-E0004,ACC-E0004A,"Feb 09, 2024",26.31,Usd,Netflix,suscripcion mensual netflix,suscripciones
TX-000487,CUST-E0016,ACC-E0016A,"Feb 03, 2024",$194.05,,TIENDA ONLINE XYZ,compra online,compras
TX-001821,CUST-E0006,ACC-E0006A,27/03/2024,$126.29,usd,Estacion Gasolina Sol,gasolina,
TX-002999,CUST-E0024,ACC-E0024A,26/01/2024,$48.92,Usd,Supermercado Central,compra semanal supermercado,
TX-002387,CUST-E0006,ACC-E0006A,04/01/2024,70.19,US$,Supermercado Central,compra semanal supermercado,alimentacion
TX-000631,CUST-E0025,ACC-E0025A,2024-03-21,$26.05,usd,Empresa de Luz,factura luz,
TX-002013,  CUST-E0015 ,acc-e0015a,"Jan 26, 2024",19.79,Pesos,estacion gasolina sol,gasolina,
TX-003098,CUST-E0011,ACC-E0011A,12/02/2024,19.07,Usd,Restaurante El Fogon,almuerzo restaurante,alimentacion
TX-002059,cust-e0036,ACC-E0036A,2024-01-14,$39.05,Dólares,Tienda Online XYZ,compra online,
TX-002111,CUST-E0040,ACC-E0040B,12/01/2024,112.00, usd ,Inmobiliaria Norte,renta apartamento,vivienda
TX-001941,CUST-E0034,ACC-E0034A,"Mar 27, 2024",$215.96,Dólares,  Tienda Online XYZ ,compra online,
TX-002481,CUST-E0024,ACC-E0024A,"Feb 03, 2024",$101.93,Usd,  Farmacia Salud ,medicinas,salud
TX-004275,CUST-E0038,ACC-E0038A,"Jan 25, 2024",17.25,usd,Supermercado Central,compra semanal supermercado,
TX-002550,  CUST-E0013 ,ACC-E0013A,"Mar 13, 2024",$54.87,??,NETFLIX,,suscripciones
TX-001808,CUST-E0031,ACC-E0031A,2024-01-19,97.68,,Uber,viaje uber,transporte
TX-004041,CUST-E0020,ACC-E0020B,2024-02-19,211.94,US$,Empresa de Luz,factura luz,servicios
TX-001308,CUST-E0007,ACC-E0007A,06/03/2024,63.73,Dólares,Inmobiliaria Norte,renta apartamento,
TX-001156,CUST-E0024,ACC-E0024A,2024-03-30,$137.86, usd ,Internet Hogar,factura internet,servicios
TX-000187,CUST-E0036,ACC-E0036A,"Mar 27, 2024",$95.61, usd ,SUPERMERCADO CENTRAL,,alimentacion
TX-004033,CUST-E0011,acc-e0011a,"Jan 30, 2024",25.62,US$,Internet Hogar,factura internet,servicios
TX-003272,  CUST-E0040 ,ACC-E0040A,28/01/2024,83.95,usd,RESTAURANTE EL FOGON,almuerzo restaurante,alimentacion
TX-000480,CUST-E0040,acc-e0040a,01/01/2024,$70.15,USD,Farmacia Salud,medicinas,salud
TX-000696,CUST-E0030,ACC-E0030B,"Jan 24, 2024",6.88,US$,Tienda Online XYZ,compra online,
TX-002540,CUST-E0003,ACC-E0003A,2024-01-07,$11.03, usd ,,compra online,compras
TX-003558,CUST-E0034,ACC-E0034A,24/01/2024,85.54,usd,Netflix,suscripcion mensual netflix,suscripciones
TX-002273,  CUST-E0033 ,ACC-E0033A,2024-02-25,57.25,COP,Internet Hogar,factura internet,
TX-000488,CUST-E0009,ACC-E0009A,2024-03-17,32.25,usd,  Farmacia Salud ,medicinas,salud
TX-001409,CUST-E0028,ACC-E0028A,"Mar 09, 2024",167.65,US$,Restaurante El Fogon,almuerzo restaurante,
TX-003489,CUST-E0014,ACC-E0014A,"Jan 05, 2024",78.33,Usd,Supermercado Central,compra semanal supermercado,alimentacion
TX-000085,CUST-E0018,ACC-E0018A,25/02/2024,68.46,USD,Farmacia Salud,medicinas,salud
TX-003007,CUST-E0037,ACC-E0037A,2024-01-05,$218.05,Dólares,Supermercado Central,compra semanal supermercado,alimentacion
TX-001677,cust-e0020,ACC-E0020A,"Jan 02, 2024",206.08,usd,Supermercado Central,,alimentacion
TX-002636,CUST-E0040,ACC-E0040B,12/03/2024,54.18,usd,Inmobiliaria Norte,renta apartamento,
TX-003870,  CUST-E0028 ,ACC-E0028A,03/01/2024,280.88,Usd,Spotify,suscripcion spotify,
TX-001413,CUST-E0008,ACC-E0008A,2024-02-18,$122.95,usd,Farmacia Salud,medicinas,salud
TX-002035,  CUST-E0003 ,ACC-E0003A,"Feb 04, 2024",15.56,USD,Supermercado Central,compra semanal supermercado,alimentacion
TX-000655,  CUST-E0003 ,ACC-E0003A,"Mar 26, 2024",13.54,Dólares,Farmacia Salud,medicinas,salud
TX-003646,CUST-E0009,ACC-E0009A,2024-03-05,7.77, usd ,Empresa de Luz,factura luz,servicios
TX-003970,CUST-E0012,ACC-E0012A,"Jan 08, 2024",136.21,Usd,uber,viaje uber,transporte
TX-002812,CUST-E0027,ACC-E0027A,"Feb 18, 2024",226.87,cop,Spotify,suscripcion spotify,
TX-001053,CUST-E0009,acc-e0009a,2024-01-30,37.54,Dólares,SPOTIFY,suscripcion spotify,suscripciones
TX-002389,CUST-E0027,ACC-E0027A,"Jan 12, 2024",$46.38,cop,Internet Hogar,factura internet,servicios
TX-002590,CUST-E0023,  ACC-E0023A ,"Feb 21, 2024",$61.21, usd ,Tienda Online XYZ,compra online,compras
TX-000087,CUST-E0030,ACC-E0030A,2024-03-25,$36.42,usd,tienda online xyz,compra online,
TX-002995,CUST-E0035,ACC-E0035A,"Jan 06, 2024",91.42,EUR,Spotify,suscripcion spotify,suscripciones
TX-002132,CUST-E0010,ACC-E0010A,17/01/2024,85.17,Usd,Internet Hogar,factura internet,servicios
TX-000556,CUST-E0003,ACC-E0003A,"Mar 06, 2024",$15.04,usd,  Spotify ,suscripcion spotify,suscripciones
TX-000467,CUST-E0038,ACC-E0038A,2024-01-26,11.32,,,suscripcion mensual netflix,suscripciones
TX-000196,CUST-E0003,ACC-E0003A,24/03/2024,15.49,Dólares,Estacion Gasolina Sol,gasolina,transporte
TX-002714,CUST-E0004,  ACC-E0004A ,05/03/2024,19.92, usd ,Restaurante El Fogon,almuerzo restaurante,
TX-003247,CUST-E0028,ACC-E0028A,"Mar 02, 2024",193.61,US$,Farmacia Salud,,
TX-004272,  CUST-E0027 ,ACC-E0027A,2024-02-16,128.72,Pesos,estacion gasolina sol,,transporte
TX-001879,CUST-E0030,ACC-E0030B,"Jan 14, 2024",32.84,US$,estacion gasolina sol,gasolina,transporte
TX-000752,CUST-E0036,ACC-E0036A,2024-02-05,114.92,Usd,Internet Hogar,,servicios
TX-003987,CUST-E0008,ACC-E0008A,2024-03-30,$27.61,US$,Farmacia Salud,medicinas,salud
TX-002015,CUST-E0013,ACC-E0013A,"Feb 10, 2024",$65.29, usd ,Farmacia Salud,medicinas,
TX-002645,CUST-E0040,ACC-E0040B,"Feb 09, 2024",50.63,USD,Estacion Gasolina Sol,gasolina,
TX-000293,CUST-E0005,ACC-E0005B,2024-01-18,2664.87,eur,Tienda Online XYZ,compra online,compras
TX-000384,CUST-E0010,ACC-E0010A,31/01/2024,60.01,Usd,Inmobiliaria Norte,renta apartamento,vivienda
TX-002378,CUST-E0012,ACC-E0012A,"Jan 13, 2024",$75.84, usd ,  Supermercado Central ,,alimentacion
TX-003972,CUST-E0031,ACC-E0031A,2024-03-15,-55.37,Dólares,Restaurante El Fogon,almuerzo restaurante,alimentacion
TX-000282,CUST-E0016,  ACC-E0016A ,01/01/2024,311.09,,Tienda Online XYZ,compra online,compras
TX-003204,  CUST-E0009 ,ACC-E0009A,"Jan 31, 2024",17.27,usd,  Farmacia Salud ,medicinas,salud
TX-000562,CUST-E0038,ACC-E0038A,"Jan 15, 2024",$25.92,usd,,almuerzo restaurante,alimentacion
TX-001897,CUST-E0012,ACC-E0012A,19/01/2024,$65.14,bitcoins,  Inmobiliaria Norte ,renta apartamento,
TX-000758,cust-e0035,ACC-E0035A,22/01/2024,$103.03,Euros,Estacion Gasolina Sol,gasolina,transporte
TX-000528,cust-e0039,ACC-E0039A,19/02/2024,$16.61, usd ,,almuerzo restaurante,alimentacion
TX-003634,CUST-E0016,ACC-E0016A,2024-02-10,224.97,usd,Tienda Online XYZ,compra online,
TX-003916,CUST-E0026,acc-e0026a,24/03/2024,46.24,usd,Tienda Online XYZ,compra online,compras
TX-002744,CUST-E0007,ACC-E0007A,24/02/2024,54.16,USD,supermercado central,compra semanal supermercado,alimentacion
TX-000172,CUST-E0032,ACC-E0032A,2024-01-08,105.01,USD,Inmobiliaria Norte,,vivienda
TX-002339,CUST-E0025,ACC-E0025B,"Feb 23, 2024",139.33,Dólares,Uber,,transporte
TX-003051,CUST-E0039,ACC-E0039A,2024-01-21,$62.50,Usd,Inmobiliaria Norte,renta apartamento,vivienda
TX-003425,CUST-E0017,ACC-E0017A,"Feb 28, 2024",65.80,USD,  Estacion Gasolina Sol ,gasolina,transporte
TX-002165,CUST-E0001,  ACC-E0001A ,"Jan 25, 2024",40.89,US$,Spotify,suscripcion spotify,suscripciones
TX-002131,CUST-E0029,ACC-E0029A,20/01/2024,$270.71,US$,Spotify,suscripcion spotify,suscripciones
TX-003544,CUST-E0023,ACC-E0023A,2024-01-31,76.02,Dólares,Spotify,suscripcion spotify,suscripciones
TX-001779,CUST-E0033,ACC-E0033A,25/01/2024,79.83,cop,,medicinas,salud
TX-002962,CUST-E0033,ACC-E0033A,2024-03-09,47.02,Pesos,Restaurante El Fogon,almuerzo restaurante,alimentacion
TX-004031,  CUST-E0025 ,ACC-E0025B,06/01/2024,$33.19,USD,  Restaurante El Fogon ,almuerzo restaurante,alimentacion
TX-001653,CUST-E0021,ACC-E0021A,04/03/2024,16.54,Usd,  Supermercado Central ,compra semanal supermercado,alimentacion
TX-002375,CUST-E0023,ACC-E0023A,"Mar 27, 2024",$253.63,Dólares,Restaurante El Fogon,almuerzo restaurante,alimentacion
TX-002082,CUST-E0006,ACC-E0006A,"Feb 22, 2024",317.85,usd,Estacion Gasolina Sol,gasolina,transporte
TX-003444,CUST-E0035,ACC-E0035B,"Mar 04, 2024",91.13,Euros,Netflix,suscripcion mensual netflix,suscripciones
TX-002213,CUST-E0018,ACC-E0018A,25/01/2024,291.35,usd,Supermercado Central,compra semanal supermercado,alimentacion
TX-001370,cust-e0010,ACC-E0010B,02/02/2024,$51.86,US$,Estacion Gasolina Sol,,transporte
TX-001115,CUST-E0023,ACC-E0023A,"Feb 17, 2024",$120.92, usd ,tienda online xyz,compra online,
TX-002526,  CUST-E0008 ,ACC-E0008A,27/01/2024,74.89,Usd,,compra semanal supermercado,alimentacion
TX-000326,CUST-E0008,  ACC-E0008A ,"Jan 03, 2024",153.23,usd,INTERNET HOGAR,factura internet,servicios
TX-002308,CUST-E0002,ACC-E0002A,23/03/2024,$23.79,usd,Supermercado Central,compra semanal supermercado,alimentacion
TX-003274,CUST-E0038,ACC-E0038A,"Feb 22, 2024",12.01,Usd,tienda online xyz,,
TX-003910,CUST-E0025,ACC-E0025B,2024-02-10,129.25,usd,Farmacia Salud,medicinas,salud
TX-004104,cust-e0010,ACC-E0010A,"Jan 13, 2024",6.08,usd,Internet Hogar,factura internet,servicios
TX-001523,CUST-E0023,ACC-E0023A,2024-03-13,113.14,Usd,  Supermercado Central ,compra semanal supermercado,alimentacion
TX-002973,CUST-E0017,ACC-E0017A,2024-01-25,302.17,USD,Netflix,suscripcion mensual netflix,suscripciones
TX-000711,CUST-E0024,acc-e0024a,07/02/2024,$184.43,US$,Inmobiliaria Norte,renta apartamento,
TX-004120,  CUST-E0023 ,ACC-E0023A,2024-02-09,170.93,US$,ESTACION GASOLINA SOL,gasolina,
TX-000510,CUST-E0023,ACC-E0023A,"Feb 16, 2024",$37.69,usd,Uber,viaje uber,transporte
TX-002123,CUST-E0037,ACC-E0037A,2024-01-06,$28.31,USD,Inmobiliaria Norte,renta apartamento,
TX-001459,CUST-E0009,ACC-E0009A,2024-03-05,20.18,Dólares,Spotify,suscripcion spotify,suscripciones,extra,columnas
TX-002690,CUST-E0038,ACC-E0038A,20/02/2024,$16.70,US$,Uber,viaje uber,transporte
TX-003671,CUST-E0019,ACC-E0019A,05/02/2024,18.78,cop,Estacion Gasolina Sol,gasolina,transporte
TX-001259,CUST-E0017,ACC-E0017A,"Jan 09, 2024",147.20,Usd,Restaurante El Fogon,almuerzo restaurante,alimentacion
TX-000049,CUST-E0028,ACC-E0028A,23/02/2024,$91.11,usd,Internet Hogar,factura internet,
TX-000791,CUST-E0012,acc-e0012a,"Feb 25, 2024",46.95,USD,TIENDA ONLINE XYZ,compra online,compras
TX-001033,CUST-E0016,ACC-E0016A,"Jan 07, 2024",93.61,Dólares,Estacion Gasolina Sol,gasolina,transporte
TX-002030,CUST-E0031,ACC-E0031A,"Jan 30, 2024",331.70,Usd,Restaurante El Fogon,almuerzo restaurante,alimentacion
TX-002975,cust-e0006,ACC-E0006A,2024-01-13,87.72,usd,Supermercado Central,compra semanal supermercado,alimentacion
TX-001532,CUST-E0036,acc-e0036a,"Mar 16, 2024",103.98,USD,Uber,viaje uber,transporte
TX-002924,CUST-E0008,ACC-E0008A,2024-01-28,101.71,US$,Internet Hogar,factura internet,servicios
TX-000119,cust-e0010,ACC-E0010A,"Feb 25, 2024",25.87, usd ,internet hogar,factura internet,servicios
TX-000609,CUST-E0010,ACC-E0010B,2024-02-29,,US$,Farmacia Salud,medicinas,salud
TX-002117,CUST-E0007,  ACC-E0007A ,2024-02-29,$100.59,Dólares,Uber,viaje uber,
TX-001913,CUST-E0023,ACC-E0023A,"Jan 27, 2024",$152.03,US$,INMOBILIARIA NORTE,renta apartamento,vivienda
TX-003554,CUST-E0015,  ACC-E0015B ,"Mar 18, 2024",$28.94,cop,Supermercado Central,compra semanal supermercado,alimentacion
TX-003655,CUST-E0025,ACC-E0025A,"Feb 22, 2024",$29.09,Dólares,  Supermercado Central ,compra semanal supermercado,alimentacion
TX-002011,CUST-E0031,ACC-E0031A,13/02/2024,$110.10,Dólares,Farmacia Salud,medicinas,salud
TX-000285,CUST-E0029,ACC-E0029A,2024-01-07,261.17,Usd,Uber,,transporte
TX-002145,CUST-E0032,ACC-E0032A,27/03/2024,356.33,Dólares,  Supermercado Central ,compra semanal supermercado,alimentacion
TX-003326,CUST-E0034,ACC-E0034A,26/02/2024,$110.18,,Tienda Online XYZ,compra online,
TX-003404,CUST-E0032,ACC-E0032A,2024-03-07,94.27,Usd,Empresa de Luz,factura luz,servicios
TX-000596,CUST-E0011,ACC-E0011A,22/03/2024,22.80,US$,  Uber ,viaje uber,transporte
TX-003770,CUST-E0019,ACC-E0019A,"Jan 16, 2024",$58.49,COP,Uber,viaje uber,transporte
TX-000602,CUST-E0013,acc-e0013a,14/01/2024,$68.65,Usd,Tienda Online XYZ,compra online,compras
TX-000214,cust-e0025,ACC-E0025B,2024-13-45,24.99,USD,Estacion Gasolina Sol,gasolina,transporte
TX-002395,CUST-E0007,ACC-E0007A,"Mar 26, 2024",$156.63,usd,Supermercado Central,compra semanal supermercado,alimentacion
TX-004248,CUST-E0040,ACC-E0040A,2024-02-24,$20.49,Dólares,Spotify,suscripcion spotify,suscripciones
TX-000826,CUST-E0009,  ACC-E0009A ,2024-02-16,$24.66,US$,INTERNET HOGAR,,servicios
TX-001888,cust-e0007,ACC-E0007A,14/02/2024,68.59,usd,FARMACIA SALUD,medicinas,salud
TX-003500,CUST-E0002,ACC-E0002A,2024-03-13,$28.56,Dólares,Estacion Gasolina Sol,gasolina,transporte
TX-003985,CUST-E0014,ACC-E0014A,2024-03-16,100.29,Dólares,Inmobiliaria Norte,,
TX-000082,CUST-E0023,ACC-E0023A,2024-03-09,$85.88,Usd,Tienda Online XYZ,compra online,compras
TX-003450,CUST-E0008,ACC-E0008A,2024-02-23,77.19, usd ,Farmacia Salud,medicinas,
TX-002385,  CUST-E0037 ,ACC-E0037A,"Mar 12, 2024",52.20,US$,Inmobiliaria Norte,renta apartamento,vivienda
TX-000385,CUST-E0016,ACC-E0016A,2024-03-16,155.89,Dólares,,compra semanal supermercado,alimentacion
TX-003627,CUST-E0039,ACC-E0039A,2024-02-08,$52.64,US$,  Estacion Gasolina Sol ,gasolina,
TX-000639,CUST-E0005,ACC-E0005B,05/03/2024,30.45,EUR,Farmacia Salud,medicinas,salud
TX-001684,CUST-E0036,ACC-E0036A,"Mar 23, 2024",$51.22,Usd,Tienda Online XYZ,compra online,
TX-003908,CUST-E0031,  ACC-E0031A ,N/A,34.95,Usd,Inmobiliaria Norte,renta apartamento,vivienda
TX-000999,CUST-E0012,ACC-E0012A,06/02/2024,151.99,USD,Supermercado Central,compra semanal supermercado,alimentacion
TX-000104,CUST-E0019,ACC-E0019A,20/02/2024,31.24,cop,Uber,viaje uber,transporte
TX-003021,CUST-E0033,ACC-E0033A,"Feb 27, 2024",$18.18,Pesos,Estacion Gasolina Sol,gasolina,transporte
TX-002216,CUST-E0033,ACC-E0033A,07/03/2024,$35.54,cop,Tienda Online XYZ,compra online,
TX-001650,CUST-E0018,acc-e0018a,2024-03-11,235.51,US$,Inmobiliaria Norte,renta apartamento,vivienda
TX-001084,  CUST-E0022 ,ACC-E0022A,"Mar 14, 2024",547.67,Dólares,Tienda Online XYZ,compra online,
TX-000572,CUST-E0038,ACC-E0038A,2024-02-27,47.99,US$,Tienda Online XYZ,compra online,compras
TX-002160,CUST-E0012,ACC-E0012A,"Jan 08, 2024",$82.31,Usd,Tienda Online XYZ,compra online,compras
TX-003481,CUST-E0003,ACC-E0003A,17/01/2024,6.81,Dólares,  Empresa de Luz ,factura luz,servicios
TX-001494,CUST-E0005,ACC-E0005B,2024-03-05,$70.26,eur,Tienda Online XYZ,compra online,compras
TX-001027,CUST-E0018,ACC-E0018A,18/01/2024,$260.45,usd,internet hogar,factura internet,servicios
TX-001056,CUST-E0018,ACC-E0018A,2024-03-05,$218.36,Dólares,Netflix,suscripcion mensual netflix,
TX-000398,CUST-E0005,ACC-E0005A,03/03/2024,$47.17,Euros,Netflix,suscripcion mensual netflix,suscripciones
TX-002094,cust-e0035,ACC-E0035B,"Feb 16, 2024",$177.04,,Netflix,suscripcion mensual netflix,suscripciones
TX-000006,CUST-E0006,ACC-E0006A,"Mar 28, 2024",$239.92,US$,Internet Hogar,factura internet,servicios
TX-003583,CUST-E0017,ACC-E0017A,"Feb 03, 2024",$158.98,Usd,Empresa de Luz,factura luz,servicios
TX-000610,cust-e0009,ACC-E0009A,"Mar 17, 2024",$11.75,US$,N/A,viaje uber,
TX-001387,CUST-E0003,ACC-E0003A,2024-03-06,15.29,usd,Uber,viaje uber,
TX-001601,CUST-E0013,  ACC-E0013A ,"Jan 28, 2024",95.21,US$,N/A,compra online,compras
TX-002275,CUST-E0033,ACC-E0033A,02/03/2024,$91.83,COP,Empresa de Luz,factura luz,servicios
TX-003147,CUST-E0007,ACC-E0007A,12/01/2024,349.68, usd ,Inmobiliaria Norte,renta apartamento,vivienda
TX-000471,CUST-E0039,ACC-E0039A,2024-01-03,15.21,usd,Inmobiliaria Norte,renta apartamento,vivienda
TX-003690,,ACC-E0009A,N/A,21.26,Dólares,Inmobiliaria Norte,renta apartamento,vivienda
TX-000710,CUST-E0012,ACC-E0012A,"Mar 22, 2024",$77.03,US$,  Netflix ,,suscripciones
TX-002314,CUST-E0038,ACC-E0038A,17/01/2024,$10.45,Dólares,Netflix,suscripcion mensual netflix,suscripciones
TX-001520,CUST-E0013,ACC-E0013A,02/03/2024,$20.90,Dólares,Inmobiliaria Norte,renta apartamento,vivienda
TX-000720,CUST-E0001,acc-e0001a,13/03/2024,126.66,US$,Farmacia Salud,medicinas,
TX-001927,CUST-E0007,ACC-E0007A,03/01/2024,79.18,US$,Estacion Gasolina Sol,gasolina,transporte
TX-000382,CUST-E0040,ACC-E0040A,"Jan 05, 2024",87.33,Usd,Supermercado Central,compra semanal supermercado,alimentacion
TX-003584,CUST-E0027,ACC-E0027A,27/03/2024,21.76,cop,Internet Hogar,factura internet,servicios
TX-001664,  CUST-E0021 ,ACC-E0021A,15/01/2024,11.04, usd ,FARMACIA SALUD,medicinas,salud
TX-003342,CUST-E0033,  ACC-E0033A ,15/03/2024,35.59,cop,Farmacia Salud,medicinas,salud
TX-001416,CUST-E0001,ACC-E0001A,31/02/2024,$25.74,US$,Estacion Gasolina Sol,gasolina,transporte
TX-002458,CUST-E0017,ACC-E0017A,2024-01-18,190.41,usd,Supermercado Central,compra semanal supermercado,
TX-000563,  CUST-E0007 ,ACC-E0007A,2024-02-28,$182.91, usd ,Netflix,suscripcion mensual netflix,
TX-000145,CUST-E0020,  ACC-E0020B ,"Jan 23, 2024",76.84,,Inmobiliaria Norte,renta apartamento,
TX-001457,CUST-E0033,ACC-E0033A,"Feb 18, 2024",$41.35,Pesos,  Tienda Online XYZ ,compra online,
TX-001736,CUST-E0009,ACC-E0009A,08/01/2024,$7.63,Usd,Supermercado Central,compra semanal supermercado,
TX-002658,CUST-E0009,ACC-E0009A,,11.93,US$,Inmobiliaria Norte,renta apartamento,vivienda
TX-003920,CUST-E0006,ACC-E0006A,"Feb 12, 2024",$253.55,USD,UBER,,transporte
TX-001014,CUST-E0022,  ACC-E0022A ,2024-02-24,78.54, usd ,Inmobiliaria Norte,renta apartamento,
TX-003960,CUST-E0030,ACC-E0030B,"Jan 28, 2024",13.93,Usd,Uber,viaje uber,transporte
TX-001443,CUST-E0004,ACC-E0004A,21/03/2024,38.77,Dólares,Tienda Online XYZ,compra online,compras
TX-000851,CUST-E0014,ACC-E0014A,01/03/2024,"$9,999,999.99",usd,Supermercado Central,,alimentacion
TX-003201,CUST-E0038,  ACC-E0038A ,24/03/2024,$10.13,Dólares,Restaurante El Fogon,,alimentacion
TX-001754,CUST-E0004,ACC-E0004A,2024-01-24,37.34, usd ,Farmacia Salud,medicinas,salud
TX-001470,CUST-E0018,ACC-E0018A,01/02/2024,85.12, usd ,NETFLIX,,suscripciones
TX-001715,CUST-E0018,ACC-E0018A,02/03/2024,,USD,Tienda Online XYZ,compra online,compras
TX-000223,CUST-E0012,ACC-E0012A,"Feb 06, 2024",$140.93,usd,Internet Hogar,factura internet,servicios
TX-000982,cust-e0032,ACC-E0032A,"Feb 15, 2024",157.74,USD,Estacion Gasolina Sol,gasolina,transporte
TX-004026,CUST-E0021,  ACC-E0021A ,"Feb 05, 2024",$31.69,USD,  Tienda Online XYZ ,compra online,compras
TX-003791,CUST-E0025,ACC-E0025B,"Jan 27, 2024",30.75,Usd,Empresa de Luz,factura luz,servicios
TX-004266,CUST-E0038,ACC-E0038A,2024-01-31,4.67,USD,Farmacia Salud,medicinas,salud
TX-002935,CUST-E0002,ACC-E0002A,"Mar 01, 2024",34.03,Usd,Supermercado Central,compra semanal supermercado,alimentacion
TX-000519,  CUST-E0035 ,ACC-E0035B,2024-02-18,188.38,Euros,Uber,viaje uber,transporte
TX-001748,CUST-E0012,ACC-E0012A,10/02/2024,"1,2,3.4",US$,Empresa de Luz,factura luz,servicios
TX-000012,CUST-E0019,ACC-E0019A,22/01/2024,63.82,cop,Farmacia Salud,medicinas,salud
TX-003116,CUST-E0038,ACC-E0038A,"Feb 01, 2024",13.17,Usd,Empresa de Luz,factura luz,
TX-002483,CUST-E0013,ACC-E0013A,2024-01-04,84.82,USD,Supermercado Central,compra semanal supermercado,alimentacion
TX-000918,CUST-E0002,ACC-E0002A,2024-03-04,$31.65,usd,  Spotify ,suscripcion spotify,
TX-003867,CUST-E0017,  ACC-E0017A ,"Jan 18, 2024",99.46,usd,Tienda Online XYZ,compra online,
TX-002161,CUST-E0012,ACC-E0012A,"Feb 20, 2024",35.62,USD,Farmacia Salud,,salud
TX-001848,CUST-E0036,ACC-E0036A,2024-01-21,$35.23,Dólares,Internet Hogar,factura internet,servicios
TX-001123,CUST-E0021,ACC-E0021A,"Feb 09, 2024",17.97,Dólares,restaurante el fogon,almuerzo restaurante,alimentacion
TX-003190,CUST-E0019,ACC-E0019A,"Feb 14, 2024",20.08,Pesos,Supermercado Central,compra semanal supermercado,
TX-000070,cust-e0023,ACC-E0023A,2024-02-06,69.24, usd ,Farmacia Salud,medicinas,salud
TX-000387,  CUST-E0027 ,ACC-E0027A,2024-01-07,$21.52,COP,Internet Hogar,factura internet,
TX-002178,CUST-E0005,ACC-E0005B,2024-03-22,95.95,eur,Spotify,suscripcion spotify,suscripciones
TX-002632,CUST-E0010,ACC-E0010A,19/01/2024,$9.62,Dólares,Internet Hogar,,servicios
TX-004028,CUST-E0028,ACC-E0028A,"Mar 02, 2024",$154.67, usd ,Spotify,,suscripciones
TX-004066,CUST-E0019,ACC-E0019A,22/03/2024,$66.91,COP,,compra online,compras
TX-001582,CUST-E0021,ACC-E0021A,"Jan 29, 2024",60.13,US$,TIENDA ONLINE XYZ,compra online,compras
TX-001837,CUST-E0038,ACC-E0038A,"Jan 19, 2024",$32.66,,Spotify,suscripcion spotify,suscripciones
TX-003054,  CUST-E0004 ,ACC-E0004A,2024-03-29,$34.08,US$,Spotify,suscripcion spotify,
TX-000544,CUST-E0005,ACC-E0005A,2024-03-22,130.20,eur,Estacion Gasolina Sol,,transporte
TX-000380,CUST-E0005,ACC-E0005A,2024-03-18,98.15,eur,Estacion Gasolina Sol,gasolina,transporte
TX-003353,CUST-E0025,ACC-E0025A,14/02/2024,$41.80,usd,,gasolina,transporte
TX-004276,CUST-E0010,ACC-E0010A,19/01/2024,$9.62,Dólares,Internet Hogar,,servicios
TX-002512,CUST-E0017,  ACC-E0017A ,20/02/2024,164.25,US$,  Internet Hogar ,factura internet,servicios
TX-003840,,ACC-E0034A,2024-02-27,120.52,US$,RESTAURANTE EL FOGON,almuerzo restaurante,alimentacion
TX-002927,CUST-E0013,ACC-E0013A,2024-02-11,28.28,USD,Estacion Gasolina Sol,gasolina,transporte
TX-000002,CUST-E0025,ACC-E0025A,03/01/2024,76.73,USD,Uber,viaje uber,transporte
TX-001456,CUST-E0037,ACC-E0037A,"Jan 10, 2024",$140.23,Dólares,Spotify,suscripcion spotify,suscripciones
TX-000099,  CUST-E0006 ,ACC-E0006A,2024-01-13,140.90,Usd,,medicinas,salud
TX-000788,cust-e0035,ACC-E0035B,2024-02-23,118.82,eur,  Supermercado Central ,compra semanal supermercado,alimentacion
TX-002938,CUST-E0005,ACC-E0005B,"Feb 08, 2024",,eur,internet hogar,factura internet,servicios
TX-003776,CUST-E0018,ACC-E0018A,2024-01-08,164.40,USD,Farmacia Salud,medicinas,salud
TX-003562,  CUST-E0039 ,ACC-E0039A,"Feb 03, 2024",37.52,Usd,Estacion Gasolina Sol,gasolina,transporte
TX-000307,CUST-E0022,ACC-E0022A,2024-03-26,76.99,US$,internet hogar,factura internet,
TX-004209,CUST-E0005,ACC-E0005A,02/01/2024,83.81,Euros,UBER,viaje uber,
TX-002244,CUST-E0005,ACC-E0005A,"Feb 20, 2024",58.50,EUR,Farmacia Salud,,salud
TX-003649,CUST-E0008,ACC-E0008A,27/03/2024,71.63,Dólares,Farmacia Salud,medicinas,salud
TX-004191,CUST-E0024,ACC-E0024A,2024-02-15,524.46, usd ,Farmacia Salud,medicinas,salud
TX-000496,CUST-E0024,ACC-E0024A,2024-01-15,$180.66,Usd,Spotify,,suscripciones
TX-000154,CUST-E0001,ACC-E0001A,"Jan 23, 2024",36.06,Usd,Tienda Online XYZ,compra online,compras
TX-003650,CUST-E0020,ACC-E0020B,06/01/2024,110.62,Dólares,Netflix,suscripcion mensual netflix,suscripciones
TX-000690,CUST-E0009,ACC-E0009A,2024-03-04,14.19,US$,  Inmobiliaria Norte ,renta apartamento,vivienda
TX-001805,CUST-E0013,ACC-E0013A,,50.58,Usd,Farmacia Salud,medicinas,salud
TX-002671,cust-e0020,ACC-E0020B,"Feb 24, 2024",149.16,Dólares,Internet Hogar,factura internet,servicios
TX-001681,cust-e0005,ACC-E0005B,12/01/2024,$80.32,Euros,Farmacia Salud,medicinas,salud
TX-003930,CUST-E0031,ACC-E0031A,09/01/2024,$131.99,usd,Spotify,suscripcion spotify,suscripciones
TX-002428,CUST-E0022,ACC-E0022A,2024-01-10,613.41,Usd,  Empresa de Luz ,factura luz,
TX-002794,CUST-E0013,ACC-E0013A,"Mar 08, 2024",50.75,usd,Inmobiliaria Norte,renta apartamento,vivienda
TX-003937,cust-e0001,ACC-E0001A,"Mar 07, 2024",$191.07,usd,Estacion Gasolina Sol,gasolina,transporte
TX-002268,CUST-E0008,ACC-E0008A,10/02/2024,54.14,Dólares,Uber,viaje uber,transporte
TX-001891,CUST-E0033,  ACC-E0033A ,2024-02-05,$7.93,Pesos,Inmobiliaria Norte,renta apartamento,vivienda
TX-002353,CUST-E0025,  ACC-E0025A ,26/02/2024,60.77,usd,TIENDA ONLINE XYZ,compra online,compras
TX-000402,CUST-E0013,ACC-E0013A,2024-03-20,105.72,usd,Inmobiliaria Norte,renta apartamento,vivienda
TX-002758,CUST-E0013,ACC-E0013A,"Mar 04, 2024",32.35,usd,Farmacia Salud,medicinas,salud
TX-001098,CUST-E0016,ACC-E0016A,06/03/2024,$294.86,Dólares,UBER,viaje uber,transporte
TX-003976,CUST-E0015,ACC-E0015B,2024-02-08,33.66,COP,Empresa de Luz,factura luz,servicios
TX-003674,CUST-E0007,ACC-E0007A,2024-02-03,144.24,usd,Restaurante El Fogon,almuerzo restaurante,alimentacion
TX-003934,CUST-E0018,ACC-E0018A,27/03/2024,$168.08,USD,Inmobiliaria Norte,renta apartamento,vivienda
TX-000356,CUST-E0033,ACC-E0033A,06/02/2024,82.65,COP,Netflix,suscripcion mensual netflix,suscripciones
TX-001605,CUST-E0030,ACC-E0030A,09/01/2024,18.17,usd,Supermercado Central,compra semanal supermercado,alimentacion
TX-001936,CUST-E0016,ACC-E0016A,2024-03-07,50.91,US$,Supermercado Central,compra semanal supermercado,alimentacion
TX-002626,CUST-E0009,ACC-E0009A,2024-02-02,132.53, usd ,Inmobiliaria Norte,renta apartamento,
TX-001671,CUST-E0039,ACC-E0039A,"Jan 07, 2024",18.74, usd ,Tienda Online XYZ,compra online,compras
TX-002027,CUST-E0027,ACC-E0027A,"Mar 14, 2024",107.98,cop,Supermercado Central,compra semanal supermercado,alimentacion
TX-002172,CUST-E0023,ACC-E0023A,2024-02-08,$229.28,US$,,,
TX-002317,CUST-E0003,ACC-E0003A,2024-02-13,$28.69,USD,  Supermercado Central ,compra semanal supermercado,alimentacion
TX-000197,CUST-E0030,ACC-E0030B,18/02/2024,26.82,Dólares,Tienda Online XYZ,compra online,compras
TX-001468,CUST-E0026,ACC-E0026A,10/01/2024,53.80,US$,supermercado central,compra semanal supermercado,
TX-000981,CUST-E0021,  ACC-E0021A ,"Jan 05, 2024",35.41,usd,TIENDA ONLINE XYZ,compra online,compras
TX-002796,  CUST-E0018 ,ACC-E0018A,"Jan 03, 2024",190.84,Dólares,Empresa de Luz,factura luz,servicios
TX-004227,CUST-E0006,ACC-E0006A,2024-02-17,176.75,Dólares,Spotify,suscripcion spotify,suscripciones
TX-000547,CUST-E0016,ACC-E0016A,2024-03-03,102.85,usd,Uber,viaje uber,transporte
TX-002411,CUST-E0022,  ACC-E0022A ,27/01/2024,110.39,USD,Spotify,suscripcion spotify,suscripciones
TX-002692,CUST-E0023,acc-e0023a,17/01/2024,112.70,Dólares,Spotify,suscripcion spotify,suscripciones
TX-003132,CUST-E0037,ACC-E0037A,2024-02-09,44.87,US$,UBER,,
TX-004050,CUST-E0005,ACC-E0005A,03/03/2024,44.61,EUR,Estacion Gasolina Sol,,transporte
TX-001707,CUST-E0030,ACC-E0030A,2024-01-21,24.62,US$,Empresa de Luz,factura luz,
TX-003965,CUST-E0015,ACC-E0015B,10/02/2024,54.68,COP,  Estacion Gasolina Sol ,gasolina,
TX-000416,cust-e0024,ACC-E0024A,"Jan 21, 2024",126.28,Usd,Spotify,suscripcion spotify,suscripciones
TX-003059,cust-e0004,ACC-E0004A,"Jan 02, 2024",$46.85,Dólares,Spotify,suscripcion spotify,
TX-002552,CUST-E0006,ACC-E0006A,2024-01-03,152.77,usd,Supermercado Central,compra semanal supermercado,alimentacion
TX-003929,cust-e0023,ACC-E0023A,2024-01-24,266.09,US$,  Estacion Gasolina Sol ,gasolina,
TX-001852,CUST-E0037,ACC-E0037A,2024-01-15,-33.21,usd,Netflix,suscripcion mensual netflix,suscripciones
TX-003097,CUST-E0010,ACC-E0010A,2024-03-05,$16.58,Usd,Estacion Gasolina Sol,gasolina,transporte
TX-001903,CUST-E0034,ACC-E0034A,2024-02-03,125.76,USD,Empresa de Luz,factura luz,servicios
TX-003249,CUST-E0040,ACC-E0040A,"Feb 28, 2024",$148.85,USD,Spotify,suscripcion spotify,suscripciones
TX-002546,  CUST-E0023 ,ACC-E0023A,18/01/2024,193.02,usd,Empresa de Luz,factura luz,
TX-003759,CUST-E0024,ACC-E0024A,"Jan 24, 2024",$102.90,usd,,factura luz,servicios
TX-000546,CUST-E0038,ACC-E0038A,04/02/2024,$18.59,usd,Empresa de Luz,factura luz,servicios
TX-001831,cust-e0032,ACC-E0032A,06/01/2024,150.65,Usd,Spotify,suscripcion spotify,suscripciones
TX-000669,CUST-E0026,ACC-E0026A,11/01/2024,$171.06,US$,Netflix,suscripcion mensual netflix,suscripciones
TX-003510,CUST-E0023,ACC-E0023A,09/02/2024,$64.90,Usd,Supermercado Central,compra semanal supermercado,alimentacion
TX-002625,CUST-E0006,ACC-E0006A,04/02/2024,145.18,Dólares,Supermercado Central,compra semanal supermercado,alimentacion
TX-000860,CUST-E0021,ACC-E0021A,2024-02-02,19.00,US$,TIENDA ONLINE XYZ,compra online,compras
TX-001676,CUST-E0002,ACC-E0002A,09/02/2024,14.69,USD,Netflix,suscripcion mensual netflix,
TX-003117,CUST-E0009,ACC-E0009A,01/03/2024,28.78,Usd,Farmacia Salud,,salud
TX-003604,cust-e0031,ACC-E0031A,2024-01-27,98.76,USD,Netflix,suscripcion mensual netflix,suscripciones
TX-003673,CUST-E0010,ACC-E0010A,"Mar 19, 2024",33.16,USD,Uber,viaje uber,transporte
TX-001564,CUST-E0013,ACC-E0013A,08/03/2024,"1,054.67",Dólares,Farmacia Salud,medicinas,salud
TX-000773,CUST-E0013,ACC-E0013A,21/03/2024,188.79,Usd,Spotify,suscripcion spotify,suscripciones
TX-000626,CUST-E0031,ACC-E0031A,"Feb 10, 2024",87.11, usd ,Empresa de Luz,factura luz,
TX-003804,CUST-E0019,ACC-E0019A,"Jan 11, 2024",45.41,cop,  Supermercado Central ,compra semanal supermercado,alimentacion
TX-001394,CUST-E0035,ACC-E0035B,01/02/2024,,eur,Netflix,suscripcion mensual netflix,suscripciones
TX-001652,  CUST-E0040 ,ACC-E0040B,09/03/2024,43.83,US$,supermercado central,compra semanal supermercado,alimentacion
TX-000320,CUST-E0016,ACC-E0016A,08/02/2024,63.68,Dólares,Uber,viaje uber,transporte
TX-000873,CUST-E0031,ACC-E0031A,17/01/2024,166.79,US$,Tienda Online XYZ,compra online,compras
TX-002914,CUST-E0007,ACC-E0007A,"Feb 20, 2024",-47.50,usd,Inmobiliaria Norte,renta apartamento,vivienda
TX-002668,  CUST-E0021 ,ACC-E0021A,"Jan 20, 2024",30.65,Dólares,Tienda Online XYZ,,compras
TX-000219,CUST-E0029,ACC-E0029A,18/02/2024,389.07,US$,RESTAURANTE EL FOGON,almuerzo restaurante,alimentacion
TX-004249,CUST-E0011,ACC-E0011A,2024-01-19,47.76,USD,Internet Hogar,factura internet,
TX-003030,cust-e0015,ACC-E0015A,"Feb 16, 2024",28.51,cop,Uber,,transporte
TX-001455,CUST-E0006,ACC-E0006A,2024-03-19,$115.13,USD,Restaurante El Fogon,almuerzo restaurante,alimentacion
TX-001667,  CUST-E0036 ,ACC-E0036A,2024-03-22,11.79, usd ,Uber,viaje uber,
TX-000368,CUST-E0037,ACC-E0037A,"Feb 11, 2024",126.27,usd,Restaurante El Fogon,almuerzo restaurante,alimentacion
TX-002253,CUST-E0015,  ACC-E0015B ,"Mar 14, 2024",46.53,cop,Farmacia Salud,medicinas,salud
TX-002496,  CUST-E0006 ,ACC-E0006A,"Mar 24, 2024",123.84,usd,Internet Hogar,factura internet,servicios
TX-001252,CUST-E0038,ACC-E0038A,2024-02-18,17.51, usd ,Spotify,suscripcion spotify,suscripciones
TX-002466,CUST-E0010,ACC-E0010A,07/01/2024,$16.01,Usd,Tienda Online XYZ,compra online,compras
TX-004222,CUST-E0029,acc-e0029a,25/01/2024,$150.85,usd,Netflix,suscripcion mensual netflix,suscripciones
TX-001210,CUST-E0016,ACC-E0016A,2024-01-12,222.53, usd ,Farmacia Salud,medicinas,salud
TX-003203,CUST-E0007,ACC-E0007A,01/02/2024,$58.48,usd,Estacion Gasolina Sol,gasolina,transporte
TX-001108,CUST-E0006,ACC-E0006A,04/01/2024,$334.90, usd ,Restaurante El Fogon,almuerzo restaurante,
TX-003232,CUST-E0006,ACC-E0006A,02/01/2024,$185.34,usd,Netflix,suscripcion mensual netflix,suscripciones
TX-003105,CUST-E0009,ACC-E0009A,"Feb 01, 2024",11.58,,Farmacia Salud,,salud
TX-000064,CUST-E0017,ACC-E0017A,2024-02-21,$116.24,Dólares,,compra semanal supermercado,
TX-000663,CUST-E0031,ACC-E0031A,"Jan 14, 2024",1381.29,USD,Supermercado Central,compra semanal supermercado,alimentacion
TX-003578,CUST-E0026,ACC-E0026A,"Mar 14, 2024",284.48,US$,Empresa de Luz,factura luz,servicios
TX-002063,CUST-E0005,ACC-E0005B,"Jan 23, 2024",$112.28,EUR,tienda online xyz,compra online,compras
TX-002693,cust-e0006,ACC-E0006A,2024-02-16,548.87,USD,Restaurante El Fogon,almuerzo restaurante,alimentacion
TX-002613,  CUST-E0015 ,ACC-E0015B,20/03/2024,41.69,COP,Spotify,suscripcion spotify,suscripciones
TX-002005,  CUST-E0009 ,ACC-E0009A,"Jan 06, 2024",$31.95, usd ,Restaurante El Fogon,almuerzo restaurante,alimentacion
TX-004055,CUST-E0008,ACC-E0008A,"Jan 21, 2024",$44.74,USD,Inmobiliaria Norte,renta apartamento,
TX-002761,  CUST-E0022 ,ACC-E0022A,2024-02-17,58.26,US$,Empresa de Luz,factura luz,servicios
TX-001103,CUST-E0003,ACC-E0003A,10/03/2024,84.92,USD,Supermercado Central,compra semanal supermercado,alimentacion
TX-003756,CUST-E0012,ACC-E0012A,23/03/2024,,Usd,Uber,viaje uber,transporte
TX-003667,CUST-E0009,ACC-E0009A,26/01/2024,49.94,USD,Empresa de Luz,factura luz,servicios
TX-004144,cust-e0007,ACC-E0007A,"Jan 05, 2024",$110.56,Usd,Inmobiliaria Norte,renta apartamento,vivienda
TX-001758,CUST-E0028,ACC-E0028A,2024-03-10,141.51,Usd,Supermercado Central,compra semanal supermercado,
TX-001739,CUST-E0018,ACC-E0018A,2024-03-06,$152.16,Usd,TIENDA ONLINE XYZ,compra online,
TX-003798,CUST-E0034,ACC-E0034A,"Feb 07, 2024",70.69,US$,Spotify,suscripcion spotify,
TX-003852,CUST-E0016,ACC-E0016A,19/01/2024,$74.28,Dólares,Spotify,suscripcion spotify,suscripciones
TX-003031,CUST-E0028,ACC-E0028A,"Feb 29, 2024","6,805.90",usd,Uber,viaje uber,
TX-001371,CUST-E0026,ACC-E0026A,"Jan 03, 2024",$47.49,Usd,Supermercado Central,,
TX-003451,CUST-E0021,  ACC-E0021A ,20/03/2024,26.47,usd,Farmacia Salud,medicinas,
TX-002528,CUST-E0013,ACC-E0013A,2024-02-21,$45.87,Usd,TIENDA ONLINE XYZ,compra online,
TX-000883,CUST-E0011,ACC-E0011A,2024-03-27,15.42,Usd,Estacion Gasolina Sol,gasolina,transporte
TX-002234,CUST-E0004,ACC-E0004A,"Mar 03, 2024",23.84,US$,EMPRESA DE LUZ,factura luz,servicios
TX-003616,  CUST-E0012 ,ACC-E0012A,2024-02-20,37.89,US$,Uber,,transporte
TX-001118,CUST-E0029,ACC-E0029A,12/01/2024,138.15,usd,Farmacia Salud,medicinas,salud
TX-003213,CUST-E0018,ACC-E0018A,04/03/2024,$361.22,USD,Internet Hogar,factura internet,servicios
TX-000163,CUST-E0023,ACC-E0023A,2024-01-14,126.96,USD,Inmobiliaria Norte,,
TX-001851,CUST-E0018,ACC-E0018A,2024-03-24,158.85,USD,Inmobiliaria Norte,renta apartamento,vivienda
TX-003287,CUST-E0005,ACC-E0005A,24/02/2024,59.04,Euros,Restaurante El Fogon,almuerzo restaurante,alimentacion
TX-003762,CUST-E0038,acc-e0038a,19/01/2024,36.00,Usd,Uber,viaje uber,transporte
TX-000812,CUST-E0019,ACC-E0019A,"Feb 22, 2024",81.76,Pesos,Estacion Gasolina Sol,,transporte
TX-002014,CUST-E0028,ACC-E0028A,2024-01-03,249.06,,Empresa de Luz,factura luz,servicios
TX-000134,CUST-E0015,ACC-E0015B,2024-01-15,$63.95,Pesos,Supermercado Central,compra semanal supermercado,
TX-001209,CUST-E0001,ACC-E0001A,2024-01-30,$238.18, usd ,Farmacia Salud,medicinas,salud
TX-000815,CUST-E0038,ACC-E0038A,"Mar 03, 2024",37.20,usd,Supermercado Central,compra semanal supermercado,alimentacion
TX-000157,CUST-E0028,ACC-E0028A,2024-02-27,418.24,US$,ESTACION GASOLINA SOL,gasolina,transporte
TX-002978,CUST-E0033,ACC-E0033A,"Feb 20, 2024",49.09,COP,Netflix,suscripcion mensual netflix,suscripciones
TX-000775,cust-e0005,acc-e0005b,"Feb 10, 2024",110.60,Euros,Estacion Gasolina Sol,gasolina,
TX-003778,  CUST-E0035 ,ACC-E0035A,2024-03-21,$96.37,EUR,,gasolina,transporte
TX-003494,CUST-E0005,acc-e0005a,23/01/2024,49.81,eur,Restaurante El Fogon,almuerzo restaurante,alimentacion
TX-003542,  CUST-E0028 ,  ACC-E0028A ,"Jan 20, 2024",178.58,Usd,Farmacia Salud,medicinas,salud
TX-001680,CUST-E0014,ACC-E0014A,"Feb 11, 2024",54.88,,Supermercado Central,compra semanal supermercado,alimentacion
TX-000216,cust-e0012,ACC-E0012A,2024-03-23,,USD,Spotify,suscripcion spotify,
TX-000991,CUST-E0034,ACC-E0034A,"Mar 18, 2024",54.84, usd ,,viaje uber,
TX-002564,CUST-E0035,ACC-E0035A,27/01/2024,$328.83,EUR,Inmobiliaria Norte,renta apartamento,vivienda
TX-003372,CUST-E0036,acc-e0036a,"Feb 16, 2024",$29.64, usd ,,suscripcion spotify,suscripciones
TX-000884,CUST-E0036,ACC-E0036A,24/03/2024,25.45,USD,Uber,viaje uber,transporte
TX-002141,CUST-E0027,ACC-E0027A,13/02/2024,$40.66,cop,Farmacia Salud,medicinas,
TX-002628,CUST-E0023,  ACC-E0023A ,"Jan 19, 2024",34.50,US$,Inmobiliaria Norte,renta apartamento,
TX-000022,CUST-E0023,ACC-E0023A,20/02/2024,131.57, usd ,Netflix,,suscripciones
TX-002679,CUST-E0018,ACC-E0018A,02/03/2024,531.90,usd,Spotify,suscripcion spotify,
TX-001337,CUST-E0021,ACC-E0021A,2024-01-18,$13.88,Usd,Restaurante El Fogon,almuerzo restaurante,alimentacion
TX-002051,CUST-E0016,  ACC-E0016A ,"Feb 13, 2024",215.79,Dólares,Internet Hogar,factura internet,servicios
TX-001415,CUST-E0026,ACC-E0026A,"Mar 15, 2024",46.43, usd ,Netflix,suscripcion mensual netflix,suscripciones
TX-004007,CUST-E0004,acc-e0004a,21/02/2024,27.92,USD,Empresa de Luz,factura luz,servicios
TX-004195,CUST-E0021,ACC-E0021A,03/02/2024,$32.59,US$,Inmobiliaria Norte,renta apartamento,
TX-002325,CUST-E0018,ACC-E0018A,"Jan 07, 2024",$81.86,,Empresa de Luz,factura luz,
TX-003644,CUST-E0020,ACC-E0020B,15/02/2024,254.50,Dólares,Uber,viaje uber,transporte
TX-002488,CUST-E0011,ACC-E0011A,2024-01-21,$12.11,Dólares,Restaurante El Fogon,almuerzo restaurante,alimentacion
TX-003442,CUST-E0002,ACC-E0002A,N/A,22.83,Usd,supermercado central,compra semanal supermercado,
TX-000407,CUST-E0033,ACC-E0033A,20/02/2024,$37.30,cop,Spotify,suscripcion spotify,suscripciones
TX-003392,CUST-E0009,ACC-E0009A,"Feb 14, 2024",19.79,US$,Empresa de Luz,,servicios
TX-000504,CUST-E0010,  ACC-E0010A ,"Mar 15, 2024",21.13, usd ,Farmacia Salud,medicinas,salud
TX-004058,CUST-E0018,ACC-E0018A,2024-02-17,180.46,Dólares,Inmobiliaria Norte,renta apartamento,vivienda
TX-001480,CUST-E0014,ACC-E0014A,"Feb 14, 2024",152.83,Usd,INTERNET HOGAR,factura internet,
TX-002330,CUST-E0040,ACC-E0040A,14/01/2024,$67.66,Dólares,  Farmacia Salud ,,
TX-004068,CUST-E0021,  ACC-E0021A ,16/02/2024,$31.09,USD,Estacion Gasolina Sol,gasolina,transporte
TX-003363,CUST-E0036,ACC-E0036A,Mar 05, 2024,$32.30
TX-002407,CUST-E0006,ACC-E0006A,2024-03-11,309.26, usd ,Supermercado Central,,alimentacion
TX-004092,CUST-E0033,ACC-E0033A,"Jan 24, 2024",$21.95,Pesos,Estacion Gasolina Sol,gasolina,
TX-003362,CUST-E0029,acc-e0029a,2024-02-18,$365.97,usd,N/A,compra online,compras
TX-002163,CUST-E0029,ACC-E0029A,15/01/2024,198.79,usd,Empresa de Luz,factura luz,servicios
TX-003346,CUST-E0032,  ACC-E0032A ,2024-01-07,257.11,USD,Spotify,suscripcion spotify,suscripciones
TX-004108,CUST-E0021,acc-e0021a,2024-02-15,25.90,usd,Internet Hogar,factura internet,servicios
TX-001789,CUST-E0034,ACC-E0034A,"Mar 12, 2024",68.83,Dólares,Spotify,suscripcion spotify,
TX-002950,CUST-E0022,ACC-E0022A,2024-03-28,111.98,usd,INTERNET HOGAR,factura internet,
TX-003505,CUST-E0013,ACC-E0013A,2024-02-11,$31.12,USD,Empresa de Luz,,servicios
TX-000761,CUST-E0039,ACC-E0039A,29/03/2024,23.01,US$,Uber,viaje uber,
TX-003630,CUST-E0022,ACC-E0022A,14/01/2024,451.56,Usd,Internet Hogar,factura internet,servicios
TX-002655,CUST-E0035,ACC-E0035A,2024-01-02,132.62,EUR,Inmobiliaria Norte,renta apartamento,
TX-002918,CUST-E0040,ACC-E0040B,20/01/2024,$229.21,US$,Restaurante El Fogon,almuerzo restaurante,alimentacion
TX-003952,CUST-E0040,ACC-E0040A,"Feb 02, 2024",76.57,Dólares,Restaurante El Fogon,almuerzo restaurante,alimentacion
TX-001907,CUST-E0035,ACC-E0035B,2024-02-14,114.52,eur,Farmacia Salud,medicinas,salud
TX-001035,CUST-E0039,ACC-E0039A,"Feb 20, 2024",14.43,,Estacion Gasolina Sol,gasolina,transporte
TX-002893,CUST-E0002,ACC-E0002A,2024-02-03,41.26, usd ,farmacia salud,medicinas,salud
TX-000949,  CUST-E0025 ,ACC-E0025B,2024-01-25,35.58,USD,Tienda Online XYZ,compra online,
TX-001615,CUST-E0037,ACC-E0037A,2024-02-09,-52.33,Dólares,  Inmobiliaria Norte ,renta apartamento,vivienda
TX-001375,CUST-E0040,acc-e0040b,"Feb 29, 2024",55.51,USD,empresa de luz,factura luz,servicios
TX-001071,CUST-E0004,ACC-E0004A,"Mar 10, 2024",7.28,Usd,Estacion Gasolina Sol,gasolina,transporte
TX-001556,CUST-E0007,ACC-E0007A,"Jan 09, 2024",38.91,usd,,almuerzo restaurante,alimentacion
TX-002179,CUST-E0023,ACC-E0023A,21/01/2024,$72.16,US$,,compra online,
TX-001125,CUST-E0005,ACC-E0005A,25/03/2024,42.74,Euros,Restaurante El Fogon,almuerzo restaurante,alimentacion
TX-000254,CUST-E0007,ACC-E0007A,2024-02-27,$81.90, usd ,Internet Hogar,factura internet,servicios
TX-000692,CUST-E0012,ACC-E0012A,"Feb 25, 2024",86.32,usd,,,
TX-000970,  CUST-E0016 ,  ACC-E0016A ,"Feb 22, 2024",225.50,Usd,Empresa de Luz,,servicios
TX-003428,  CUST-E0017 ,ACC-E0017A,"Mar 25, 2024",381.12,US$,Empresa de Luz,factura luz,servicios
TX-001870,CUST-E0029,ACC-E0029A,"Mar 07, 2024",193.28,US$,Empresa de Luz,factura luz,servicios
TX-000378,CUST-E0006,ACC-E0006A,19/02/2024,$182.62, usd ,  Uber ,viaje uber,
TX-000449,CUST-E0029,ACC-E0029A,2024-01-29,64.74,Dólares,spotify,suscripcion spotify,suscripciones
TX-003890,CUST-E0019,ACC-E0019A,2024-03-29,39.02,COP,Inmobiliaria Norte,renta apartamento,vivienda
TX-000831,CUST-E0021,ACC-E0021A,2024-03-15,48.78,usd,Farmacia Salud,medicinas,salud
TX-001384,CUST-E0003,ACC-E0003A,"Mar 14, 2024",47.78, usd ,Uber,viaje uber,transporte
TX-002674,CUST-E0029,ACC-E0029A,08/02/2024,-153.63,usd,SPOTIFY,suscripcion spotify,suscripciones,extra,columnas
TX-002733,CUST-E0018,ACC-E0018A,09/02/2024,-555.88, usd ,Internet Hogar,factura internet,servicios
TX-002232,CUST-E0005,ACC-E0005B,"Jan 23, 2024",$42.88,eur,Estacion Gasolina Sol,gasolina,transporte
TX-004181,CUST-E0001,ACC-E0001A,"Mar 02, 2024",$111.89, usd ,  Supermercado Central ,,alimentacion
TX-000075,CUST-E0018,ACC-E0018A,03/02/2024,$261.63,US$,Internet Hogar,factura internet,servicios
TX-002996,CUST-E0004,ACC-E0004A,2024-01-22,$75.92,usd,,compra semanal supermercado,
TX-000501,CUST-E0007,ACC-E0007A,07/01/2024,$15.81,US$,Spotify,suscripcion spotify,suscripciones
TX-000684,CUST-E0006,ACC-E0006A,"Jan 05, 2024",82.05,Usd,  Empresa de Luz ,factura luz,servicios
TX-000817,CUST-E0027,ACC-E0027A,2024-01-29,$148.34,Pesos,SUPERMERCADO CENTRAL,compra semanal supermercado,alimentacion
TX-000497,,ACC-E0011A,"Feb 28, 2024",$11.71,usd,Supermercado Central,compra semanal supermercado,alimentacion
TX-000314,  CUST-E0018 ,ACC-E0018A,"Jan 10, 2024",$164.24,usd,Spotify,suscripcion spotify,suscripciones
TX-000810,CUST-E0001,  ACC-E0001A ,"Jan 03, 2024",101.39, usd ,Internet Hogar,factura internet,servicios
TX-003379,CUST-E0009,ACC-E0009A,13/01/2024,407.71,US$,estacion gasolina sol,gasolina,transporte,extra,columnas
TX-000561,CUST-E0012,acc-e0012a,18/03/2024,$83.25, usd ,Estacion Gasolina Sol,,transporte
TX-000776,CUST-E0023,  ACC-E0023A ,13/03/2024,$166.75,usd,Internet Hogar,factura internet,servicios
TX-002569,CUST-E0015,ACC-E0015A,2024-03-16,102.44,COP,Empresa de Luz,factura luz,servicios
TX-003255,  CUST-E0034 ,ACC-E0034A,"Jan 01, 2024",86.50,Dólares,Restaurante El Fogon,almuerzo restaurante,alimentacion
TX-001995,CUST-E0004,ACC-E0004A,2024-03-21,56.74,US$,Uber,,transporte
TX-003441,CUST-E0025,ACC-E0025A,2024-03-23,30.77,US$,Farmacia Salud,medicinas,salud
TX-002157,CUST-E0009,ACC-E0009A,"Jan 17, 2024",16.32, usd ,Spotify,suscripcion spotify,suscripciones
TX-002504,CUST-E0005,ACC-E0005A,"Mar 05, 2024",$35.06,eur,Supermercado Central,,alimentacion
TX-002644,CUST-E0039,ACC-E0039A,2024-01-09,28.90,Usd,Tienda Online XYZ,compra online,compras
TX-001672,CUST-E0036,ACC-E0036A,07/03/2024,$38.42,usd,Inmobiliaria Norte,,vivienda
TX-004099,CUST-E0014,ACC-E0014A,22/01/2024,24.78,US$,uber,viaje uber,transporte
TX-004025,CUST-E0020,ACC-E0020B,"Mar 24, 2024",102.06,Dólares,Uber,viaje uber,transporte
TX-001081,CUST-E0022,ACC-E0022A,10/02/2024,188.90,USD,Supermercado Central,compra semanal supermercado,
TX-003470,CUST-E0001,ACC-E0001A,01/02/2024,$71.41, usd ,Empresa de Luz,factura luz,servicios,extra,columnas
TX-001569,CUST-E0040,ACC-E0040B,,186.25,Dólares,FARMACIA SALUD,medicinas,salud
TX-002944,cust-e0011,ACC-E0011A,2024-03-23,11.43,USD,Internet Hogar,factura internet,servicios
TX-003593,  CUST-E0028 ,acc-e0028a,29/03/2024,102.36,Usd,Supermercado Central,compra semanal supermercado,alimentacion
TX-001620,CUST-E0005,ACC-E0005B,2024-02-18,$154.36,Euros,Tienda Online XYZ,compra online,compras
TX-004200,cust-e0028,ACC-E0028A,"Jan 23, 2024",$140.03,USD,supermercado central,compra semanal supermercado,alimentacion
TX-003341,CUST-E0037,ACC-E0037A,16/02/2024,332.07,US$,UBER,viaje uber,transporte
TX-001578,CUST-E0030,ACC-E0030A,2024-03-24,18.26,Usd,Supermercado Central,compra semanal supermercado,
TX-003857,CUST-E0029,ACC-E0029A,06/03/2024,$208.14,USD,Farmacia Salud,medicinas,salud
TX-002839,CUST-E0039,ACC-E0039A,2024-03-24,94.64,USD,Supermercado Central,compra semanal supermercado,alimentacion
TX-004147,CUST-E0037,  ACC-E0037A ,"Mar 06, 2024",41.06, usd ,Farmacia Salud,medicinas,salud
TX-001047,cust-e0017,ACC-E0017A,"Mar 23, 2024",$89.46,Usd,Internet Hogar,factura internet,servicios
TX-002561,CUST-E0012,ACC-E0012A,20/03/2024,97.59,Dólares,Uber,,transporte
TX-002291,CUST-E0037,ACC-E0037A,15/03/2024,54.27,Usd,Uber,viaje uber,
TX-001896,CUST-E0021,ACC-E0021A,"Feb 11, 2024",9.52,Usd,FARMACIA SALUD,medicinas,
TX-004123,CUST-E0004,ACC-E0004A,"Jan 25, 2024",673.76,US$,  Supermercado Central ,compra semanal supermercado,alimentacion
TX-002029,CUST-E0012,ACC-E0012A,"Jan 18, 2024",158.98, usd ,Tienda Online XYZ,compra online,compras
TX-000951,CUST-E0005,acc-e0005b,2024-01-21,$81.00,Euros,Supermercado Central,compra semanal supermercado,alimentacion
TX-001131,CUST-E0027,ACC-E0027A,"Jan 25, 2024",$26.27,cop,Farmacia Salud,medicinas,salud
TX-000391,CUST-E0035,ACC-E0035A,2024-03-05,136.42,Euros,  Spotify ,suscripcion spotify,suscripciones
TX-004150,CUST-E0034,  ACC-E0034A ,2024-01-16,$81.53,Usd,Uber,viaje uber,transporte
TX-000226,CUST-E0015,ACC-E0015B,06/01/2024,18.84,cop,Farmacia Salud,medicinas,salud
TX-000334,CUST-E0027,ACC-E0027A,2024-02-21,19.43,Pesos,Estacion Gasolina Sol,gasolina,
TX-001335,CUST-E0005,acc-e0005a,07/02/2024,81.38,EUR,Farmacia Salud,medicinas,salud
TX-001781,CUST-E0028,ACC-E0028A,"Feb 18, 2024",34.31,Usd,UBER,viaje uber,transporte
TX-004193,cust-e0013,ACC-E0013A,"Jan 11, 2024",$26.07,USD,Estacion Gasolina Sol,gasolina,transporte
TX-002460,cust-e0027,ACC-E0027A,09/02/2024,$103.40,cop,Farmacia Salud,medicinas,
TX-000361,CUST-E0002,ACC-E0002A,2024-01-15,$22.35,USD,Spotify,suscripcion spotify,suscripciones
TX-000584,CUST-E0015,ACC-E0015A,"Jan 15, 2024",35.63,COP,Spotify,,suscripciones
TX-001871,CUST-E0005,ACC-E0005A,01/01/2024,$87.66,EUR,Restaurante El Fogon,almuerzo restaurante,alimentacion
TX-001046,CUST-E0013,ACC-E0013A,"Mar 19, 2024",$35.35,Dólares,Netflix,suscripcion mensual netflix,suscripciones
TX-002433,CUST-E0004,ACC-E0004A,2024-03-12,$20.73,,,compra online,compras
TX-002113,CUST-E0024,ACC-E0024A,2024-03-24,69.21,,Farmacia Salud,medicinas,salud
TX-003710,CUST-E0035,  ACC-E0035B ,08/01/2024,248.85,EUR,Empresa de Luz,factura luz,servicios
TX-000174,CUST-E0013,ACC-E0013A,2024-02-26,25.12,USD,Internet Hogar,factura internet,servicios
TX-000916,CUST-E0021,ACC-E0021A,11/03/2024,35.50,USD,  Restaurante El Fogon ,almuerzo restaurante,alimentacion
TX-000379,CUST-E0031,ACC-E0031A,"Jan 12, 2024",262.60,USD,Netflix,suscripcion mensual netflix,suscripciones
TX-002765,CUST-E0028,ACC-E0028A,2024-03-16,$42.81,Usd,Supermercado Central,compra semanal supermercado,alimentacion
TX-000665,CUST-E0040,ACC-E0040A,23/02/2024,8000000,usd,Restaurante El Fogon,,alimentacion
TX-001132,CUST-E0039,ACC-E0039A,2024-02-10,25.55,USD,Empresa de Luz,,servicios
TX-001486,CUST-E0028,ACC-E0028A,2024-01-09,$258.67,Dólares,Tienda Online XYZ,compra online,compras
TX-000077,CUST-E0020,ACC-E0020A,"Mar 01, 2024",109.38,Usd,  Estacion Gasolina Sol ,gasolina,
TX-000422,CUST-E0034,ACC-E0034A,"Feb 20, 2024",89.78,Usd,Estacion Gasolina Sol,gasolina,transporte
TX-002925,CUST-E0017,ACC-E0017A,2024-03-12,193.32,usd,Estacion Gasolina Sol,gasolina,transporte
TX-001957,CUST-E0028,ACC-E0028A,2024-01-30,163.74,US$,Restaurante El Fogon,almuerzo restaurante,alimentacion
TX-002236,CUST-E0039,ACC-E0039A,2024-02-25,51.94, usd ,Tienda Online XYZ,compra online,compras
TX-003733,CUST-E0024,ACC-E0024A,2024-03-08,$180.51,usd,Internet Hogar,factura internet,servicios
TX-001596,CUST-E0002,ACC-E0002A,09/01/2024,13.47,Usd,Empresa de Luz,,servicios
TX-003470,CUST-E0001,ACC-E0001A,01/02/2024,$71.41, usd ,Empresa de Luz,factura luz,servicios
TX-001720,CUST-E0021,ACC-E0021A,2024-03-30,12.17,USD,Farmacia Salud,medicinas,salud
TX-003139,CUST-E0015,ACC-E0015A,2024-02-03,$49.75,cop,Empresa de Luz,factura luz,servicios
TX-001693,CUST-E0002,ACC-E0002A,12/03/2024,9.91,Dólares,UBER,viaje uber,
TX-002828,CUST-E0038,ACC-E0038A,16/01/2024,165.78,USD,Tienda Online XYZ,compra online,compras
TX-002101,CUST-E0030,ACC-E0030B,2024-03-02,4.44,USD,  Supermercado Central ,compra semanal supermercado,alimentacion
TX-003516,CUST-E0024,ACC-E0024A,2024-03-20,137.73,usd,Netflix,suscripcion mensual netflix,suscripciones
TX-003626,CUST-E0017,ACC-E0017A,"Mar 23, 2024",$309.26,Usd,Internet Hogar,factura internet,servicios
TX-003830,CUST-E0020,  ACC-E0020B ,03/01/2024,$426.04,Usd,Tienda Online XYZ,,compras
TX-002781,CUST-E0014,ACC-E0014A,15-01-24,57.42, usd ,Estacion Gasolina Sol,gasolina,transporte
TX-001272,CUST-E0036,ACC-E0036A,"Mar 13, 2024",48.13,Usd,Estacion Gasolina Sol,gasolina,transporte
TX-003969,CUST-E0021,ACC-E0021A,"Jan 14, 2024",$22.37,US$,inmobiliaria norte,,vivienda
TX-004161,CUST-E0028,acc-e0028a,"Jan 20, 2024",$132.28,Usd,Estacion Gasolina Sol,gasolina,transporte
TX-003921,  CUST-E0018 ,ACC-E0018A,2024-03-24,$222.89,Dólares,Netflix,suscripcion mensual netflix,
TX-001254,  CUST-E0016 ,ACC-E0016A,20/03/2024,$57.68,Usd,Netflix,suscripcion mensual netflix,suscripciones
TX-000200,CUST-E0032,ACC-E0032A,,$180.98,Usd,  Uber ,viaje uber,transporte
TX-004039,  CUST-E0029 ,ACC-E0029A,05/01/2024,$160.24,usd,Uber,viaje uber,transporte
TX-002525,CUST-E0020,ACC-E0020B,"Jan 23, 2024",$187.86,US$,Spotify,,suscripciones
TX-001070,CUST-E0005,ACC-E0005A,"Jan 14, 2024",24.77,eur,Estacion Gasolina Sol,gasolina,transporte
TX-003760,cust-e0022,ACC-E0022A,"Feb 09, 2024",$193.52,US$,Uber,viaje uber,transporte
TX-001723,CUST-E0014,ACC-E0014A,"Jan 27, 2024",216.69,Dólares,Internet Hogar,factura internet,servicios
TX-000031,CUST-E0017,ACC-E0017A,2024-01-08,66.99,Dólares,Uber,viaje uber,
TX-003509,CUST-E0034,ACC-E0034A,"Mar 26, 2024",105.12,Usd,Estacion Gasolina Sol,gasolina,transporte
TX-000658,CUST-E0003,ACC-E0003A,2024-02-19,19.10,Usd,Empresa de Luz,factura luz,servicios
TX-002068,CUST-E0010,ACC-E0010B,08/01/2024,26.78,USD,RESTAURANTE EL FOGON,almuerzo restaurante,alimentacion
TX-002802,CUST-E0031,ACC-E0031A,07/02/2024,60.74,US$,Tienda Online XYZ,compra online,compras
TX-003757,CUST-E0021,ACC-E0021A,2024-02-25,$20.55,usd,Estacion Gasolina Sol,gasolina,transporte
TX-001777,CUST-E0016,acc-e0016a,2024-01-25,285.59,,  Empresa de Luz ,factura luz,servicios
TX-003469,CUST-E0034,ACC-E0034A,"Mar 21, 2024",258.24,Dólares,Estacion Gasolina Sol,gasolina,transporte
TX-002465,CUST-E0005,ACC-E0005A,2024-03-04,70.55,EUR,Spotify,suscripcion spotify,suscripciones
TX-001178,CUST-E0027,ACC-E0027A,12/03/2024,52.02,COP,Empresa de Luz,factura luz,
TX-001359,CUST-E0006,ACC-E0006A,"Jan 23, 2024",$85.35,Usd,  Tienda Online XYZ ,compra online,
TX-003906,CUST-E0005,ACC-E0005B,20/03/2024,263.58,eur,Uber,viaje uber,transporte
TX-000289,CUST-E0032,ACC-E0032A,2024-01-31,87.77,usd,Spotify,suscripcion spotify,suscripciones
TX-002106,CUST-E0023,ACC-E0023A,2024-03-25,$77.05,Usd,,renta apartamento,vivienda
TX-002786,  CUST-E0036 ,  ACC-E0036A ,01/02/2024,76.08,usd,N/A,gasolina,transporte
TX-001422,CUST-E0002,  ACC-E0002A ,29/01/2024,9.39,usd,Estacion Gasolina Sol,gasolina,
TX-003006,CUST-E0005,ACC-E0005B,,64.12,eur,Netflix,suscripcion mensual netflix,
TX-001567,  CUST-E0005 ,ACC-E0005A,2024-03-06,157.30,Euros,,renta apartamento,vivienda
TX-000486,CUST-E0003,ACC-E0003A,2024-01-20,$22.31,usd,Farmacia Salud,medicinas,
TX-000344,CUST-E0012,ACC-E0012A,2024-01-10,$125.62,USD,Internet Hogar,factura internet,
TX-000616,CUST-E0020,ACC-E0020B,"Mar 18, 2024",120.66,Usd,Internet Hogar,factura internet,servicios
TX-004261,CUST-E0005,ACC-E0005B,2024-01-12,153.35,EUR,Uber,viaje uber,
TX-002660,CUST-E0022,ACC-E0022A,16/03/2024,142.31,US$,Tienda Online XYZ,compra online,compras
TX-001157,CUST-E0040,acc-e0040b,2024-02-12,$71.63,Usd,Estacion Gasolina Sol,gasolina,transporte
TX-001680,CUST-E0014,ACC-E0014A,"Feb 11, 2024",54.88,,Supermercado Central,compra semanal supermercado,alimentacion
TX-002419,CUST-E0035,ACC-E0035B,2024-01-27,$43.16,eur,Inmobiliaria Norte,renta apartamento,
TX-002380,CUST-E0028,  ACC-E0028A ,06/02/2024,53.80,USD,Netflix,suscripcion mensual netflix,suscripciones
TX-003018,CUST-E0019,ACC-E0019A,"Mar 15, 2024",$88.93,COP,Estacion Gasolina Sol,gasolina,transporte
TX-003986,CUST-E0016,ACC-E0016A,"Mar 02, 2024",-160.52,Usd,Internet Hogar,,servicios
TX-001461,CUST-E0004,  ACC-E0004A ,"Mar 15, 2024",81.57,Usd,  Empresa de Luz ,,servicios
TX-002939,CUST-E0040,ACC-E0040A,2024-01-01,45.34,USD,ESTACION GASOLINA SOL,gasolina,transporte
TX-004156,CUST-E0008,ACC-E0008A,04/02/2024,1940.53, usd ,Uber,viaje uber,transporte
TX-000726,CUST-E0029,ACC-E0029A,2024-03-24,48.98,USD,Supermercado Central,compra semanal supermercado,alimentacion
TX-001642,CUST-E0021,ACC-E0021A,2024-03-19,$18.62, usd ,Uber,viaje uber,transporte
TX-002774,CUST-E0015,ACC-E0015A,2024-03-19,136.58,cop,,viaje uber,
TX-002650,CUST-E0040,ACC-E0040B,06/01/2024,78.50, usd ,Restaurante El Fogon,,alimentacion
TX-000726,CUST-E0029,ACC-E0029A,2024-03-24,48.98,USD,Supermercado Central,compra semanal supermercado,alimentacion,extra,columnas
TX-000938,CUST-E0026,ACC-E0026A,2024-02-02,$113.74,US$,Empresa de Luz,factura luz,servicios
TX-001517,CUST-E0028,ACC-E0028A,27/03/2024,94.24, usd ,Restaurante El Fogon,almuerzo restaurante,alimentacion
TX-000091,CUST-E0010,  ACC-E0010A ,"Mar 28, 2024",12.78,usd,Estacion Gasolina Sol,gasolina,
TX-000493,CUST-E0036,ACC-E0036A,15/03/2024,110.68,USD,Restaurante El Fogon,almuerzo restaurante,alimentacion
TX-003173,CUST-E0038,ACC-E0038A,27/03/2024,69.99,US$,INMOBILIARIA NORTE,renta apartamento,vivienda
TX-002306,CUST-E0020,ACC-E0020A,"Feb 03, 2024",$200.39,usd,Tienda Online XYZ,compra online,compras
TX-000445,CUST-E0034,ACC-E0034A,14/03/2024,149.24,Dólares,Spotify,suscripcion spotify,suscripciones
TX-000595,cust-e0009,  ACC-E0009A ,"Mar 04, 2024",$13.20,USD,Tienda Online XYZ,compra online,compras
TX-002058,cust-e0037,ACC-E0037A,26/02/2024,45.88,USD,Internet Hogar,factura internet,servicios
TX-000195,  CUST-E0020 ,ACC-E0020A,24/03/2024,$148.52,Usd,Restaurante El Fogon,almuerzo restaurante,alimentacion
TX-000553,CUST-E0013,ACC-E0013A,2024-01-15,$45.24,USD,Restaurante El Fogon,almuerzo restaurante,alimentacion
TX-000589,  CUST-E0008 ,ACC-E0008A,15/01/2024,$66.58,US$,Uber,viaje uber,
TX-002391,CUST-E0015,ACC-E0015A,25/01/2024,$40.70,Pesos,Restaurante El Fogon,almuerzo restaurante,alimentacion
TX-003048,CUST-E0008,ACC-E0008A,07/03/2024,92.20,usd,Supermercado Central,compra semanal supermercado,alimentacion
TX-003902,  CUST-E0005 ,ACC-E0005B,2024-03-13,108.22,EUR,  Netflix ,suscripcion mensual netflix,suscripciones
TX-004083,CUST-E0035,acc-e0035b,27/01/2024,$81.55,eur,INTERNET HOGAR,factura internet,
TX-003188,CUST-E0022,ACC-E0022A,2024-03-20,59.23,USD,Internet Hogar,factura internet,
TX-000025,CUST-E0038,ACC-E0038A,2024-01-16,31.30, usd ,Farmacia Salud,medicinas,
TX-002663,CUST-E0009,ACC-E0009A,"Mar 06, 2024",16.70,usd,Internet Hogar,factura internet,servicios
TX-000250,CUST-E0010,  ACC-E0010B ,"Mar 24, 2024",57.64,Dólares,Supermercado Central,compra semanal supermercado,alimentacion
TX-003154,  CUST-E0027 ,ACC-E0027A,2024-03-27,33.93,Pesos,,almuerzo restaurante,
TX-000759,cust-e0027,  ACC-E0027A ,"Mar 13, 2024",$23.13,,,gasolina,transporte
TX-003979,CUST-E0004,ACC-E0004A,"Jan 03, 2024",$12.65,Usd,netflix,suscripcion mensual netflix,suscripciones
TX-001303,CUST-E0021,ACC-E0021A,04/01/2024,$7.67,Usd,Netflix,suscripcion mensual netflix,suscripciones
TX-001301,CUST-E0027,ACC-E0027A,14/02/2024,$140.66,cop,ESTACION GASOLINA SOL,gasolina,transporte
TX-003393,CUST-E0002,ACC-E0002A,28/01/2024,18.31,US$,Farmacia Salud,medicinas,salud
TX-000198,CUST-E0022,ACC-E0022A,21/01/2024,272.98,usd,Uber,viaje uber,transporte
TX-001963,CUST-E0010,ACC-E0010A,2024-03-06,13.89,USD,Inmobiliaria Norte,renta apartamento,
TX-001868,CUST-E0028,acc-e0028a,12/02/2024,$210.75,XYZ,NETFLIX,suscripcion mensual netflix,suscripciones
TX-001975,,ACC-E0034A,11/02/2024,95.30,USD,Inmobiliaria Norte,renta apartamento,vivienda
TX-001820,CUST-E0018,ACC-E0018A,19/01/2024,201.90,Dólares,  Farmacia Salud ,medicinas,
TX-002769,  CUST-E0001 ,ACC-E0001A,2024-03-21,161.44, usd ,Spotify,suscripcion spotify,suscripciones
TX-002243,CUST-E0013,  ACC-E0013A ,07/03/2024,$34.13, usd ,Uber,viaje uber,transporte
TX-002908,CUST-E0028,acc-e0028a,2024-02-12,82.12,usd,Uber,viaje uber,transporte
TX-001229,CUST-E0001,ACC-E0001A,2024-01-31,75.58,Usd,Empresa de Luz,factura luz,
TX-004016,CUST-E0022,ACC-E0022A,2024-02-23,137.06, usd ,Inmobiliaria Norte,renta apartamento,
TX-002223,cust-e0014,ACC-E0014A,"Jan 30, 2024",83.03,Usd,Inmobiliaria Norte,renta apartamento,
TX-000619,CUST-E0015,ACC-E0015A,2024-01-06,$31.17,cop,  Uber ,viaje uber,transporte
TX-004198,CUST-E0002,ACC-E0002A,2024-03-05,34.86, usd ,Estacion Gasolina Sol,gasolina,transporte
TX-003805,cust-e0022,ACC-E0022A,2024-01-29,184.70, usd ,ESTACION GASOLINA SOL,gasolina,transporte
TX-004176,CUST-E0031,ACC-E0031A,06/02/2024,117.75,USD,Internet Hogar,factura internet,servicios
TX-003407,CUST-E0019,ACC-E0019A,2024-03-20,53.68,COP,Uber,,transporte
TX-000824,CUST-E0014,ACC-E0014A,"Feb 23, 2024",88.49,USD,Restaurante El Fogon,almuerzo restaurante,
TX-001349,CUST-E0012,acc-e0012a,03/03/2024,73.21,Usd,Tienda Online XYZ,compra online,
TX-000508,CUST-E0022,ACC-E0022A,"Jan 17, 2024",89.10,Dólares,Internet Hogar,factura internet,servicios
TX-003261,CUST-E0038,ACC-E0038A,2024-02-19,$18.26,US$,,suscripcion spotify,suscripciones
TX-001064,CUST-E0033,ACC-E0033A,2024-03-04,20.00,COP,,suscripcion spotify,suscripciones
TX-001779,CUST-E0033,ACC-E0033A,25/01/2024,79.83,cop,,medicinas,salud
TX-001798,  CUST-E0032 ,ACC-E0032A,20/02/2024,USD, usd ,Restaurante El Fogon,almuerzo restaurante,alimentacion
TX-001634,cust-e0024,ACC-E0024A,15-01-24,167.09,Usd,Netflix,suscripcion mensual netflix,suscripciones
TX-000901,CUST-E0014,ACC-E0014A,2024-01-13,61.85,,Empresa de Luz,factura luz,servicios
TX-000825,CUST-E0002,ACC-E0002A,"Mar 26, 2024",35.07,US$,SPOTIFY,suscripcion spotify,suscripciones
TX-003898,CUST-E0032,ACC-E0032A,2024-03-03,45.86,US$,Netflix,suscripcion mensual netflix,suscripciones
TX-003764,CUST-E0032,ACC-E0032A,"Mar 13, 2024",71.84,usd,Restaurante El Fogon,almuerzo restaurante,alimentacion
TX-000349,CUST-E0012,ACC-E0012A,"Feb 15, 2024",149.70,Dólares,Restaurante El Fogon,almuerzo restaurante,alimentacion
TX-001391,CUST-E0001,ACC-E0001A,"Jan 15, 2024",53.63,Usd,  Uber ,viaje uber,transporte
TX-004012,CUST-E0011,ACC-E0011A,"Feb 20, 2024",$16.83,usd,Spotify,suscripcion spotify,suscripciones
TX-002698,CUST-E0014,acc-e0014a,"Mar 10, 2024",$17.53,Dólares,Netflix,suscripcion mensual netflix,suscripciones
TX-003787,CUST-E0027,ACC-E0027A,08/01/2024,$36.60,COP,Supermercado Central,compra semanal supermercado,alimentacion
TX-002867,CUST-E0038,ACC-E0038A,2024-03-15,-41.01,Dólares,Uber,viaje uber,transporte
TX-003835,CUST-E0021,ACC-E0021A,2024-02-10,$35.29,USD,Restaurante El Fogon,almuerzo restaurante,
TX-003067,CUST-E0034,ACC-E0034A,"Feb 15, 2024",234.38,usd,Restaurante El Fogon,almuerzo restaurante,alimentacion
TX-002067,CUST-E0028,ACC-E0028A,Mar 03, 2024,48.26, usd ,Restaurante El Fogon,almuerzo restaurante,alimentacion,extra,columnas
TX-001464,  CUST-E0011 ,ACC-E0011A,2024-01-18,9.27,usd,Inmobiliaria Norte,renta apartamento,
TX-003264,CUST-E0037,ACC-E0037A,2024-03-20,$64.80,US$,Supermercado Central,compra semanal supermercado,alimentacion
TX-000473,CUST-E0018,acc-e0018a,10/02/2024,129.97,Usd,Restaurante El Fogon,almuerzo restaurante,alimentacion
TX-002471,CUST-E0015,ACC-E0015B,"Jan 09, 2024",34.58,Pesos,Tienda Online XYZ,compra online,compras
TX-002097,CUST-E0011,ACC-E0011A,"Mar 18, 2024",19.08,usd,Farmacia Salud,medicinas,salud
TX-000612,CUST-E0032,acc-e0032a,14/03/2024,128.36,Usd,Uber,viaje uber,transporte
TX-003001,CUST-E0020,ACC-E0020A,30/03/2024,$83.44,USD,Netflix,suscripcion mensual netflix,suscripciones
TX-000237,CUST-E0026,ACC-E0026A,2024-02-28,$72.34,US$,TIENDA ONLINE XYZ,compra online,compras
TX-000498,CUST-E0024,ACC-E0024A,15/03/2024,$155.70,usd,Tienda Online XYZ,compra online,compras
TX-002321,CUST-E0029,ACC-E0029A,20/01/2024,$87.98,Dólares,Netflix,suscripcion mensual netflix,
TX-000442,CUST-E0020,  ACC-E0020B ,29/02/2024,251.01,,netflix,suscripcion mensual netflix,suscripciones
TX-001220,CUST-E0026,ACC-E0026A,2024-02-29,102.27,US$,tienda online xyz,compra online,
TX-003748,CUST-E0028,ACC-E0028A,21/03/2024,$143.59, usd ,Uber,viaje uber,
TX-001694,CUST-E0038,ACC-E0038A,"Jan 20, 2024",16.09,Dólares,  Spotify ,suscripcion spotify,
TX-001769,CUST-E0034,ACC-E0034A,2024-02-27,589.19,USD,Netflix,suscripcion mensual netflix,
TX-001817,CUST-E0003,ACC-E0003A,2024-13-45,19.61,usd,Uber,viaje uber,
TX-004174,CUST-E0015,ACC-E0015A,"Mar 25, 2024",42.18,Pesos,Netflix,suscripcion mensual netflix,suscripciones
TX-002347,CUST-E0023,ACC-E0023A,"Mar 14, 2024",$280.12,US$,Tienda Online XYZ,compra online,compras
TX-000079,CUST-E0026,  ACC-E0026A ,28/01/2024,72.12,Usd,Farmacia Salud,medicinas,salud
TX-000502,cust-e0001,ACC-E0001A,2024-01-31,$100.90,Dólares,Farmacia Salud,medicinas,salud
TX-001472,CUST-E0009,ACC-E0009A,2024-03-30,12..5,usd,Spotify,suscripcion spotify,
TX-000269,CUST-E0034,  ACC-E0034A ,2024-03-26,106.31,US$,estacion gasolina sol,gasolina,transporte
TX-001959,  CUST-E0009 ,ACC-E0009A,"Feb 12, 2024",13.96, usd ,Spotify,suscripcion spotify,suscripciones
TX-002555,CUST-E0038,ACC-E0038A,08/02/2024,36.58,USD,Supermercado Central,compra semanal supermercado,alimentacion
TX-003385,CUST-E0001,ACC-E0001A,"Jan 18, 2024",64.66, usd ,Netflix,suscripcion mensual netflix,suscripciones
TX-001482,cust-e0026,ACC-E0026A,2024-03-10,123.51,USD,Restaurante El Fogon,almuerzo restaurante,alimentacion
TX-003493,CUST-E0003,ACC-E0003A,13/03/2024,30.82,US$,Uber,viaje uber,transporte
TX-001823,CUST-E0005,ACC-E0005A,2024-03-15,$68.12,eur,Internet Hogar,factura internet,
TX-003864,CUST-E0018,acc-e0018a,2024-02-07,$354.00,Dólares,Farmacia Salud,,salud
TX-000156,CUST-E0025,ACC-E0025B,2024-01-20,62.41, usd ,Restaurante El Fogon,almuerzo restaurante,
TX-002877,CUST-E0009,ACC-E0009A,09/02/2024,$22.93,US$,N/A,factura luz,servicios
TX-000691,CUST-E0037,  ACC-E0037A ,"Mar 08, 2024",29.54, usd ,Internet Hogar,factura internet,servicios
TX-003350,CUST-E0039,  ACC-E0039A ,04/03/2024,26.16,usd,SUPERMERCADO CENTRAL,compra semanal supermercado,alimentacion,extra,columnas
TX-002041,CUST-E0033,ACC-E0033A,03/01/2024,$56.00,cop,Restaurante El Fogon,almuerzo restaurante,
TX-000897,CUST-E0001,ACC-E0001A,11/03/2024,108.85,USD,Spotify,suscripcion spotify,suscripciones
TX-001011,CUST-E0010,ACC-E0010B,"Feb 06, 2024",$11.83,usd,Restaurante El Fogon,almuerzo restaurante,alimentacion
TX-001234,CUST-E0035,ACC-E0035A,2024-02-23,112.70,eur,Estacion Gasolina Sol,gasolina,transporte
TX-003389,CUST-E0009,ACC-E0009A,"Feb 14, 2024",$24.08, usd ,Empresa de Luz,factura luz,servicios
TX-002475,CUST-E0026,  ACC-E0026A ,11/01/2024,$213.70,usd,Tienda Online XYZ,compra online,
TX-002127,CUST-E0021,ACC-E0021A,2024-02-08,$19.69,usd,  Internet Hogar ,factura internet,servicios
TX-003103,CUST-E0004,ACC-E0004A,"Feb 19, 2024",43.60,Usd,Spotify,suscripcion spotify,suscripciones
TX-001690,CUST-E0031,ACC-E0031A,13/03/2024,21.31, usd ,Estacion Gasolina Sol,gasolina,
TX-000429,CUST-E0001,ACC-E0001A,16/03/2024,49.72,USD,Tienda Online XYZ,compra online,compras
TX-000192,CUST-E0027,ACC-E0027A,2024-02-10,40.34,Pesos,Internet Hogar,factura internet,servicios
TX-000268,CUST-E0030,ACC-E0030B,03/01/2024,24.29,US$,Spotify,suscripcion spotify,suscripciones
TX-001665,CUST-E0015,ACC-E0015A,18/02/2024,32.54,Pesos,estacion gasolina sol,,transporte
TX-000601,CUST-E0031,ACC-E0031A,"Jan 19, 2024",$95.64, usd ,Inmobiliaria Norte,renta apartamento,vivienda
TX-002037,CUST-E0034,ACC-E0034A,29/02/2024,$497.12,USD,Uber,viaje uber,transporte
TX-000088,CUST-E0009,ACC-E0009A,"Mar 05, 2024",$24.09, usd ,Spotify,suscripcion spotify,
TX-003176,CUST-E0016,ACC-E0016A,"Mar 20, 2024",259.95,USD,internet hogar,factura internet,servicios
TX-002842,CUST-E0009,ACC-E0009A,2024-03-12,$26.18,US$,Uber,viaje uber,
TX-004171,CUST-E0016,ACC-E0016A,"Feb 01, 2024",102.85,US$,  Tienda Online XYZ ,compra online,compras
TX-001882,CUST-E0008,ACC-E0008A,"Mar 25, 2024",18.58,Usd,Inmobiliaria Norte,renta apartamento,vivienda
TX-000823,CUST-E0019,ACC-E0019A,"Mar 04, 2024",$25.62,cop,Spotify,suscripcion spotify,suscripciones
TX-004078,CUST-E0018,ACC-E0018A,2024-02-01,800.90,usd,Tienda Online XYZ,compra online,compras
TX-002545,CUST-E0035,  ACC-E0035B ,"Feb 01, 2024",332.14,Euros,Internet Hogar,factura internet,servicios
TX-004177,CUST-E0014,  ACC-E0014A ,11/01/2024,$30.28,Usd,Empresa de Luz,factura luz,servicios
TX-000579,CUST-E0028,ACC-E0028A,2024-02-15,129.92,Dólares,Estacion Gasolina Sol,gasolina,
TX-002864,CUST-E0017,ACC-E0017A,2024-01-09,-168.27,Dólares,Farmacia Salud,medicinas,salud
TX-003435,CUST-E0014,ACC-E0014A,"Feb 15, 2024",119.37,Usd,Estacion Gasolina Sol,gasolina,transporte
TX-003052,CUST-E0022,acc-e0022a,"Feb 27, 2024",164.24, usd ,Tienda Online XYZ,compra online,compras
TX-003977,CUST-E0014,ACC-E0014A,"Jan 25, 2024",$231.60, usd ,EMPRESA DE LUZ,factura luz,servicios
TX-001405,CUST-E0031,ACC-E0031A,27/02/2024,$15.87,USD,Restaurante El Fogon,almuerzo restaurante,alimentacion
TX-000266,CUST-E0027,  ACC-E0027A ,01/03/2024,$40.46,COP,Netflix,suscripcion mensual netflix,suscripciones
TX-001893,CUST-E0004,ACC-E0004A,05/02/2024,$37.04,US$,Empresa de Luz,,
TX-002937,CUST-E0029,ACC-E0029A,21/03/2024,230.79,Dólares,Restaurante El Fogon,almuerzo restaurante,
TX-000779,CUST-E0034,ACC-E0034A,12/01/2024,295.63,US$,N/A,compra online,
TX-000311,CUST-E0036,ACC-E0036A,12/03/2024,35.66,USD,INTERNET HOGAR,factura internet,servicios
TX-003711,CUST-E0010,ACC-E0010B,04/01/2024,27.78,US$,INTERNET HOGAR,factura internet,
TX-001398,  CUST-E0008 ,ACC-E0008A,04/01/2024,46.57,Dólares,Spotify,,
TX-000917,  CUST-E0037 ,acc-e0037a,18/02/2024,$93.89,Usd,Farmacia Salud,medicinas,
TX-003109,CUST-E0035,ACC-E0035A,"Jan 28, 2024",$202.72,EUR,Uber,viaje uber,transporte
TX-000457,CUST-E0003,ACC-E0003A,01/01/2024,42.74,,Empresa de Luz,factura luz,servicios
TX-000966,CUST-E0005,ACC-E0005A,"Jan 21, 2024",$78.05,Euros,Empresa de Luz,factura luz,
TX-000818,CUST-E0005,ACC-E0005A,05/02/2024,193.64,,SPOTIFY,suscripcion spotify,suscripciones
TX-002364,CUST-E0011,ACC-E0011A,"Jan 02, 2024",7.48, usd ,Internet Hogar,factura internet,servicios
TX-000098,  CUST-E0022 ,ACC-E0022A,"Feb 06, 2024",$118.12,Dólares,Supermercado Central,compra semanal supermercado,
TX-000463,CUST-E0004,ACC-E0004A,16/01/2024,$117.38,usd,Tienda Online XYZ,compra online,compras
TX-001005,CUST-E0027,ACC-E0027A,"Feb 20, 2024",44.53,Pesos,Spotify,suscripcion spotify,suscripciones
TX-003664,CUST-E0027,acc-e0027a,"Mar 05, 2024",17.19,cop,Inmobiliaria Norte,renta apartamento,vivienda
TX-002061,CUST-E0027,acc-e0027a,"Feb 19, 2024",13.29,COP,Netflix,suscripcion mensual netflix,suscripciones
TX-000030,CUST-E0001,ACC-E0001A,"Feb 02, 2024",$53.86,usd,  Inmobiliaria Norte ,renta apartamento,vivienda
TX-002074,CUST-E0020,ACC-E0020B,"Mar 11, 2024",$126.55,USD,Supermercado Central,compra semanal supermercado,alimentacion
TX-002470,CUST-E0010,ACC-E0010B,2024-03-29,$13.66,Dólares,TIENDA ONLINE XYZ,compra online,
TX-000983,CUST-E0027,  ACC-E0027A ,09/02/2024,19.56,COP,,gasolina,
TX-004038,  CUST-E0035 ,ACC-E0035B,09/03/2024,"$9,999,999.99",Euros,Netflix,suscripcion mensual netflix,
TX-003475,  CUST-E0030 ,ACC-E0030A,2024-01-15,33.74,USD,  Inmobiliaria Norte ,renta apartamento,vivienda
TX-004254,CUST-E0012,ACC-E0012A,26/02/2024,81.54,Dólares,Restaurante El Fogon,almuerzo restaurante,alimentacion
TX-002490,cust-e0020,  ACC-E0020A ,"Mar 13, 2024",72.81,USD,  Internet Hogar ,factura internet,
TX-003011,CUST-E0010,ACC-E0010A,"Mar 05, 2024",30.75, usd ,Netflix,suscripcion mensual netflix,suscripciones
TX-000807,CUST-E0037,ACC-E0037A,08/01/2024,24.57,USD,Internet Hogar,factura internet,servicios
TX-001001,CUST-E0027,ACC-E0027A,24/01/2024,16.15,cop,Supermercado Central,compra semanal supermercado,
TX-002143,CUST-E0033,ACC-E0033A,2024-03-21,$24.37,Pesos,Empresa de Luz,factura luz,servicios
TX-000371,CUST-E0019,  ACC-E0019A ,19/03/2024,67.70,Pesos,  Farmacia Salud ,,salud
TX-003600,CUST-E0036,ACC-E0036A,"Feb 15, 2024",$56.50,USD,Spotify,suscripcion spotify,suscripciones
TX-000324,CUST-E0030,ACC-E0030B,2024-03-03,$21.29,US$,Uber,viaje uber,transporte
TX-001737,CUST-E0024,ACC-E0024A,28/02/2024,147.54,usd,,viaje uber,transporte
TX-000275,CUST-E0022,ACC-E0022A,2024-02-24,,Dólares,  Estacion Gasolina Sol ,gasolina,transporte
TX-000444,CUST-E0022,ACC-E0022A,2024-02-12,54.12,US$,  Uber ,viaje uber,transporte
TX-004126,CUST-E0016,ACC-E0016A,19/03/2024,389.65,usd,EMPRESA DE LUZ,factura luz,servicios
TX-003498,CUST-E0023,ACC-E0023A,27/03/2024,122.36,usd,  Empresa de Luz ,factura luz,servicios
TX-000092,CUST-E0013,ACC-E0013A,"Jan 28, 2024",29.79,usd,Restaurante El Fogon,,
TX-002087,CUST-E0007
TX-000564,CUST-E0030,ACC-E0030B,2024-01-21,17.06,US$,Netflix,suscripcion mensual netflix,suscripciones
TX-001420,CUST-E0013,ACC-E0013A,2024-01-17,38.54,US$,Spotify,suscripcion spotify,suscripciones
TX-001136,CUST-E0010,ACC-E0010A,20/01/2024,37.97,usd,Uber,viaje uber,transporte,extra,columnas
TX-003746,CUST-E0015,ACC-E0015B,"Mar 04, 2024",$15.08,cop,Tienda Online XYZ,compra online,compras
TX-002262,CUST-E0003,ACC-E0003A,18/02/2024,$10.93,usd,Netflix,,
TX-000056,CUST-E0011,ACC-E0011A,30/03/2024,$16.40,USD,Farmacia Salud,medicinas,
TX-003387,CUST-E0004,ACC-E0004A,09/03/2024,$15.92, usd ,Uber,viaje uber,
TX-003403,CUST-E0010,ACC-E0010A,08/03/2024,47.36, usd ,  Uber ,viaje uber,transporte
TX-001954,CUST-E0001,ACC-E0001A,"Feb 07, 2024",92.12,Usd,Estacion Gasolina Sol,gasolina,transporte
TX-004186,CUST-E0018,ACC-E0018A,14/01/2024,$130.70,Dólares,UBER,viaje uber,transporte
TX-002225,CUST-E0025,  ACC-E0025B ,19/01/2024,$44.57,usd,Empresa de Luz,,servicios
TX-002653,CUST-E0033,ACC-E0033A,"Mar 16, 2024",18.77,COP,Empresa de Luz,factura luz,servicios
TX-003683,CUST-E0010,ACC-E0010A,"Mar 29, 2024",-58.87,Usd,  Spotify ,suscripcion spotify,suscripciones
TX-003297,CUST-E0005,ACC-E0005A,"Mar 20, 2024",89.24,Euros,EMPRESA DE LUZ,factura luz,servicios
TX-004105,CUST-E0024,acc-e0024a,"Mar 20, 2024",89.16,,Uber,viaje uber,transporte
TX-003752,CUST-E0024,ACC-E0024A,2024-03-20,277.42,usd,Netflix,suscripcion mensual netflix,suscripciones
TX-003382,CUST-E0007,ACC-E0007A,2024-03-30,73.23,Dólares,Inmobiliaria Norte,renta apartamento,vivienda
TX-001165,CUST-E0015,ACC-E0015A,2024-01-20,46.17,COP,Uber,viaje uber,transporte
TX-000806,  CUST-E0033 ,ACC-E0033A,"Feb 01, 2024",$53.50,Pesos,Netflix,suscripcion mensual netflix,suscripciones
TX-001365,CUST-E0009,ACC-E0009A,2024-02-04,33.00,US$,Tienda Online XYZ,compra online,
TX-002872,cust-e0039,ACC-E0039A,2024-02-04,$42.85, usd ,Farmacia Salud,medicinas,salud
TX-000979,  CUST-E0002 ,ACC-E0002A,"Jan 20, 2024",$41.98,usd,Internet Hogar,factura internet,servicios
TX-003257,CUST-E0002,ACC-E0002A,2024-02-18,$22.27, usd ,Netflix,suscripcion mensual netflix,
TX-002196,cust-e0028,  ACC-E0028A ,2024-01-31,$130.91,Dólares,internet hogar,factura internet,servicios
TX-000635,CUST-E0033,ACC-E0033A,25/03/2024,$16.15,COP,Farmacia Salud,medicinas,salud
TX-002799,CUST-E0040,ACC-E0040B,18/01/2024,$169.70,Usd,Spotify,,suscripciones
TX-003349,CUST-E0036,ACC-E0036A,21/01/2024,$91.92,,N/A,compra online,compras
TX-001282,CUST-E0036,ACC-E0036A,28/01/2024,$15.97,US$,Supermercado Central,,alimentacion
TX-004223,CUST-E0017,  ACC-E0017A ,"Mar 28, 2024",298.93,usd,Supermercado Central,compra semanal supermercado,alimentacion
TX-001842,CUST-E0002,ACC-E0002A,17/03/2024,33.56,usd,Spotify,suscripcion spotify,suscripciones
TX-000001,CUST-E0015,ACC-E0015B,2024-02-24,$57.00,COP,Estacion Gasolina Sol,gasolina,transporte
TX-000284,CUST-E0040,ACC-E0040B,2024-03-26,63.81,USD,Tienda Online XYZ,compra online,compras
TX-003254,CUST-E0002,ACC-E0002A,08/02/2024,69.06, usd ,Supermercado Central,compra semanal supermercado,alimentacion
TX-001073,CUST-E0025,ACC-E0025B,29/01/2024,$19.92,Dólares,Internet Hogar,factura internet,servicios
TX-003933,CUST-E0029,ACC-E0029A,2024-03-19,485.11, usd ,netflix,suscripcion mensual netflix,
TX-000439,CUST-E0016,ACC-E0016A,11/03/2024,$113.55, usd ,Estacion Gasolina Sol,gasolina,transporte
TX-003237,CUST-E0013,ACC-E0013A,2024-01-21,$53.58,Dólares,Estacion Gasolina Sol,gasolina,
TX-003826,CUST-E0023,ACC-E0023A,"Jan 20, 2024",$317.88, usd ,uber,viaje uber,transporte
TX-004034,CUST-E0008,  ACC-E0008A ,2024-03-02,-66.18,Usd,Uber,viaje uber,
TX-002369,CUST-E0001,ACC-E0001A,2024-01-30,221.29, usd ,Spotify,suscripcion spotify,
TX-001874,CUST-E0039,ACC-E0039A,2024-03-10,77.89, usd ,Restaurante El Fogon,almuerzo restaurante,alimentacion
TX-004064,CUST-E0015,ACC-E0015A,2024-02-05,$49.38,cop,RESTAURANTE EL FOGON,almuerzo restaurante,
TX-003238,CUST-E0006,ACC-E0006A,"Feb 01, 2024",$232.22,usd,Inmobiliaria Norte,renta apartamento,vivienda
TX-000199,CUST-E0029,ACC-E0029A,2024-01-10,,Usd,Netflix,suscripcion mensual netflix,suscripciones
TX-003002,CUST-E0027,ACC-E0027A,2024-02-12,8.78,,Spotify,suscripcion spotify,suscripciones
TX-002829,CUST-E0040,ACC-E0040A,"Feb 19, 2024",60.49,Dólares,Tienda Online XYZ,compra online,compras
TX-000015,CUST-E0030,  ACC-E0030A ,"Mar 09, 2024",19.73,usd,N/A,suscripcion mensual netflix,suscripciones
TX-003900,CUST-E0030,ACC-E0030B,"Feb 21, 2024",12.94,Usd,Netflix,suscripcion mensual netflix,suscripciones
TX-002771,CUST-E0016,ACC-E0016A,15/02/2024,$214.32,US$,inmobiliaria norte,renta apartamento,vivienda
TX-003015,CUST-E0004,ACC-E0004A,23/01/2024,$43.47,usd,  Spotify ,suscripcion spotify,
TX-001481,CUST-E0037,ACC-E0037A,"Mar 16, 2024",$66.18,US$,spotify,suscripcion spotify,suscripciones
TX-002323,CUST-E0026,ACC-E0026A,"Mar 03, 2024",41.22,Usd,  Tienda Online XYZ ,compra online,
TX-003696,CUST-E0017,ACC-E0017A,04/01/2024,124.13,usd,Netflix,suscripcion mensual netflix,suscripciones
TX-002052,CUST-E0013,ACC-E0013A,2024-02-21,80.85,USD,Internet Hogar,factura internet,
TX-000484,CUST-E0038,ACC-E0038A,29/01/2024,20.91,Usd,Restaurante El Fogon,almuerzo restaurante,alimentacion
TX-000754,CUST-E0002,ACC-E0002A,"Jan 13, 2024",15.43,??,Spotify,suscripcion spotify,suscripciones
TX-003963,CUST-E0034,ACC-E0034A,2024-01-17,108.22,USD,Internet Hogar,factura internet,servicios
TX-002963,CUST-E0035,ACC-E0035B,"Jan 15, 2024",$240.73,EUR,Inmobiliaria Norte,renta apartamento,vivienda
TX-000924,CUST-E0027,ACC-E0027A,"Feb 02, 2024",$32.68,cop,Tienda Online XYZ,compra online,
TX-000549,CUST-E0024,ACC-E0024A,2024-01-05,$322.27,Dólares,netflix,suscripcion mensual netflix,suscripciones
TX-001411,CUST-E0008,acc-e0008a,18/03/2024,53.13,usd,Farmacia Salud,medicinas,salud
TX-001709,CUST-E0004,ACC-E0004A,2024-02-08,$31.85,Dólares,Internet Hogar,,servicios
TX-000557,CUST-E0035,ACC-E0035A,"Jan 18, 2024","$9,999,999.99",EUR,Netflix,suscripcion mensual netflix,suscripciones
TX-002581,CUST-E0001,  ACC-E0001A ,"Feb 25, 2024",73.26,US$,,viaje uber,transporte
TX-003747,CUST-E0036,ACC-E0036A,"Mar 25, 2024",$53.30,usd,  Farmacia Salud ,,salud
TX-001705,CUST-E0007,  ACC-E0007A ,2024-02-18,$39.68,Dólares,  Supermercado Central ,compra semanal supermercado,alimentacion
TX-000301,CUST-E0022,ACC-E0022A,15/01/2024,134.66,usd,UBER,viaje uber,transporte
TX-003282,CUST-E0006,ACC-E0006A,2024-01-24,186.21, usd ,internet hogar,factura internet,servicios
TX-000304,CUST-E0034,ACC-E0034A,"Jan 28, 2024",321.29,Usd,Spotify,suscripcion spotify,
TX-002818,CUST-E0025,ACC-E0025B,09/02/2024,"5,000,000.00", usd ,Internet Hogar,factura internet,servicios
TX-001978,CUST-E0003,ACC-E0003A,"Jan 13, 2024",4.40,US$,Tienda Online XYZ,compra online,compras
TX-000068,CUST-E0015,  ACC-E0015B ,01/01/2024,45.77,cop,Supermercado Central,,alimentacion
TX-003594,CUST-E0036,ACC-E0036A,"Feb 03, 2024",54.72,Usd,Internet Hogar,factura internet,servicios
TX-003405,CUST-E0016,ACC-E0016A,26/03/2024,125.31,USD,Restaurante El Fogon,,alimentacion
TX-001640,CUST-E0016,ACC-E0016A,15/03/2024,78.94,Dólares,Netflix,suscripcion mensual netflix,suscripciones
TX-002215,  CUST-E0007 ,  ACC-E0007A ,"Mar 01, 2024",$26.33,usd,  Netflix ,suscripcion mensual netflix,suscripciones
TX-004084,CUST-E0019,ACC-E0019A,"Jan 02, 2024",$37.65,COP,  Uber ,viaje uber,transporte
TX-001061,cust-e0026,ACC-E0026A,,84.25,Dólares,Spotify,suscripcion spotify,suscripciones
TX-003293,CUST-E0010,ACC-E0010A,2024-01-30,11.47, usd ,restaurante el fogon,almuerzo restaurante,
TX-003402,CUST-E0034,ACC-E0034A,27/01/2024,281.21,Usd,  Estacion Gasolina Sol ,gasolina,transporte
TX-000115,CUST-E0008,  ACC-E0008A ,"Jan 06, 2024",-85.61,USD,Farmacia Salud,medicinas,salud
TX-001364,CUST-E0011,ACC-E0011A,02/03/2024,$29.16, usd ,Uber,viaje uber,transporte
TX-004010,CUST-E0026,ACC-E0026A,"Feb 25, 2024",$186.08,Usd,  Restaurante El Fogon ,almuerzo restaurante,alimentacion
TX-001212,CUST-E0037,ACC-E0037A,2024-03-07,124.01,US$,Internet Hogar,,servicios
TX-000653,CUST-E0032,  ACC-E0032A ,2024-02-12,202.19,Usd,internet hogar,factura internet,
TX-002336,CUST-E0004,ACC-E0004A,29/01/2024,37.10,Dólares,Netflix,,suscripciones
TX-001574,CUST-E0024,ACC-E0024A,"Mar 15, 2024",$221.28,US$,Spotify,suscripcion spotify,suscripciones
TX-003931,CUST-E0029,ACC-E0029A,20/02/2024,$144.63, usd ,,suscripcion mensual netflix,suscripciones
TX-004226,CUST-E0036,ACC-E0036A,"Mar 23, 2024",$51.22,Usd,Tienda Online XYZ,compra online,
TX-003046,CUST-E0003,ACC-E0003A,05/03/2024,27.15,usd,Internet Hogar,factura internet,servicios
TX-000662,CUST-E0038,ACC-E0038A,2024-01-28,$8.11,Usd,Empresa de Luz,factura luz,servicios
TX-001793,  CUST-E0026 ,ACC-E0026A,2024-01-15,124.50,US$,netflix,suscripcion mensual netflix,suscripciones
TX-001910,CUST-E0005,ACC-E0005B,2024-01-23,45.03,EUR,Netflix,suscripcion mensual netflix,suscripciones
TX-004109,,ACC-E0030B,2024-03-24,15.88,Usd,Uber,viaje uber,transporte
TX-003304,CUST-E0020,ACC-E0020B,28/02/2024,$140.91,usd,SUPERMERCADO CENTRAL,,alimentacion
TX-003357,CUST-E0039,ACC-E0039A,02/01/2024,$78.02,USD,Estacion Gasolina Sol,,transporte
TX-002099,CUST-E0029,ACC-E0029A,"Mar 29, 2024",81.31,usd,,almuerzo restaurante,alimentacion
TX-000503,CUST-E0013,acc-e0013a,2024-02-04,36.96, usd ,Netflix,suscripcion mensual netflix,suscripciones
TX-002742,CUST-E0008,  ACC-E0008A ,27/03/2024,111.26,Usd,SUPERMERCADO CENTRAL,compra semanal supermercado,alimentacion
TX-003121,cust-e0016,ACC-E0016A,05/01/2024,104.83,Usd,  Inmobiliaria Norte ,renta apartamento,vivienda
TX-000512,CUST-E0038,ACC-E0038A,03/02/2024,$13.58, usd ,Estacion Gasolina Sol,gasolina,
TX-003131,CUST-E0033,ACC-E0033A,"Mar 09, 2024",46.30,COP,Inmobiliaria Norte,renta apartamento,vivienda
TX-000096,cust-e0036,  ACC-E0036A ,2024-01-02,$25.83,Usd,,compra online,compras
TX-003466,CUST-E0001,ACC-E0001A,2024-02-18,$48.50,USD,  Inmobiliaria Norte ,renta apartamento,vivienda
TX-002254,CUST-E0013,ACC-E0013A,2024-02-22,141.18,Dólares,Farmacia Salud,medicinas,
TX-002803,CUST-E0001,  ACC-E0001A ,2024-03-26,64.46,Usd,Farmacia Salud,,salud
TX-001111,CUST-E0031,ACC-E0031A,14/03/2024,62.38,Usd,Inmobiliaria Norte,,vivienda
TX-003335,CUST-E0012,ACC-E0012A,2024-03-16,$89.38, usd ,Uber,viaje uber,transporte
TX-001807,CUST-E0022,  ACC-E0022A ,2024-02-29,$174.43,Usd,Empresa de Luz,factura luz,servicios
TX-003717,CUST-E0019,ACC-E0019A,19/03/2024,87.80,COP,farmacia salud,medicinas,
TX-001626,CUST-E0026,ACC-E0026A,2024-01-18,207.06,USD,Restaurante El Fogon,almuerzo restaurante,alimentacion
TX-002098,CUST-E0014,ACC-E0014A,2024-01-12,$66.39,,Supermercado Central,,alimentacion
TX-004245,CUST-E0032,ACC-E0032A,30/03/2024,239.12,Usd,Internet Hogar,factura internet,servicios
TX-004149,CUST-E0039,ACC-E0039A,2024-02-24,$21.98,Usd,Empresa de Luz,factura luz,servicios
TX-002359,cust-e0028,ACC-E0028A,2024-03-06,$105.46, usd ,  Inmobiliaria Norte ,renta apartamento,vivienda
TX-001780,CUST-E0003,  ACC-E0003A ,2024-02-08,-6.65,usd,Supermercado Central,compra semanal supermercado,alimentacion
TX-001636,CUST-E0019,ACC-E0019A,2024-01-20,40.32,Pesos,Netflix,suscripcion mensual netflix,suscripciones
TX-002813,CUST-E0037,ACC-E0037A,"Feb 26, 2024",151.22,US$,Empresa de Luz,factura luz,servicios
TX-003318,CUST-E0036,acc-e0036a,27/03/2024,$168.89,USD,Restaurante El Fogon,almuerzo restaurante,alimentacion
TX-000523,CUST-E0027,ACC-E0027A,"Mar 25, 2024",171.49,cop,Farmacia Salud,medicinas,
TX-000054,CUST-E0029,ACC-E0029A,2024-01-10,188.79,usd,,medicinas,salud
TX-003232,CUST-E0006,ACC-E0006A,02/01/2024,$185.34,usd,Netflix,suscripcion mensual netflix,suscripciones
TX-002746,CUST-E0030,ACC-E0030B,27/01/2024,20.33,US$,Estacion Gasolina Sol,gasolina,transporte
TX-002414,CUST-E0013,ACC-E0013A,"Mar 22, 2024",26.61,USD,Inmobiliaria Norte,,vivienda
TX-001881,CUST-E0038,ACC-E0038A,2024-02-01,15.48,Dólares,Internet Hogar,,
TX-001629,cust-e0033,ACC-E0033A,01/01/2024,20.16,Pesos,Estacion Gasolina Sol,gasolina,transporte
TX-001222,CUST-E0012,ACC-E0012A,"Feb 24, 2024",192.24,USD,Farmacia Salud,medicinas,
TX-001663,CUST-E0011,ACC-E0011A,2024-02-08,$15.35,Dólares,Tienda Online XYZ,compra online,compras
TX-000186,CUST-E0026,ACC-E0026A,2024-01-08,72.14,US$,Uber,viaje uber,transporte
TX-003479,CUST-E0011,ACC-E0011A,"Feb 23, 2024",13.20,USD,Spotify,suscripcion spotify,suscripciones
TX-001794,CUST-E0014,ACC-E0014A,"Jan 12, 2024",86.18,USD,Supermercado Central,compra semanal supermercado,alimentacion
TX-002951,CUST-E0020,acc-e0020a,2024-02-08,38.65,Usd,Inmobiliaria Norte,renta apartamento,vivienda
TX-003145,CUST-E0026,ACC-E0026A,"Feb 28, 2024",,Dólares,Farmacia Salud,,
TX-004269,CUST-E0031,ACC-E0031A,2024-01-01,-84.22,usd,Inmobiliaria Norte,renta apartamento,vivienda
TX-000435,CUST-E0004,ACC-E0004A,15/03/2024,15.66, usd ,Farmacia Salud,medicinas,salud
TX-002959,CUST-E0013,ACC-E0013A,19/03/2024,83.85,USD,Farmacia Salud,medicinas,salud
TX-002333,CUST-E0027,ACC-E0027A,2024-02-09,19.52,COP,Farmacia Salud,medicinas,salud
TX-003859,CUST-E0019,ACC-E0019A,29/01/2024,$38.05,COP,Tienda Online XYZ,,compras
TX-002539,CUST-E0037,acc-e0037a,"Mar 11, 2024",115.63,US$,Internet Hogar,factura internet,servicios
TX-001657,CUST-E0018,ACC-E0018A,30/01/2024,$160.23,usd,Inmobiliaria Norte,renta apartamento,
TX-001049,CUST-E0016,ACC-E0016A,"Mar 11, 2024",240.34, usd ,Restaurante El Fogon,almuerzo restaurante,alimentacion
TX-001543,CUST-E0011,  ACC-E0011A ,"Jan 05, 2024",20.43,Dólares,Estacion Gasolina Sol,gasolina,transporte
TX-002112,CUST-E0010,ACC-E0010B,2024-02-01,$51.15,US$,Tienda Online XYZ,compra online,
TX-000615,cust-e0033,ACC-E0033A,"Feb 05, 2024",70.07,Pesos,RESTAURANTE EL FOGON,almuerzo restaurante,alimentacion
TX-000018,CUST-E0037,ACC-E0037A,25/01/2024,100.02, usd ,Estacion Gasolina Sol,gasolina,transporte
TX-000367,CUST-E0025,  ACC-E0025A ,19/02/2024,14.51,USD,Supermercado Central,compra semanal supermercado,alimentacion
TX-000902,CUST-E0016,ACC-E0016A,"Mar 11, 2024",-29.38,USD,,suscripcion mensual netflix,
TX-003661,CUST-E0022,ACC-E0022A,2024-01-15,109.09,Dólares,Spotify,suscripcion spotify,suscripciones
TX-001096,CUST-E0029,acc-e0029a,2024-02-15,155.14,USD,Netflix,suscripcion mensual netflix,suscripciones
TX-001386,CUST-E0018,ACC-E0018A,2024-03-09,$169.05,US$,Inmobiliaria Norte,renta apartamento,vivienda
TX-004225,CUST-E0012,ACC-E0012A,"Feb 11, 2024",74.82,Dólares,Farmacia Salud,medicinas,salud
TX-000165,CUST-E0014,ACC-E0014A,2024-02-06,197.09,Usd,Empresa de Luz,factura luz,servicios
TX-000413,CUST-E0028,ACC-E0028A,N/A,$35.77,usd,SUPERMERCADO CENTRAL,compra semanal supermercado,alimentacion
TX-003480,CUST-E0002,ACC-E0002A,2024-01-28,23.92,usd,Supermercado Central,compra semanal supermercado,alimentacion
TX-000159,CUST-E0025,ACC-E0025B,13/03/2024,75.34,usd,Restaurante El Fogon,almuerzo restaurante,alimentacion
TX-001283,  CUST-E0027 ,ACC-E0027A,2024-03-01,50.52,cop,Estacion Gasolina Sol,gasolina,transporte
TX-001019,CUST-E0030,ACC-E0030A,22/03/2024,47.90,Usd,Farmacia Salud,medicinas,salud
TX-004274,CUST-E0033,ACC-E0033A,2024-02-28,$54.38,,Estacion Gasolina Sol,gasolina,
TX-003268,  CUST-E0009 ,ACC-E0009A,01/02/2024,26.58,Dólares,Netflix,suscripcion mensual netflix,
TX-003603,CUST-E0019,ACC-E0019A,2024-01-26,$22.22,COP,Restaurante El Fogon,almuerzo restaurante,alimentacion
TX-001262,CUST-E0032,ACC-E0032A,2024-02-20,108.34,Dólares,Uber,viaje uber,transporte
TX-003259,CUST-E0005,ACC-E0005B,23/03/2024,36.58,Euros,Uber,viaje uber,transporte
TX-002559,CUST-E0023,ACC-E0023A,03/03/2024,222.08,US$,Spotify,suscripcion spotify,suscripciones
TX-001533,CUST-E0039,ACC-E0039A,"Mar 29, 2024",20.79, usd ,UBER,,
TX-002452,CUST-E0003,ACC-E0003A,"Feb 27, 2024",$21.94,USD,Netflix,suscripcion mensual netflix,suscripciones
TX-003531,  CUST-E0040 ,  ACC-E0040B ,2024-01-22,"5,000,000.00", usd ,SUPERMERCADO CENTRAL,compra semanal supermercado,alimentacion
TX-002102,CUST-E0023,acc-e0023a,"Feb 12, 2024",158.64,usd,Empresa de Luz,factura luz,servicios
TX-004236,CUST-E0039,ACC-E0039A,2024-03-20,39.21,Usd,Tienda Online XYZ,compra online,compras
TX-001553,CUST-E0018,ACC-E0018A,20/02/2024,204.90,Usd,Internet Hogar,factura internet,servicios
TX-002953,CUST-E0016,ACC-E0016A,2024-02-16,316.34,Usd,Internet Hogar,factura internet,servicios
TX-003617,CUST-E0003,ACC-E0003A,"Feb 11, 2024",18.99,US$,Tienda Online XYZ,compra online,compras
TX-003606,CUST-E0010,ACC-E0010B,"Feb 16, 2024",20.58,usd,Netflix,suscripcion mensual netflix,suscripciones
TX-003452,CUST-E0004,ACC-E0004A,27/02/2024,69.74,US$,Farmacia Salud,medicinas,
TX-001267,CUST-E0018,ACC-E0018A,2024-03-11,117.47,Dólares,Supermercado Central,compra semanal supermercado,alimentacion
TX-000837,CUST-E0024,  ACC-E0024A ,22/03/2024,376.31,Dólares,Internet Hogar,factura internet,servicios
TX-001117,CUST-E0031,ACC-E0031A,02/02/2024,$77.37,USD,estacion gasolina sol,gasolina,transporte
TX-000622,CUST-E0017,ACC-E0017A,05/02/2024,59.16, usd ,inmobiliaria norte,renta apartamento,vivienda
TX-000046,CUST-E0033,ACC-E0033A,"Feb 08, 2024",$56.30,Pesos,  Estacion Gasolina Sol ,gasolina,transporte
TX-002535,CUST-E0032,ACC-E0032A,"Mar 29, 2024",204.76,USD,Restaurante El Fogon,almuerzo restaurante,alimentacion
TX-003464,cust-e0016,  ACC-E0016A ,"Jan 23, 2024",$257.85,Usd,Supermercado Central,compra semanal supermercado,alimentacion
TX-003076,CUST-E0003,  ACC-E0003A ,05/01/2024,32.60, usd ,Netflix,suscripcion mensual netflix,
TX-003375,cust-e0008,ACC-E0008A,2024-02-01,,USD,Tienda Online XYZ,compra online,
TX-000516,CUST-E0001,acc-e0001a,2024-02-18,$194.64,Dólares,Spotify,suscripcion spotify,
TX-002549,CUST-E0015,ACC-E0015B,"Feb 07, 2024",60.25,cop,Spotify,suscripcion spotify,suscripciones
TX-000505,CUST-E0034,ACC-E0034A,"Mar 21, 2024",$252.83,Usd,Estacion Gasolina Sol,gasolina,
TX-002516,CUST-E0015,ACC-E0015A,20/02/2024,39.53,COP,Internet Hogar,factura internet,servicios
TX-000854,CUST-E0021,  ACC-E0021A ,2024-03-06,16.93,Usd,  Inmobiliaria Norte ,renta apartamento,vivienda
TX-002792,CUST-E0032,ACC-E0032A,"Mar 07, 2024",111.55,usd,estacion gasolina sol,gasolina,transporte
TX-004158,CUST-E0029,ACC-E0029A,"Feb 01, 2024","4,521.71",USD,Inmobiliaria Norte,renta apartamento,vivienda
TX-000636,CUST-E0022,ACC-E0022A,"Mar 30, 2024",104.14,US$,Uber,viaje uber,transporte
TX-001450,CUST-E0040,ACC-E0040B,2024-01-13,44.31,usd,,suscripcion mensual netflix,suscripciones
TX-000899,CUST-E0021,ACC-E0021A,30/03/2024,$11.96,usd,Estacion Gasolina Sol,gasolina,transporte
TX-002368,CUST-E0030,ACC-E0030A,"Jan 12, 2024",35.35,Usd,Internet Hogar,factura internet,servicios
TX-002335,CUST-E0032,ACC-E0032A,"Mar 10, 2024",332.57,Usd,Restaurante El Fogon,almuerzo restaurante,
TX-002816,,ACC-E0004A,"Feb 28, 2024",32.98, usd ,Tienda Online XYZ,compra online,compras
TX-003281,cust-e0011,ACC-E0011A,27/01/2024,36.65, usd ,Tienda Online XYZ,compra online,compras
TX-002467,CUST-E0009,ACC-E0009A,09/03/2024,$18.92, usd ,,,compras
TX-002615,CUST-E0012,ACC-E0012A,2024-01-18,$112.96,USD,Farmacia Salud,medicinas,salud
TX-002084,CUST-E0007,acc-e0007a,2024-01-15,73.17,Dólares,Spotify,suscripcion spotify,suscripciones
TX-002374,CUST-E0015,ACC-E0015B,2024-03-18,$10.40,,Uber,viaje uber,transporte
TX-004032,CUST-E0012,ACC-E0012A,"Jan 10, 2024",$100.25,US$,Empresa de Luz,factura luz,servicios
TX-003966,CUST-E0006,ACC-E0006A,"Mar 12, 2024",103.66,USD,  Farmacia Salud ,medicinas,salud
TX-001527,CUST-E0016,ACC-E0016A,"Feb 20, 2024",86.49,Dólares,,gasolina,transporte
TX-001483,  CUST-E0016 ,ACC-E0016A,2024-01-12,273.23,usd,Internet Hogar,factura internet,servicios
TX-003551,CUST-E0031,ACC-E0031A,2024-02-22,$55.27,Usd,  Internet Hogar ,factura internet,servicios
TX-000180,CUST-E0039,ACC-E0039A,2024-02-14,37.14,usd,FARMACIA SALUD,medicinas,salud
TX-004077,CUST-E0013,ACC-E0013A,18/03/2024,109.89,Dólares,Supermercado Central,compra semanal supermercado,alimentacion
TX-002276,CUST-E0026,ACC-E0026A,2024-03-13,58.75,Dólares,Restaurante El Fogon,,alimentacion
TX-003844,  CUST-E0025 ,ACC-E0025A,"Mar 23, 2024",$26.91,USD,Uber,viaje uber,transporte
TX-001735,CUST-E0029,ACC-E0029A,"Jan 12, 2024",191.14,usd,Tienda Online XYZ,compra online,compras
TX-003911,CUST-E0020,ACC-E0020B,"Feb 25, 2024",$85.68,US$,Netflix,suscripcion mensual netflix,suscripciones
TX-000431,  CUST-E0019 ,ACC-E0019A,"Feb 08, 2024",37.06,cop,Uber,viaje uber,transporte
TX-003292,CUST-E0004,ACC-E0004A,2024-02-16,18.98, usd ,Internet Hogar,factura internet,servicios
TX-000171,CUST-E0040,ACC-E0040B,12/03/2024,39.16,US$,Internet Hogar,factura internet,
TX-002609,CUST-E0011,ACC-E0011A,19/02/2024,24.46,Dólares,Restaurante El Fogon,almuerzo restaurante,alimentacion
TX-002281,CUST-E0033,ACC-E0033A,2024-03-14,50.47,cop,Uber,viaje uber,
TX-003732,CUST-E0004,ACC-E0004A,"Jan 01, 2024",39.27,US$,  Supermercado Central ,compra semanal supermercado,alimentacion
TX-002929,CUST-E0014,ACC-E0014A,2024-01-29,96.22,usd,Internet Hogar,factura internet,servicios
TX-002943,CUST-E0039,ACC-E0039A,2024-03-20,39.21,Usd,Tienda Online XYZ,compra online,compras
TX-002784,CUST-E0011,ACC-E0011A,2024-02-14,$49.39,USD,Restaurante El Fogon,almuerzo restaurante,alimentacion
TX-001920,cust-e0034,  ACC-E0034A ,25/01/2024,233.62,Usd,Restaurante El Fogon,almuerzo restaurante,alimentacion
TX-000542,CUST-E0008,ACC-E0008A,"Mar 25, 2024",$130.15,USD,Farmacia Salud,medicinas,salud
TX-001923,CUST-E0018,ACC-E0018A,2024-03-01,$130.83,Usd,Netflix,suscripcion mensual netflix,suscripciones
TX-001085,CUST-E0004,ACC-E0004A,2024-03-26,$101.72,,spotify,suscripcion spotify,suscripciones
TX-002238,CUST-E0032,ACC-E0032A,23/03/2024,$6959.31,Dólares,Inmobiliaria Norte,,vivienda
TX-001679,CUST-E0019,ACC-E0019A,2024-01-31,38.62,cop,Supermercado Central,compra semanal supermercado,alimentacion
TX-002076,CUST-E0005,ACC-E0005A,05/03/2024,$44.76,eur,estacion gasolina sol,gasolina,transporte
TX-002370,,  ACC-E0031A ,"Feb 02, 2024",143.84,usd,farmacia salud,medicinas,salud
TX-003877,CUST-E0019,ACC-E0019A,"Feb 26, 2024",26.73,Pesos,Inmobiliaria Norte,,vivienda
TX-002420,  CUST-E0034 ,ACC-E0034A,"Mar 24, 2024",130.93,USD,Netflix,suscripcion mensual netflix,suscripciones
TX-003735,CUST-E0001,ACC-E0001A,2024-01-06,65.86,,Restaurante El Fogon,almuerzo restaurante,alimentacion
TX-003309,CUST-E0011,ACC-E0011A,2024-01-27,-14.61,Usd,Spotify,suscripcion spotify,suscripciones
TX-000881,  CUST-E0016 ,ACC-E0016A,"Feb 05, 2024",164.44, usd ,FARMACIA SALUD,medicinas,salud
TX-003734,CUST-E0010,acc-e0010a,18/03/2024,$31.15,USD,Restaurante El Fogon,almuerzo restaurante,alimentacion
TX-003280,CUST-E0019,ACC-E0019A,15/01/2024,38.29,Pesos,Netflix,suscripcion mensual netflix,
TX-001476,CUST-E0008,ACC-E0008A,2024-03-21,44.99,Dólares,Netflix,suscripcion mensual netflix,suscripciones
TX-000277,CUST-E0013,ACC-E0013A,"Mar 29, 2024",$29.01, usd ,Farmacia Salud,medicinas,
TX-000061,,ACC-E0004A,2024-02-28,$48.85,Dólares,Supermercado Central,compra semanal supermercado,alimentacion
TX-000997,CUST-E0029,ACC-E0029A,19/02/2024,59.33,usd,spotify,suscripcion spotify,suscripciones
TX-003490,CUST-E0033,ACC-E0033A,"Mar 21, 2024",8.91,cop,Restaurante El Fogon,almuerzo restaurante,
TX-002195,CUST-E0036,  ACC-E0036A ,2024-01-05,$81.56,usd,Inmobiliaria Norte,renta apartamento,vivienda
TX-000944,CUST-E0032,ACC-E0032A,03/01/2024,93.88,Usd,Restaurante El Fogon,almuerzo restaurante,alimentacion
TX-002749,CUST-E0030,ACC-E0030A,20/01/2024,29.02,usd,Restaurante El Fogon,almuerzo restaurante,alimentacion
TX-001521,CUST-E0025,ACC-E0025A,2024-01-11,abc,Dólares,Restaurante El Fogon,,alimentacion
TX-002257,CUST-E0019,ACC-E0019A,2024-02-19,24.20,cop,Empresa de Luz,,servicios
TX-003744,CUST-E0018,  ACC-E0018A ,13/02/2024,125.57,Usd,Uber,viaje uber,transporte
TX-001901,CUST-E0028,ACC-E0028A,"Mar 28, 2024",177.44, usd ,empresa de luz,factura luz,
TX-004020,,ACC-E0023A,25/02/2024,130.98,USD,Internet Hogar,factura internet,
TX-000322,CUST-E0018,ACC-E0018A,17/01/2024,249.79, usd ,Restaurante El Fogon,almuerzo restaurante,
TX-002081,CUST-E0012,ACC-E0012A,"Mar 03, 2024",220.66,USD,Inmobiliaria Norte,renta apartamento,vivienda
TX-000271,CUST-E0035,ACC-E0035A,23/01/2024,$234.88,bitcoins,INTERNET HOGAR,factura internet,servicios
TX-003855,CUST-E0010,  ACC-E0010A ,"Jan 07, 2024",31.51,US$,Estacion Gasolina Sol,gasolina,
TX-004252,  CUST-E0018 ,ACC-E0018A,05/01/2024,$60.37,US$,Farmacia Salud,medicinas,salud
TX-001580,CUST-E0039,ACC-E0039A,2024-02-04,32.54,US$,Supermercado Central,compra semanal supermercado,alimentacion
TX-001376,CUST-E0040,ACC-E0040A,"Feb 03, 2024",216.83, usd ,Farmacia Salud,medicinas,salud
TX-001021,CUST-E0006,ACC-E0006A,"Mar 14, 2024",330.63,usd,Supermercado Central,compra semanal supermercado,alimentacion
TX-001029,CUST-E0036,ACC-E0036A,"Feb 22, 2024",60.02,Dólares,Uber,viaje uber,transporte
TX-003775,  CUST-E0005 ,ACC-E0005B,"Feb 18, 2024",49.07,eur,Inmobiliaria Norte,renta apartamento,vivienda
TX-000560,CUST-E0013,ACC-E0013A,26/01/2024,$45.29,Usd,  Farmacia Salud ,medicinas,,extra,columnas
TX-003253,CUST-E0036,ACC-E0036A,09/01/2024,27.45,Dólares,Farmacia Salud,medicinas,
TX-000996,CUST-E0025,ACC-E0025B,24/03/2024,103.78,usd,Supermercado Central,compra semanal supermercado,
TX-002494,CUST-E0032,ACC-E0032A,"Jan 31, 2024",563.49,US$,  Internet Hogar ,factura internet,servicios
TX-001352,CUST-E0004,ACC-E0004A,2024-02-25,13.04,Usd,  Tienda Online XYZ ,compra online,compras
TX-002249,CUST-E0016,ACC-E0016A,2024-02-01,101.39,US$,Uber,,transporte
TX-003514,CUST-E0016,ACC-E0016A,"Mar 25, 2024",152.84,USD,Netflix,suscripcion mensual netflix,suscripciones
TX-002897,CUST-E0027,ACC-E0027A,2024-02-20,50.68,cop,Supermercado Central,compra semanal supermercado,alimentacion
TX-003057,CUST-E0010,ACC-E0010A,08/03/2024,21.41, usd ,Farmacia Salud,medicinas,salud
TX-000721,CUST-E0027,ACC-E0027A,2024-02-24,26.32,Pesos,Tienda Online XYZ,compra online,
TX-003237,CUST-E0013,ACC-E0013A,2024-01-21,$53.58,Dólares,Estacion Gasolina Sol,gasolina,
TX-003997,CUST-E0003,ACC-E0003A,"Mar 05, 2024",23.35,US$,Restaurante El Fogon,almuerzo restaurante,alimentacion
TX-003545,CUST-E0015,ACC-E0015B,"Jan 14, 2024",$33.88,Pesos,Netflix,suscripcion mensual netflix,suscripciones
TX-003758,CUST-E0036,ACC-E0036A,15/03/2024,39.93,Usd,  Uber ,viaje uber,transporte
TX-000341,CUST-E0016,ACC-E0016A,2024-03-13,167.86,USD,,compra online,compras
TX-001906,CUST-E0008,ACC-E0008A,13/01/2024,$62.62,Dólares,Supermercado Central,compra semanal supermercado,alimentacion
TX-000327,CUST-E0011,ACC-E0011A,"Jan 12, 2024",11.74,Dólares,Empresa de Luz,factura luz,servicios
TX-002442,CUST-E0004,acc-e0004a,10/01/2024,$85.78,Dólares,Uber,viaje uber,transporte
TX-002175,CUST-E0039,ACC-E0039A,15/01/2024,17.08,Usd,Estacion Gasolina Sol,gasolina,transporte
TX-002358,CUST-E0002,ACC-E0002A,2024-01-07,12..5,USD,Netflix,suscripcion mensual netflix,
TX-002255,CUST-E0028,  ACC-E0028A ,2024-01-11,$160.59,Usd,Restaurante El Fogon,almuerzo restaurante,alimentacion
TX-000035,CUST-E0002,ACC-E0002A,23/03/2024,7.96,USD,Inmobiliaria Norte,,vivienda
TX-001400,CUST-E0035,ACC-E0035A,2024-01-24,185.09,eur,,almuerzo restaurante,
TX-002148,CUST-E0034,  ACC-E0034A ,2024-03-30,165.72,USD,Supermercado Central,compra semanal supermercado,alimentacion
TX-001076,CUST-E0031,ACC-E0031A,2024-01-01,-84.22,usd,Inmobiliaria Norte,renta apartamento,vivienda
TX-003704,CUST-E0001,ACC-E0001A,"Feb 21, 2024",279.11,USD,Supermercado Central,compra semanal supermercado,alimentacion
TX-003659,CUST-E0038,ACC-E0038A,"Jan 06, 2024",$20.37,usd,Internet Hogar,factura internet,servicios
TX-004119,CUST-E0019,acc-e0019a,29/02/2024,45.71,Pesos,Spotify,suscripcion spotify,suscripciones
TX-002915,CUST-E0002,ACC-E0002A,28/01/2024,58.54,Dólares,Estacion Gasolina Sol,gasolina,transporte
TX-000674,CUST-E0023,ACC-E0023A,"Mar 01, 2024",52.00,Usd,Tienda Online XYZ,compra online,compras
TX-002808,cust-e0004,ACC-E0004A,11/03/2024,$115.71,Usd,Supermercado Central,compra semanal supermercado,alimentacion
TX-002057,CUST-E0015,ACC-E0015B,15/03/2024,35.78,COP,Restaurante El Fogon,almuerzo restaurante,alimentacion
TX-000325,CUST-E0036,ACC-E0036A,07/03/2024,$66.89,Dólares,Netflix,suscripcion mensual netflix,suscripciones
TX-003794,CUST-E0036,ACC-E0036A,14/02/2024,58.97,USD,Empresa de Luz,factura luz,servicios
TX-004009,CUST-E0013,  ACC-E0013A ,09/03/2024,$40.49,usd,uber,viaje uber,
TX-000321,CUST-E0034,ACC-E0034A,2024-01-26,"$6,859.94",usd,Empresa de Luz,factura luz,servicios
TX-002072,CUST-E0015,  ACC-E0015B ,20/02/2024,$69.37,COP,Tienda Online XYZ,compra online,compras
TX-000679,CUST-E0023,  ACC-E0023A ,2024-01-10,$34.63,,Estacion Gasolina Sol,gasolina,
TX-000954,CUST-E0011,ACC-E0011A,"Feb 24, 2024",$16.34,Dólares,Tienda Online XYZ,compra online,compras
TX-001853,CUST-E0016,ACC-E0016A,"Feb 21, 2024",79.57,Dólares,  Empresa de Luz ,factura luz,
TX-001585,CUST-E0014,  ACC-E0014A ,"Jan 10, 2024",76.66,usd,Estacion Gasolina Sol,gasolina,transporte
TX-001535,CUST-E0032,ACC-E0032A,"Jan 26, 2024",114.25, usd ,  Tienda Online XYZ ,compra online,compras
TX-001154,cust-e0040,ACC-E0040B,2024-01-23,$79.59,USD,Internet Hogar,factura internet,servicios
TX-001353,CUST-E0003,ACC-E0003A,"Mar 13, 2024",$13.09,USD,Tienda Online XYZ,compra online,compras
TX-004125,CUST-E0020,ACC-E0020B,15/01/2024,243.53,Dólares,  Netflix ,suscripcion mensual netflix,suscripciones
TX-004112,CUST-E0027,ACC-E0027A,18/03/2024,56.17,cop,Tienda Online XYZ,compra online,compras
TX-003016,CUST-E0024,ACC-E0024A,27/01/2024,$174.09,,Empresa de Luz,,servicios
TX-000906,cust-e0012,ACC-E0012A,"Jan 16, 2024",44.03,US$,Spotify,suscripcion spotify,suscripciones
TX-003303,CUST-E0022,ACC-E0022A,"Feb 28, 2024",353.75,Usd,Farmacia Salud,medicinas,salud
TX-000871,cust-e0001,ACC-E0001A,2024-02-22,146.94,Usd,Uber,viaje uber,
TX-001466,CUST-E0028,ACC-E0028A,2024-02-08,255.91,usd,Empresa de Luz,factura luz,servicios
TX-000009,CUST-E0033,ACC-E0033A,2024-03-05,$77.91,COP,  Farmacia Salud ,medicinas,salud
TX-004243,CUST-E0027,ACC-E0027A,22/03/2024,24.25,COP,Estacion Gasolina Sol,gasolina,transporte
TX-003777,  CUST-E0012 ,ACC-E0012A,2024-02-21,$23.02, usd ,SPOTIFY,suscripcion spotify,suscripciones
TX-001972,CUST-E0009,ACC-E0009A,2024-01-09,67.14,,Internet Hogar,factura internet,servicios
TX-000537,CUST-E0014,ACC-E0014A,"Feb 22, 2024",$106.14,usd,Estacion Gasolina Sol,gasolina,transporte
TX-002970,CUST-E0024,ACC-E0024A,2024-01-12,"5,000,000.00",US$,netflix,suscripcion mensual netflix,
TX-000034,CUST-E0004,ACC-E0004A,2024-02-29,$59.80, usd ,Internet Hogar,factura internet,servicios
TX-000406,CUST-E0025,ACC-E0025A,"Mar 29, 2024",71.69, usd ,Uber,viaje uber,
TX-002009,CUST-E0011,  ACC-E0011A ,27/03/2024,7.29,Usd,Farmacia Salud,medicinas,salud
TX-000427,CUST-E0004,ACC-E0004A,"Jan 12, 2024",170.98,US$,Netflix,,suscripciones
TX-000652,CUST-E0039,ACC-E0039A,2024-02-15,23.00,US$,Internet Hogar,factura internet,servicios
TX-002710,  CUST-E0027 ,ACC-E0027A,30/01/2024,$34.19,COP,Netflix,suscripcion mensual netflix,suscripciones
TX-000865,CUST-E0039,ACC-E0039A,2024-03-08,$92.87,Usd,Restaurante El Fogon,almuerzo restaurante,alimentacion
TX-000273,CUST-E0014,ACC-E0014A,"Mar 03, 2024",$31.93,USD,INMOBILIARIA NORTE,renta apartamento,vivienda
TX-003184,  CUST-E0008 ,ACC-E0008A,02/03/2024,$60.05,Dólares,  Farmacia Salud ,medicinas,salud
TX-002848,cust-e0025,ACC-E0025A,2024-02-16,12..5,usd,restaurante el fogon,almuerzo restaurante,
TX-003474,CUST-E0001,ACC-E0001A,2024-03-10,34.71,US$,Inmobiliaria Norte,,vivienda
TX-002725,  CUST-E0037 ,ACC-E0037A,"Feb 23, 2024",50.02,US$,Spotify,suscripcion spotify,suscripciones
TX-001302,CUST-E0024,ACC-E0024A,2024-03-30,$246.60,Usd,Estacion Gasolina Sol,gasolina,
TX-001883,,ACC-E0005A,"Mar 01, 2024",4286.88,EUR,Spotify,,suscripciones
TX-001208,CUST-E0022,ACC-E0022A,2024-01-18,56.61,Dólares,Supermercado Central,compra semanal supermercado,alimentacion,extra,columnas
TX-001964,CUST-E0023,ACC-E0023A,"Mar 04, 2024",108.23,USD,Farmacia Salud,medicinas,salud
TX-003043,CUST-E0017,acc-e0017a,2024-01-19,$32.90,Usd,internet hogar,factura internet,servicios
TX-000865,CUST-E0039,ACC-E0039A,2024-03-08,$92.87,Usd,Restaurante El Fogon,almuerzo restaurante,alimentacion
TX-001889,CUST-E0001,ACC-E0001A,01/02/2024,170.44,Dólares,Spotify,suscripcion spotify,suscripciones
TX-003291,CUST-E0031,ACC-E0031A,"Mar 21, 2024",$132.98,usd,Spotify,suscripcion spotify,suscripciones
TX-001028,  CUST-E0037 ,ACC-E0037A,2024-02-16,$82.70,Usd,inmobiliaria norte,renta apartamento,
TX-000559,CUST-E0015,ACC-E0015B,2024-02-09,41.19,cop,Farmacia Salud,medicinas,salud
TX-002527,CUST-E0013,acc-e0013a,10/02/2024,$32.63,usd,Empresa de Luz,factura luz,
TX-003358,CUST-E0019,ACC-E0019A,01/03/2024,,??,Internet Hogar,factura internet,servicios
TX-000388,CUST-E0029,ACC-E0029A,2024-03-15,123.13,USD,Tienda Online XYZ,compra online,compras
TX-002426,CUST-E0028,ACC-E0028A,2024-03-18,142.52, usd ,Supermercado Central,compra semanal supermercado,alimentacion
TX-003150,CUST-E0016,ACC-E0016A,2024-01-09,$133.23,Dólares,Spotify,suscripcion spotify,suscripciones
TX-003087,CUST-E0024,  ACC-E0024A ,"Feb 09, 2024",$111.92,US$,Spotify,,
TX-000942,CUST-E0002,ACC-E0002A,04/01/2024,20.71, usd ,Restaurante El Fogon,almuerzo restaurante,alimentacion
TX-000857,CUST-E0023,ACC-E0023A,"Mar 13, 2024",281.84,US$,Netflix,suscripcion mensual netflix,suscripciones
TX-004070,CUST-E0040,ACC-E0040B,25/01/2024,$191.04, usd ,Tienda Online XYZ,compra online,compras
TX-004075,CUST-E0007,  ACC-E0007A ,2024-03-26,73.73,USD,,suscripcion spotify,
TX-000247,CUST-E0029,ACC-E0029A,2024-02-23,$166.91,US$,  Inmobiliaria Norte ,renta apartamento,vivienda
TX-000886,CUST-E0016,  ACC-E0016A ,"Feb 11, 2024",77.59,Dólares,Supermercado Central,compra semanal supermercado,alimentacion
TX-001725,CUST-E0037,ACC-E0037A,17/03/2024,225.35,USD,Spotify,suscripcion spotify,suscripciones
TX-001054,CUST-E0026,ACC-E0026A,31/01/2024,$188.36,,Restaurante El Fogon,almuerzo restaurante,alimentacion
TX-002756,CUST-E0002,ACC-E0002A,"Jan 12, 2024",20.02,Usd,Inmobiliaria Norte,renta apartamento,vivienda
TX-002614,CUST-E0015,ACC-E0015A,"Feb 02, 2024",66.55,COP,Inmobiliaria Norte,renta apartamento,vivienda
TX-000959,CUST-E0036,ACC-E0036A,"Feb 09, 2024",24.17,USD,  Tienda Online XYZ ,compra online,
TX-001134,CUST-E0040,ACC-E0040A,2024-02-19,21.38, usd ,  Restaurante El Fogon ,almuerzo restaurante,alimentacion
TX-001800,CUST-E0021,ACC-E0021A,2024-01-31,$7.25, usd ,Supermercado Central,compra semanal supermercado,alimentacion
TX-003709,cust-e0024,ACC-E0024A,2024-03-30,$114.90,Usd,Uber,viaje uber,
TX-003476,CUST-E0040,ACC-E0040B,"Jan 06, 2024","5,000,000.00",usd,Inmobiliaria Norte,renta apartamento,
TX-001277,CUST-E0020,ACC-E0020A,"Feb 29, 2024",286.71,,Uber,viaje uber,transporte
TX-001621,cust-e0028,ACC-E0028A,"Feb 22, 2024",$214.27,Usd,,compra online,
TX-000864,CUST-E0027,ACC-E0027A,04/01/2024,56.98,COP,Inmobiliaria Norte,renta apartamento,vivienda
TX-003868,cust-e0008,ACC-E0008A,"Mar 13, 2024","1,2,3.4",US$,  Inmobiliaria Norte ,renta apartamento,vivienda
TX-001697,CUST-E0024,ACC-E0024A,2024-02-28,$88.12,Dólares,Farmacia Salud,medicinas,salud
TX-001737,CUST-E0024,ACC-E0024A,28/02/2024,147.54,usd,,viaje uber,transporte
TX-003159,CUST-E0033,ACC-E0033A,"Feb 17, 2024",48.69,cop,uber,viaje uber,transporte
TX-002169,CUST-E0027,ACC-E0027A,13/01/2024,$51.36,Pesos,Netflix,suscripcion mensual netflix,suscripciones
TX-002322,CUST-E0019,  ACC-E0019A ,29/03/2024,6.72,Pesos,Netflix,suscripcion mensual netflix,suscripciones
TX-001858,CUST-E0023,ACC-E0023A,2024-03-28,182.15,usd,farmacia salud,medicinas,salud
TX-003811,CUST-E0025,ACC-E0025A,02/03/2024,23.36,US$,Netflix,suscripcion mensual netflix,suscripciones
TX-001492,CUST-E0035,ACC-E0035A,31/02/2024,416.75,eur,Tienda Online XYZ,compra online,compras
TX-002702,CUST-E0012,ACC-E0012A,2024-03-07,37.09,usd,Estacion Gasolina Sol,gasolina,
TX-001953,CUST-E0029,ACC-E0029A,2024-01-02,129.82,Dólares,Uber,viaje uber,transporte
TX-002826,CUST-E0007,ACC-E0007A,"Feb 29, 2024",50.96,USD,Inmobiliaria Norte,renta apartamento,vivienda
TX-001558,CUST-E0006,ACC-E0006A,"Mar 28, 2024",$111.12,US$,supermercado central,compra semanal supermercado,alimentacion
TX-000370,CUST-E0014,ACC-E0014A,"Feb 24, 2024",47.80,usd,FARMACIA SALUD,medicinas,salud
TX-003599,CUST-E0037,ACC-E0037A,2024-02-02,66.99,Dólares,Uber,viaje uber,transporte
TX-003079,CUST-E0005,ACC-E0005A,23/01/2024,121.74,EUR,Restaurante El Fogon,almuerzo restaurante,alimentacion
TX-003863,CUST-E0004,ACC-E0004A,29/01/2024,26.23,Dólares,Inmobiliaria Norte,renta apartamento,vivienda
TX-002272,CUST-E0025,ACC-E0025A,"Mar 16, 2024",$19.83,usd,Spotify,suscripcion spotify,
TX-004205,CUST-E0024,ACC-E0024A,21/01/2024,194.44,usd,Tienda Online XYZ,compra online,compras
TX-004135,CUST-E0015,ACC-E0015A,"Mar 03, 2024",$70.95,cop,,compra online,compras
TX-001563,CUST-E0012,ACC-E0012A,"Jan 19, 2024",114.06,Usd,Estacion Gasolina Sol,gasolina,transporte
TX-000103,CUST-E0019,ACC-E0019A,2024-02-05,26.34,cop,Farmacia Salud,medicinas,salud
TX-002777,  CUST-E0024 ,ACC-E0024A,"Jan 06, 2024",102.39,Usd,Uber,viaje uber,
TX-002267,  CUST-E0017 ,ACC-E0017A,2024-01-21,88.60,usd,Netflix,suscripcion mensual netflix,suscripciones
TX-000276,CUST-E0033,acc-e0033a,2024-03-05,216.45,cop,Restaurante El Fogon,almuerzo restaurante,
TX-003716,CUST-E0039,ACC-E0039A,"Feb 25, 2024",18.33,US$,Uber,viaje uber,transporte
TX-002056,CUST-E0017,  ACC-E0017A ,"Mar 08, 2024",64.40,usd,,,
TX-001164,  CUST-E0027 ,ACC-E0027A,2024-02-13,$74.98,COP,INTERNET HOGAR,factura internet,servicios
TX-000713,CUST-E0035,ACC-E0035A,05/03/2024,258.73,eur,Empresa de Luz,factura luz,servicios
TX-000964,cust-e0004,ACC-E0004A,2024-02-24,37.43,USD,supermercado central,compra semanal supermercado,
TX-000599,CUST-E0001,ACC-E0001A,"Mar 17, 2024",69.05,Usd,  Inmobiliaria Norte ,renta apartamento,vivienda
TX-000545,CUST-E0010,acc-e0010b,2024-03-21,42.85,Usd,Restaurante El Fogon,,alimentacion
TX-001909,CUST-E0035,ACC-E0035A,11/01/2024,127.21,EUR,SUPERMERCADO CENTRAL,compra semanal supermercado,alimentacion
TX-001385,CUST-E0002,ACC-E0002A,2024-01-24,29.48,USD,  Restaurante El Fogon ,,alimentacion
TX-000686,CUST-E0016,ACC-E0016A,2024-03-15,190.36,USD,Inmobiliaria Norte,renta apartamento,
TX-001004,CUST-E0007,ACC-E0007A,"Jan 01, 2024",24.64,usd,Empresa de Luz,factura luz,servicios
TX-003592,CUST-E0007,ACC-E0007A,31/02/2024,$40.95,Dólares,Estacion Gasolina Sol,gasolina,transporte
TX-002203,CUST-E0010,ACC-E0010A,2024-01-17,3.65,,Netflix,suscripcion mensual netflix,suscripciones
TX-000701,CUST-E0032,ACC-E0032A,"Feb 25, 2024",175.22, usd ,Netflix,suscripcion mensual netflix,
TX-001050,CUST-E0034,ACC-E0034A,22/01/2024,$233.04,Dólares,Restaurante El Fogon,almuerzo restaurante,alimentacion
TX-002297,CUST-E0006,ACC-E0006A,"Jan 21, 2024",$181.69,Dólares,Inmobiliaria Norte,renta apartamento,vivienda
TX-003897,CUST-E0029,ACC-E0029A,10/01/2024,171.01,US$,Netflix,suscripcion mensual netflix,suscripciones
TX-001999,CUST-E0019,ACC-E0019A,2024-01-09,58.37,cop,  Uber ,,transporte
TX-003989,CUST-E0005,ACC-E0005B,"Mar 05, 2024",$82.89,EUR,uber,viaje uber,transporte
TX-001948,CUST-E0034,  ACC-E0034A ,"Mar 28, 2024",199.45,usd,Empresa de Luz,factura luz,servicios
TX-003923,CUST-E0011,ACC-E0011A,2024-02-21,$19.97,US$
TX-003851,CUST-E0034,ACC-E0034A,2024-02-12,$118.09,USD,Supermercado Central,compra semanal supermercado,alimentacion
TX-000208,CUST-E0040,ACC-E0040A,"Jan 31, 2024",122.13,USD,Spotify,,suscripciones
TX-003163,  CUST-E0038 ,ACC-E0038A,"Jan 13, 2024",$8.69,USD,Restaurante El Fogon,almuerzo restaurante,alimentacion
TX-000342,CUST-E0014,ACC-E0014A,"Mar 21, 2024",$84.70,usd,Uber,viaje uber,transporte
TX-001179,  CUST-E0040 ,ACC-E0040B,"Jan 22, 2024",$40.64, usd ,Uber,viaje uber,transporte
TX-003151,CUST-E0026,ACC-E0026A,,$61.93,usd,  Empresa de Luz ,factura luz,
TX-001163,CUST-E0023,ACC-E0023A,17/01/2024,3702.13,usd,Empresa de Luz,factura luz,servicios
TX-001546,CUST-E0032,ACC-E0032A,2024-03-30,131.08,usd,Uber,viaje uber,transporte
TX-002320,CUST-E0023,ACC-E0023A,"Feb 06, 2024",256.88,usd,farmacia salud,medicinas,salud
TX-001996,CUST-E0009,ACC-E0009A,"Feb 18, 2024",30.04,US$,tienda online xyz,compra online,compras
TX-001911,CUST-E0040,ACC-E0040A,2024-03-28,116.49,Usd,Farmacia Salud,medicinas,salud
TX-000844,CUST-E0007,ACC-E0007A,"Jan 18, 2024",51.88,usd,Estacion Gasolina Sol,gasolina,transporte
TX-001768,CUST-E0007,ACC-E0007A,2024-03-25,171.42,USD,Netflix,suscripcion mensual netflix,suscripciones
TX-000574,CUST-E0015,ACC-E0015B,2024-01-19,19.33,cop,  Farmacia Salud ,medicinas,salud
TX-002849,CUST-E0032,ACC-E0032A,2024-02-07,70.79,Usd,  Estacion Gasolina Sol ,gasolina,transporte
TX-003585,CUST-E0033,ACC-E0033A,01/02/2024,39.29,cop,Inmobiliaria Norte,renta apartamento,vivienda
TX-001474,CUST-E0013,  ACC-E0013A ,03/02/2024,33.83,USD,Inmobiliaria Norte,renta apartamento,
TX-000112,CUST-E0039,ACC-E0039A,"Mar 21, 2024",65.04,US$,Estacion Gasolina Sol,gasolina,transporte
TX-003701,CUST-E0003,ACC-E0003A,"Jan 13, 2024",29.38, usd ,,suscripcion spotify,suscripciones
TX-001682,CUST-E0008,ACC-E0008A,17/03/2024,98.49, usd ,Spotify,suscripcion spotify,suscripciones
TX-001969,CUST-E0019,ACC-E0019A,"Mar 26, 2024",$44.34,Pesos,Tienda Online XYZ,compra online,compras
TX-001441,CUST-E0006,ACC-E0006A,21/01/2024,$57.56,USD,Restaurante El Fogon,,alimentacion
TX-000753,CUST-E0027,ACC-E0027A,"Feb 08, 2024",61.64,Pesos,Empresa de Luz,factura luz,servicios
TX-001728,CUST-E0038,ACC-E0038A,2024-02-19,$17.71,Usd,Supermercado Central,compra semanal supermercado,alimentacion
TX-003638,CUST-E0021,ACC-E0021A,2024-01-10,23.68,usd,tienda online xyz,compra online,compras
TX-000804,CUST-E0029,ACC-E0029A,02/02/2024,54.03, usd ,Uber,,transporte
TX-004060,CUST-E0001,ACC-E0001A,13/01/2024,$111.18,USD,FARMACIA SALUD,medicinas,
TX-001587,CUST-E0001,ACC-E0001A,"Feb 12, 2024",69.26,usd,Inmobiliaria Norte,renta apartamento,vivienda
TX-001611,CUST-E0029,acc-e0029a,25/01/2024,$150.85,usd,Netflix,suscripcion mensual netflix,suscripciones
TX-001307,cust-e0022,ACC-E0022A,"Feb 26, 2024",139.44,Usd,Spotify,suscripcion spotify,suscripciones
TX-000150,CUST-E0028,ACC-E0028A,"Mar 24, 2024",312.17,USD,Estacion Gasolina Sol,gasolina,transporte
TX-002066,CUST-E0002,ACC-E0002A,2024-02-23,$10.61,usd,Internet Hogar,factura internet,servicios
TX-002766,CUST-E0024,ACC-E0024A,"Feb 01, 2024",$294.05,Dólares,Uber,viaje uber,transporte
TX-003993,CUST-E0013,acc-e0013a,"Jan 07, 2024",$44.58,Dólares,Spotify,suscripcion spotify,
TX-003608,CUST-E0033,ACC-E0033A,2024-03-13,$52.33,COP,Inmobiliaria Norte,renta apartamento,vivienda
TX-001258,CUST-E0037,ACC-E0037A,"Jan 27, 2024",27.09,USD,Internet Hogar,factura internet,servicios
TX-003462,CUST-E0013,ACC-E0013A,05/03/2024,34.56, usd ,Supermercado Central,compra semanal supermercado,alimentacion
TX-001656,CUST-E0006,ACC-E0006A,"Mar 04, 2024",3118.66, usd ,,renta apartamento,vivienda
TX-003737,CUST-E0035,ACC-E0035A,2024-02-26,276.59,eur,Spotify,suscripcion spotify,suscripciones
TX-003612,CUST-E0035,ACC-E0035B,29/02/2024,177.00,EUR,Internet Hogar,factura internet,servicios
TX-003446,CUST-E0020,ACC-E0020A,"Mar 28, 2024",189.98,US$,,suscripcion mensual netflix,suscripciones
TX-001583,CUST-E0023,ACC-E0023A,01/01/2024,$228.24,US$,N/A,gasolina,transporte
TX-002588,CUST-E0003,ACC-E0003A,"Jan 19, 2024",19.50,Dólares,Spotify,suscripcion spotify,suscripciones
TX-004280,CUST-E0004,ACC-E0004A,"Jan 14, 2024",$26.06,Dólares,Spotify,suscripcion spotify,suscripciones
TX-000319,cust-e0010,ACC-E0010B,28/01/2024,73.47,USD,Supermercado Central,compra semanal supermercado,alimentacion
TX-003750,CUST-E0013,ACC-E0013A,2024-02-29,54.77,Usd,Inmobiliaria Norte,renta apartamento,vivienda
TX-003693,CUST-E0038,ACC-E0038A,17/03/2024,38.39,Dólares,empresa de luz,factura luz,servicios
TX-001843,CUST-E0030,ACC-E0030A,"Feb 17, 2024",$32.70,Dólares,Uber,viaje uber,transporte
TX-002463,CUST-E0036,ACC-E0036A,2024-01-21,66.00,,  Farmacia Salud ,medicinas,
TX-003679,CUST-E0038,ACC-E0038A,2024-03-07,17.49, usd ,Empresa de Luz,factura luz,servicios
TX-002083,CUST-E0036,ACC-E0036A,"Mar 22, 2024",$105.26,usd,,factura internet,servicios
TX-004165,CUST-E0012,  ACC-E0012A ,2024-03-29,$124.37,usd,  Uber ,viaje uber,transporte
TX-000107,CUST-E0025,ACC-E0025A,21/02/2024,$22.06,Usd,Netflix,suscripcion mensual netflix,
TX-001440,CUST-E0005,ACC-E0005B,22/01/2024,178.25,,Tienda Online XYZ,compra online,compras
TX-001692,cust-e0035,ACC-E0035B,14/03/2024,$83.75,EUR,NETFLIX,suscripcion mensual netflix,
TX-000500,CUST-E0006,ACC-E0006A,01/03/2024,$290.57,US$,Farmacia Salud,medicinas,
TX-002705,CUST-E0006,ACC-E0006A,2024-01-10,93.14,USD,,compra semanal supermercado,alimentacion
TX-002667,CUST-E0018,ACC-E0018A,2024-03-26,$67.68,usd,,factura luz,servicios
TX-001173,  CUST-E0028 ,ACC-E0028A,,"1,439.97", usd ,Estacion Gasolina Sol,gasolina,transporte
TX-002689,CUST-E0039,ACC-E0039A,2024-01-28,17.64,Dólares,Netflix,suscripcion mensual netflix,suscripciones
TX-003418,CUST-E0024,acc-e0024a,17/03/2024,249.64,Usd,Restaurante El Fogon,almuerzo restaurante,alimentacion
TX-002392,  CUST-E0006 ,ACC-E0006A,2024-01-26,152.42,Dólares,Supermercado Central,compra semanal supermercado,alimentacion
TX-000719,CUST-E0036,ACC-E0036A,26/03/2024,53.03,,  Supermercado Central ,compra semanal supermercado,alimentacion
TX-003221,CUST-E0022,ACC-E0022A,"Jan 29, 2024",63.33,USD,Estacion Gasolina Sol,gasolina,transporte
TX-002351,  CUST-E0030 ,ACC-E0030A,"Jan 04, 2024",66.58,Usd,Inmobiliaria Norte,renta apartamento,vivienda
TX-002717,CUST-E0023,ACC-E0023A,2024-02-13,192.35,US$,Uber,viaje uber,
TX-000844,CUST-E0007,ACC-E0007A,"Jan 18, 2024",51.88,usd,Estacion Gasolina Sol,gasolina,transporte
TX-001348,CUST-E0022,ACC-E0022A,2024-02-06,97.87,Usd,Estacion Gasolina Sol,gasolina,transporte
TX-001811,CUST-E0001,ACC-E0001A,"Mar 04, 2024",52.92,Dólares,Internet Hogar,factura internet,servicios
TX-001224,CUST-E0032,acc-e0032a,20/02/2024,198.84,USD,Farmacia Salud,medicinas,salud
TX-000420,CUST-E0007,ACC-E0007A,30/01/2024,121.50, usd ,Supermercado Central,compra semanal supermercado,alimentacion
TX-002307,CUST-E0020,ACC-E0020B,28/02/2024,$206.25,USD,Restaurante El Fogon,almuerzo restaurante,alimentacion
TX-001845,  CUST-E0006 ,ACC-E0006A,"Jan 13, 2024",179.17,Usd,Internet Hogar,,servicios
TX-004117,CUST-E0032,ACC-E0032A,"Feb 22, 2024",$159.87,US$,  Tienda Online XYZ ,compra online,compras
TX-002231,CUST-E0005,ACC-E0005A,23/02/2024,$52.36,eur,tienda online xyz,compra online,compras
TX-002719,CUST-E0038,ACC-E0038A,"Feb 25, 2024",27.73,Dólares,Uber,,transporte
TX-003193,CUST-E0015,ACC-E0015A,13/02/2024,44.03,Pesos,Spotify,suscripcion spotify,suscripciones
TX-004217,CUST-E0032,ACC-E0032A,"Jan 31, 2024",$283.44,Dólares,Restaurante El Fogon,almuerzo restaurante,alimentacion
TX-002728,CUST-E0024,ACC-E0024A,28/03/2024,$169.16,Dólares,Netflix,suscripcion mensual netflix,suscripciones
TX-001856,CUST-E0002,ACC-E0002A,2024-01-04,10.52,US$,Uber,viaje uber,transporte
TX-000065,CUST-E0007,ACC-E0007A,20/03/2024,96.24,Usd,Spotify,suscripcion spotify,
TX-002833,CUST-E0017,ACC-E0017A,2024-02-01,125.60,Usd,Inmobiliaria Norte,renta apartamento,vivienda
TX-000552,cust-e0034,ACC-E0034A,"Feb 06, 2024",211.46, usd ,Tienda Online XYZ,compra online,
TX-003223,CUST-E0039,ACC-E0039A,2024-03-29,59.73,Usd,  Farmacia Salud ,medicinas,salud
TX-001166,CUST-E0031,ACC-E0031A,19/02/2024,102.43,usd,Estacion Gasolina Sol,gasolina,transporte
TX-000062,CUST-E0006,acc-e0006a,16/03/2024,242.27,USD,Restaurante El Fogon,almuerzo restaurante,alimentacion
TX-002787,CUST-E0004,ACC-E0004A,2024-01-06,22.34,USD,  Tienda Online XYZ ,compra online,compras
TX-001360,CUST-E0024,ACC-E0024A,2024-02-08,-238.68,USD,Estacion Gasolina Sol,gasolina,transporte
TX-000511,  CUST-E0020 ,ACC-E0020A,"Jan 30, 2024",122.89,US$,Spotify,,suscripciones
TX-000566,  CUST-E0019 ,  ACC-E0019A ,"Jan 14, 2024",,COP,Inmobiliaria Norte,renta apartamento,vivienda
TX-000777,CUST-E0036,ACC-E0036A,06/03/2024,$42.86,Usd,Spotify,suscripcion spotify,
TX-002572,CUST-E0019,ACC-E0019A,"Jan 28, 2024",$838.74,COP,Internet Hogar,factura internet,servicios
TX-003917,CUST-E0008,ACC-E0008A,"Mar 05, 2024",$47.64, usd ,Empresa de Luz,factura luz,servicios
TX-004061,CUST-E0007,ACC-E0007A,11/02/2024,26.36, usd ,Tienda Online XYZ,compra online,compras
TX-002116,CUST-E0024,ACC-E0024A,"Mar 21, 2024",146.58,US$,  Empresa de Luz ,factura luz,servicios
TX-000903,CUST-E0023,ACC-E0023A,2024-03-15,253.48,usd,UBER,viaje uber,transporte
TX-003788,CUST-E0017,ACC-E0017A,19/02/2024,398.62,Dólares,Uber,viaje uber,transporte
TX-001393,CUST-E0009,  ACC-E0009A ,2024-03-26,7.92,usd,Spotify,suscripcion spotify,suscripciones
TX-002741,CUST-E0031,ACC-E0031A,"Jan 07, 2024",$67.90,USD,empresa de luz,factura luz,servicios
TX-002418,CUST-E0026,ACC-E0026A,2024-03-23,35.05,Dólares,supermercado central,compra semanal supermercado,alimentacion
TX-003571,CUST-E0014,ACC-E0014A,2024-01-10,$63.50, usd ,Farmacia Salud,medicinas,salud
TX-000611,CUST-E0037,ACC-E0037A,"Mar 30, 2024",127.03,US$,internet hogar,factura internet,servicios
TX-001235,CUST-E0023,ACC-E0023A,2024-01-29,$136.22,Usd,Estacion Gasolina Sol,gasolina,transporte
TX-001537,CUST-E0029,ACC-E0029A,2024-01-28,192.38,usd,INMOBILIARIA NORTE,renta apartamento,
TX-001593,CUST-E0012,ACC-E0012A,"Mar 15, 2024",90.76,Usd,Supermercado Central,,alimentacion
TX-001581,cust-e0011,ACC-E0011A,2024-02-12,61.49,US$,Inmobiliaria Norte,renta apartamento,vivienda
TX-001756,CUST-E0026,acc-e0026a,"Jan 05, 2024",56.35,Usd,Netflix,suscripcion mensual netflix,suscripciones
TX-000593,CUST-E0019,ACC-E0019A,26/02/2024,$45.33,COP,Estacion Gasolina Sol,gasolina,
TX-001524,CUST-E0030,ACC-E0030A,"Jan 10, 2024",71.82,Dólares,Tienda Online XYZ,compra online,compras
TX-000870,CUST-E0040,ACC-E0040A,"Mar 23, 2024",75.70,Dólares,Spotify,suscripcion spotify,suscripciones
TX-000345,CUST-E0029,ACC-E0029A,"Mar 26, 2024",$220.55,USD,Netflix,suscripcion mensual netflix,suscripciones
TX-001146,CUST-E0033,acc-e0033a,24/01/2024,33.49,COP,Empresa de Luz,factura luz,servicios
TX-000014,CUST-E0030,ACC-E0030B,25/02/2024,13.09,usd,Spotify,,suscripciones
TX-002651,CUST-E0012,ACC-E0012A,2024-03-29,$26.50,USD,Tienda Online XYZ,compra online,compras
TX-000972,CUST-E0018,ACC-E0018A,"Mar 27, 2024",$252.26,Dólares,Tienda Online XYZ,compra online,compras
TX-003118,  CUST-E0006 ,ACC-E0006A,01/03/2024,81.52,Usd,Restaurante El Fogon,almuerzo restaurante,alimentacion
TX-004216,CUST-E0038,ACC-E0038A,"Mar 19, 2024",$22.70,US$,  Estacion Gasolina Sol ,gasolina,transporte
TX-002601,CUST-E0014,ACC-E0014A,"Mar 13, 2024",169.75,usd,Inmobiliaria Norte,renta apartamento,vivienda
TX-003845,CUST-E0020,  ACC-E0020A ,"Mar 19, 2024",62.54,Dólares,Farmacia Salud,,salud
TX-000920,CUST-E0038,ACC-E0038A,2024-02-20,9.47,Usd,Spotify,suscripcion spotify,suscripciones
TX-000469,CUST-E0011,ACC-E0011A,06/02/2024,20.42,US$,INTERNET HOGAR,factura internet,servicios
TX-003217,CUST-E0028,  ACC-E0028A ,"Jan 05, 2024",$86.17,Usd,Inmobiliaria Norte,,vivienda
TX-002630,  CUST-E0013 ,ACC-E0013A,04/01/2024,$72.53,Dólares,Supermercado Central,compra semanal supermercado,alimentacion
TX-003529,CUST-E0038,ACC-E0038A,2024-01-08,$13.18,usd,  Inmobiliaria Norte ,renta apartamento,vivienda
TX-002184,CUST-E0007,ACC-E0007A,2024-01-26,29.94,usd,Farmacia Salud,medicinas,salud
TX-000485,CUST-E0019,ACC-E0019A,2024-03-26,98.47,cop,Netflix,suscripcion mensual netflix,suscripciones
TX-003853,CUST-E0026,ACC-E0026A,,175.55,,Internet Hogar,factura internet,servicios
TX-000390,CUST-E0030,ACC-E0030A,2024-03-18,320.48,US$,Uber,viaje uber,
TX-001491,CUST-E0005,ACC-E0005B,22/02/2024,103.32,eur,Uber,,transporte
TX-004206,CUST-E0022,ACC-E0022A,22/02/2024,92.29,USD,Netflix,suscripcion mensual netflix,suscripciones
TX-000332,CUST-E0026,ACC-E0026A,2024-01-10,$26.90,usd,  Spotify ,suscripcion spotify,
TX-002265,CUST-E0031,ACC-E0031A,"Mar 27, 2024",98.28,Usd,Farmacia Salud,medicinas,salud
TX-001100,CUST-E0021,ACC-E0021A,"Mar 06, 2024",$18.16,US$,EMPRESA DE LUZ,factura luz,servicios
TX-003373,CUST-E0001,ACC-E0001A,2024-01-12,$60.47,Dólares,Restaurante El Fogon,almuerzo restaurante,alimentacion
TX-002763,CUST-E0036,ACC-E0036A,2024-01-17,60.14,US$,,,vivienda
TX-000175,CUST-E0032,ACC-E0032A,2024-02-19,244.32,USD,  Empresa de Luz ,factura luz,
TX-000989,CUST-E0033,ACC-E0033A,2024-03-12,44.29,,Inmobiliaria Norte,,
TX-003660,CUST-E0003,  ACC-E0003A ,"Mar 29, 2024",$14.89,usd,Empresa de Luz,factura luz,servicios
TX-003847,  CUST-E0020 ,ACC-E0020B,04/03/2024,$245.26,Usd,INTERNET HOGAR,factura internet,
TX-001863,CUST-E0023,ACC-E0023A,02/01/2024,596.43,usd,Supermercado Central,compra semanal supermercado,alimentacion
TX-003800,CUST-E0030,ACC-E0030B,2024-03-04,20.18,Usd,Inmobiliaria Norte,renta apartamento,vivienda
TX-000935,CUST-E0035,ACC-E0035B,"Mar 04, 2024",$144.81,eur,UBER,viaje uber,transporte
TX-003814,CUST-E0008,ACC-E0008A,"Feb 12, 2024",376.29,USD,Farmacia Salud,medicinas,salud
TX-000782,CUST-E0039,acc-e0039a,"Feb 21, 2024",, usd ,Uber,viaje uber,transporte
TX-002126,CUST-E0005,ACC-E0005B,01/03/2024,$34.90,EUR,Tienda Online XYZ,compra online,compras
TX-002610,CUST-E0033,ACC-E0033A,"Feb 18, 2024",$28.83,cop,Farmacia Salud,medicinas,salud
TX-000787,CUST-E0005,ACC-E0005B,2024-03-20,"$9,999,999.99",Euros,N/A,compra online,compras
TX-000550,CUST-E0033,ACC-E0033A,29/03/2024,82.63,COP,INMOBILIARIA NORTE,renta apartamento,vivienda
TX-003841,CUST-E0001,ACC-E0001A,2024-03-21,$202.58,usd,Restaurante El Fogon,almuerzo restaurante,alimentacion
TX-003767,CUST-E0036,ACC-E0036A,13/01/2024,45.63,USD,inmobiliaria norte,renta apartamento,vivienda
TX-003122,cust-e0003,ACC-E0003A,2024-01-23,$9.74,US$,,,compras
TX-000031,CUST-E0017,ACC-E0017A,2024-01-08,66.99
TX-004201,CUST-E0033,ACC-E0033A,2024-03-04,20.00,COP,,suscripcion spotify,suscripciones
TX-000124,CUST-E0023,ACC-E0023A,"Feb 12, 2024",266.36,Usd,Internet Hogar,factura internet,servicios
TX-001369,CUST-E0031,ACC-E0031A,22/03/2024,93.69,Usd,Empresa de Luz,factura luz,servicios
TX-001080,CUST-E0003,ACC-E0003A,"Mar 05, 2024",18.42, usd ,Spotify,suscripcion spotify,suscripciones
TX-002242,CUST-E0006,  ACC-E0006A ,03/01/2024,166.24,Dólares,Empresa de Luz,factura luz,servicios
TX-003834,CUST-E0028,acc-e0028a,2024-01-09,278.33,Dólares,,suscripcion spotify,suscripciones
TX-000764,CUST-E0021,ACC-E0021A,"Jan 26, 2024",24.91,USD,  Spotify ,suscripcion spotify,suscripciones
TX-003365,CUST-E0032,ACC-E0032A,2024-01-05,$96.40,USD,,,
TX-002478,CUST-E0028,ACC-E0028A,16/01/2024,$199.86,US$,Uber,viaje uber,
TX-002086,CUST-E0008,ACC-E0008A,2024-02-16,256.46, usd ,,compra semanal supermercado,alimentacion
TX-003185,CUST-E0025,ACC-E0025B,"Jan 11, 2024",31.85,USD,Supermercado Central,compra semanal supermercado,alimentacion
TX-000139,CUST-E0027,ACC-E0027A,"Feb 19, 2024",15.87,cop,Restaurante El Fogon,,alimentacion
TX-002170,CUST-E0009,ACC-E0009A,"Feb 22, 2024",69.29,USD,Netflix,suscripcion mensual netflix,suscripciones
TX-002285,CUST-E0001,ACC-E0001A,2024-01-27,$352.85, usd ,Tienda Online XYZ,compra online,compras
TX-001717,CUST-E0026,  ACC-E0026A ,29/01/2024,85.55,Dólares,Empresa de Luz,factura luz,servicios
TX-001380,CUST-E0022,ACC-E0022A,"Jan 14, 2024",$122.45,US$,inmobiliaria norte,renta apartamento,vivienda
TX-001306,CUST-E0018,ACC-E0018A,"Mar 24, 2024",260.50,Dólares,Empresa de Luz,factura luz,servicios
TX-000978,CUST-E0021,ACC-E0021A,"Mar 26, 2024",$45.52,USD,Internet Hogar,factura internet,servicios
TX-001508,CUST-E0021,ACC-E0021A,18/02/2024,13.73,usd,uber,viaje uber,transporte
TX-000408,CUST-E0006,ACC-E0006A,2024-03-01,506.49,usd,Estacion Gasolina Sol,gasolina,transporte
TX-003532,CUST-E0027,ACC-E0027A,2024-03-13,41.57,COP,Farmacia Salud,medicinas,salud
TX-004255,CUST-E0005,ACC-E0005B,"Mar 02, 2024",113.00,eur,Netflix,,suscripciones
TX-001217,CUST-E0039,ACC-E0039A,"Mar 22, 2024",$72.44,US$,Restaurante El Fogon,almuerzo restaurante,alimentacion
TX-001092,CUST-E0004,  ACC-E0004A ,25/01/2024,$92.42,usd,,,salud
TX-001034,CUST-E0007,ACC-E0007A,"Feb 15, 2024",$148.45,usd,NETFLIX,suscripcion mensual netflix,suscripciones
TX-000432,CUST-E0001,ACC-E0001A,2024-02-10,106.62,usd,Internet Hogar,factura internet,servicios
TX-002312,CUST-E0031,ACC-E0031A,"Jan 17, 2024",$82.92,Dólares,Restaurante El Fogon,almuerzo restaurante,alimentacion
TX-002286,CUST-E0007,ACC-E0007A,2024-02-19,128.89,USD,Internet Hogar,factura internet,servicios
TX-001509,CUST-E0031,ACC-E0031A,05/01/2024,92.22,Usd,Tienda Online XYZ,compra online,
TX-003331,CUST-E0004,ACC-E0004A,2024-03-19,$33.55, usd ,Estacion Gasolina Sol,gasolina,transporte
TX-002181,CUST-E0019,ACC-E0019A,15/01/2024,$33.60,Pesos,Restaurante El Fogon,almuerzo restaurante,alimentacion
TX-000201,CUST-E0021,acc-e0021a,18/01/2024,36.42,Usd,  Tienda Online XYZ ,compra online,compras
TX-001328,CUST-E0015,ACC-E0015A,05/02/2024,17.01,cop,Farmacia Salud,medicinas,salud
TX-001803,CUST-E0020,ACC-E0020B,"Mar 09, 2024",$122.66,Usd,  Spotify ,suscripcion spotify,
TX-001434,CUST-E0037,ACC-E0037A,25/03/2024,136.54,US$,,suscripcion mensual netflix,,extra,columnas
TX-002100,CUST-E0015,ACC-E0015B,2024-03-20,53.96,COP,Tienda Online XYZ,compra online,
TX-000990,CUST-E0010,ACC-E0010A,2024-02-08,44.33,usd,inmobiliaria norte,renta apartamento,vivienda
TX-002311,CUST-E0007,ACC-E0007A,"Jan 03, 2024",$70.25,usd,Supermercado Central,compra semanal supermercado,alimentacion
TX-001383,cust-e0002,ACC-E0002A,"Mar 03, 2024",5.60,Dólares,Netflix,suscripcion mensual netflix,suscripciones
TX-001412,CUST-E0003,ACC-E0003A,22/03/2024,13.99,usd,Spotify,,
TX-002393,CUST-E0009,  ACC-E0009A ,2024-03-07,11.27,USD,Inmobiliaria Norte,renta apartamento,vivienda
TX-004142,  CUST-E0037 ,ACC-E0037A,24/03/2024,31.75, usd ,INTERNET HOGAR,factura internet,servicios
TX-000036,CUST-E0036,ACC-E0036A,27/03/2024,12.12,Usd,Supermercado Central,compra semanal supermercado,alimentacion
TX-002879,CUST-E0023,ACC-E0023A,"Feb 27, 2024",165.44,USD,EMPRESA DE LUZ,factura luz,servicios
TX-002737,CUST-E0030,ACC-E0030B,"Mar 05, 2024",14.06,usd,Netflix,suscripcion mensual netflix,suscripciones
TX-001565,CUST-E0005,  ACC-E0005B ,"Mar 17, 2024",$27.94,EUR,Restaurante El Fogon,almuerzo restaurante,alimentacion
TX-000925,CUST-E0024,ACC-E0024A,04/02/2024,51.12,US$,Restaurante El Fogon,almuerzo restaurante,alimentacion
TX-003543,CUST-E0025,ACC-E0025B,18/03/2024,33.89,Usd,,viaje uber,
TX-002638,CUST-E0014,ACC-E0014A,29/02/2024,58.02, usd ,SPOTIFY,suscripcion spotify,suscripciones
TX-003170,CUST-E0034,ACC-E0034A,"Jan 20, 2024",135.38, usd ,Spotify,suscripcion spotify,
TX-004082,CUST-E0021,acc-e0021a,2024-01-24,$34.72,USD,FARMACIA SALUD,,salud
TX-001884,CUST-E0028,ACC-E0028A,2024-01-30,165.86,US$,Estacion Gasolina Sol,gasolina,transporte
TX-001675,CUST-E0008,  ACC-E0008A ,2024-01-31,94.06,US$,,medicinas,salud
TX-004023,CUST-E0039,ACC-E0039A,"Mar 03, 2024",40.27,usd,Uber,viaje uber,transporte
TX-001545,CUST-E0027,ACC-E0027A,"Jan 24, 2024",25.24,Pesos,Tienda Online XYZ,compra online,
TX-000189,CUST-E0020,ACC-E0020B,"Jan 24, 2024",116.05,Dólares,Estacion Gasolina Sol,gasolina,transporte
TX-000166,CUST-E0032,ACC-E0032A,30/03/2024,239.12,Usd,Internet Hogar,factura internet,servicios
TX-000079,CUST-E0026,  ACC-E0026A ,28/01/2024,72.12,Usd,Farmacia Salud,medicinas,salud
TX-002341,CUST-E0024,  ACC-E0024A ,2024-03-13,-243.30,US$,Empresa de Luz,factura luz,servicios
TX-004136,  CUST-E0020 ,ACC-E0020B,"Mar 19, 2024",$195.12,usd,,gasolina,transporte
TX-003195,CUST-E0040,ACC-E0040B,2024-01-18,93.07,Dólares,Internet Hogar,factura internet,
TX-001424,CUST-E0014,ACC-E0014A,"Jan 14, 2024",$39.77, usd ,Spotify,suscripcion spotify,suscripciones
TX-001976,CUST-E0034,ACC-E0034A,2024-03-01,55.32,Dólares,Estacion Gasolina Sol,gasolina,
TX-000401,CUST-E0022,ACC-E0022A,2024-03-27,312.49, usd ,Netflix,suscripcion mensual netflix,
TX-001651,CUST-E0037,ACC-E0037A,2024-01-30,75.06,US$,Estacion Gasolina Sol,gasolina,transporte
TX-002942,,ACC-E0015B,"Mar 02, 2024",28.65,COP,estacion gasolina sol,gasolina,
TX-003436,  CUST-E0002 ,ACC-E0002A,16/02/2024,8.65,Dólares,Empresa de Luz,factura luz,servicios
TX-003725,CUST-E0027,  ACC-E0027A ,"Mar 11, 2024",23.64,cop,Restaurante El Fogon,almuerzo restaurante,alimentacion
TX-003567,CUST-E0035,ACC-E0035A,2024-02-14,-93.34,eur,Restaurante El Fogon,almuerzo restaurante,alimentacion
TX-003395,CUST-E0010,ACC-E0010B,"Jan 08, 2024",$34.22, usd ,Internet Hogar,factura internet,servicios
TX-001733,,ACC-E0022A,"Jan 29, 2024",144.09,Usd,Internet Hogar,,
TX-001844,CUST-E0020,ACC-E0020A,15/01/2024,1143.46,Dólares,INTERNET HOGAR,factura internet,servicios
TX-000540,CUST-E0038,ACC-E0038A,09/01/2024,28.88,usd,Inmobiliaria Norte,renta apartamento,vivienda
TX-000832,CUST-E0027,ACC-E0027A,"Jan 24, 2024",18.36,cop,Netflix,suscripcion mensual netflix,suscripciones
TX-002239,CUST-E0020,ACC-E0020A,2024-02-18,67.14,Dólares,Empresa de Luz,factura luz,
TX-000849,CUST-E0039,ACC-E0039A,2024-01-03,39.12,usd,  Spotify ,suscripcion spotify,suscripciones
TX-002844,CUST-E0034,ACC-E0034A,23/02/2024,$80.24,Dólares,Restaurante El Fogon,almuerzo restaurante,alimentacion
TX-004185,CUST-E0010,acc-e0010b,"Jan 26, 2024",22.53,Dólares,Netflix,suscripcion mensual netflix,suscripciones
TX-002819,CUST-E0036,ACC-E0036A,"Mar 12, 2024",$83.29,usd,Tienda Online XYZ,compra online,compras
TX-001698,CUST-E0009,ACC-E0009A,22/03/2024,$10.21,USD,,gasolina,transporte
TX-001945,CUST-E0030,ACC-E0030B,"Feb 10, 2024",26.83,US$,supermercado central,compra semanal supermercado,alimentacion
TX-002698,CUST-E0014,acc-e0014a,"Mar 10, 2024",$17.53,Dólares,Netflix,suscripcion mensual netflix,suscripciones
TX-001007,CUST-E0036,ACC-E0036A,17/01/2024,271.23,US$,Farmacia Salud,medicinas,
TX-003785,CUST-E0005,ACC-E0005A,20/03/2024,190.48,EUR,  Inmobiliaria Norte ,renta apartamento,vivienda
TX-001257,CUST-E0005,ACC-E0005B,17/02/2024,$107.67,eur,Internet Hogar,factura internet,servicios
TX-000887,  CUST-E0040 ,ACC-E0040B,"Mar 25, 2024",67.00,Dólares,Spotify,suscripcion spotify,suscripciones
TX-003568,CUST-E0024,ACC-E0024A,"Jan 31, 2024",191.40, usd ,UBER,viaje uber,transporte
TX-002580,CUST-E0037,ACC-E0037A,2024-01-28,68.19,usd,Internet Hogar,factura internet,servicios
TX-000241,CUST-E0020,acc-e0020b,2024-02-06,$179.58,USD,,suscripcion mensual netflix,
TX-002662,  CUST-E0011 ,ACC-E0011A,2024-01-25,$10.25,usd,Supermercado Central,compra semanal supermercado,alimentacion
TX-003913,CUST-E0018,ACC-E0018A,2024-03-29,191.79,usd,INTERNET HOGAR,factura internet,servicios
TX-003380,CUST-E0033,ACC-E0033A,26/01/2024,$51.08,Pesos,Internet Hogar,,
TX-001337,CUST-E0021,ACC-E0021A,2024-01-18,$13.88,Usd,Restaurante El Fogon,almuerzo restaurante,alimentacion,extra,columnas
TX-002187,CUST-E0005,acc-e0005a,"Feb 28, 2024",45.13,EUR,Netflix,suscripcion mensual netflix,suscripciones
TX-004182,CUST-E0003,ACC-E0003A,2024-03-14,8.93,Dólares,Empresa de Luz,factura luz,
TX-002925,CUST-E0017,ACC-E0017A,2024-03-12,193.32,usd,Estacion Gasolina Sol,gasolina,transporte
TX-003178,CUST-E0033,acc-e0033a,"Mar 06, 2024",49.78,Pesos,Inmobiliaria Norte,renta apartamento,vivienda
TX-000526,CUST-E0014,ACC-E0014A,2024-01-29,117.72,Usd,netflix,suscripcion mensual netflix,
TX-002949,CUST-E0011,ACC-E0011A,2024-02-06,20.94,Usd,TIENDA ONLINE XYZ,compra online,compras
TX-001022,CUST-E0025,ACC-E0025A,18/01/2024,31.75,USD,Tienda Online XYZ,compra online,
TX-000355,CUST-E0022,ACC-E0022A,2024-03-25,$262.08,USD,Netflix,suscripcion mensual netflix,suscripciones
TX-003648,CUST-E0033,ACC-E0033A,"Jan 19, 2024",51.47,Pesos,Uber,viaje uber,transporte
TX-002607,CUST-E0033,acc-e0033a,19/01/2024,29.20,cop,Restaurante El Fogon,almuerzo restaurante,
TX-000741,CUST-E0024,ACC-E0024A,26/02/2024,88.39,USD,Internet Hogar,factura internet,servicios
TX-000863,CUST-E0017,ACC-E0017A,2024-01-18,214.63,USD,  Uber ,viaje uber,
TX-000888,CUST-E0032,ACC-E0032A,"Jan 04, 2024",$172.30, usd ,Empresa de Luz,factura luz,servicios
TX-004189,CUST-E0030,  ACC-E0030B ,2024-02-20,-22.57,Usd,Supermercado Central,compra semanal supermercado,alimentacion
TX-003112,CUST-E0012,ACC-E0012A,"Feb 23, 2024",$126.29,usd,  Estacion Gasolina Sol ,gasolina,
TX-003438,  CUST-E0037 ,ACC-E0037A,"Feb 12, 2024",57.78,Dólares,Farmacia Salud,,salud
TX-002326,CUST-E0024,  ACC-E0024A ,"Feb 25, 2024",209.88,Dólares,Internet Hogar,factura internet,servicios
TX-003100,CUST-E0017,  ACC-E0017A ,10/02/2024,251.50,US$,  Supermercado Central ,compra semanal supermercado,alimentacion
TX-001295,CUST-E0031,  ACC-E0031A ,"Feb 27, 2024",$25.95,usd,Netflix,suscripcion mensual netflix,suscripciones
TX-003953,CUST-E0015,ACC-E0015A,13/03/2024,$21.53,COP,Farmacia Salud,medicinas,salud
TX-001006,CUST-E0009,ACC-E0009A,"Feb 02, 2024",$15.91,USD,uber,viaje uber,transporte
TX-004146,cust-e0004,ACC-E0004A,2024-03-16,12.55,US$,Supermercado Central,compra semanal supermercado,alimentacion
TX-001668,CUST-E0040,ACC-E0040B,2024-01-07,83.02,US$,Tienda Online XYZ,compra online,compras
TX-001938,CUST-E0039,ACC-E0039A,2024-03-24,38.36,US$,  Inmobiliaria Norte ,renta apartamento,vivienda
TX-003657,CUST-E0004,ACC-E0004A,"Jan 12, 2024",17.13,USD,,medicinas,salud
TX-002222,CUST-E0009,acc-e0009a,11/03/2024,53.96,US$,Inmobiliaria Norte,renta apartamento,vivienda
TX-002594,CUST-E0023,ACC-E0023A,05/03/2024,310.44, usd ,Spotify,suscripcion spotify,suscripciones
TX-002586,CUST-E0025,ACC-E0025B,01/01/2024,$34.01,usd,Estacion Gasolina Sol,gasolina,
TX-002791,CUST-E0002,ACC-E0002A,2024-02-21,$21.70, usd ,Estacion Gasolina Sol,gasolina,
TX-003269,CUST-E0031,ACC-E0031A,28/03/2024,145.70,Dólares,  Estacion Gasolina Sol ,gasolina,transporte
TX-001130,cust-e0037,ACC-E0037A,2024-01-05,55.02,Dólares,Internet Hogar,factura internet,
TX-003566,CUST-E0007,ACC-E0007A,03/01/2024,$22.91,USD,Spotify,suscripcion spotify,suscripciones
TX-000518,CUST-E0026,ACC-E0026A,2024-02-05,25.25, usd ,  Tienda Online XYZ ,compra online,compras
TX-003416,CUST-E0033,acc-e0033a,09/03/2024,$26.68,cop,uber,viaje uber,transporte
TX-000191,CUST-E0029,ACC-E0029A,"Mar 11, 2024",197.16, usd ,Spotify,suscripcion spotify,suscripciones
TX-003273,CUST-E0028,ACC-E0028A,28/02/2024,54.96, usd ,Estacion Gasolina Sol,gasolina,
TX-002869,CUST-E0014,ACC-E0014A,"Jan 02, 2024",28.19, usd ,Uber,viaje uber,transporte
TX-003060,CUST-E0038,ACC-E0038A,"Mar 16, 2024",8.04, usd ,Estacion Gasolina Sol,gasolina,transporte
TX-000746,CUST-E0001,ACC-E0001A,2024-02-16,59.89,Dólares,Farmacia Salud,medicinas,
TX-003023,CUST-E0005,ACC-E0005A,2024-02-19,$26.99,EUR,Inmobiliaria Norte,renta apartamento,vivienda
TX-003056,CUST-E0032,ACC-E0032A,10/01/2024,$396.01,Usd,TIENDA ONLINE XYZ,compra online,compras
TX-000894,CUST-E0038,ACC-E0038A,18/03/2024,37.03,Dólares,Internet Hogar,factura internet,servicios
TX-003256,CUST-E0032,acc-e0032a,2024-03-15,$94.78,usd,Supermercado Central,compra semanal supermercado,alimentacion
TX-001263,cust-e0017,ACC-E0017A,"Mar 08, 2024",$130.92,,,factura luz,
TX-004239,CUST-E0025,ACC-E0025B,"Jan 27, 2024",30.75,Usd,Empresa de Luz,factura luz,servicios
TX-001207,CUST-E0002,ACC-E0002A,05/02/2024,$16.56, usd ,Farmacia Salud,medicinas,
TX-004118,CUST-E0012,ACC-E0012A,"Mar 28, 2024",71.38,Usd,NETFLIX,suscripcion mensual netflix,suscripciones
TX-003523,CUST-E0034,ACC-E0034A,2024-02-10,88.30,US$,Supermercado Central,compra semanal supermercado,alimentacion
TX-000393,CUST-E0020,ACC-E0020A,10/02/2024,107.64,US$,Restaurante El Fogon,almuerzo restaurante,alimentacion
TX-002817,CUST-E0005,ACC-E0005A,18/03/2024,1006.76,Euros,Farmacia Salud,medicinas,salud
TX-002896,  CUST-E0037 ,ACC-E0037A,2024-02-19,$99.26, usd ,Supermercado Central,compra semanal supermercado,alimentacion
TX-002122,  CUST-E0037 ,ACC-E0037A,27/02/2024,$48.57,Dólares,Netflix,suscripcion mensual netflix,suscripciones
TX-000637,CUST-E0006,ACC-E0006A,2024-01-13,$579.81,US$,Tienda Online XYZ,compra online,compras
TX-003036,CUST-E0011,ACC-E0011A,2024-03-03,445.23,Dólares,Supermercado Central,compra semanal supermercado,alimentacion
TX-003251,cust-e0010,ACC-E0010A,"Feb 28, 2024",9.65,Dólares,  Supermercado Central ,,alimentacion
TX-001368,CUST-E0023,ACC-E0023A,"Jan 20, 2024",62.31, usd ,supermercado central,compra semanal supermercado,alimentacion
TX-002982,CUST-E0029,ACC-E0029A,18/03/2024,$182.67,Dólares,Tienda Online XYZ,compra online,compras
TX-000264,CUST-E0016,ACC-E0016A,"Mar 19, 2024",372.34,USD,Spotify,suscripcion spotify,suscripciones
TX-004160,CUST-E0018,ACC-E0018A,2024-01-10,170.38,Dólares,Tienda Online XYZ,compra online,compras
TX-000819,CUST-E0013,ACC-E0013A,2024-01-27,$40.18,Dólares,Spotify,suscripcion spotify,
TX-003227,CUST-E0004,ACC-E0004A,2024-03-22,54.03,,ESTACION GASOLINA SOL,,transporte
TX-004207,CUST-E0013,  ACC-E0013A ,08/01/2024,48.77,Usd,,medicinas,salud
TX-001187,CUST-E0031,ACC-E0031A,03/03/2024,$86.74,Usd,Empresa de Luz,factura luz,
TX-001625,CUST-E0010,ACC-E0010B,01/03/2024,30.61,Dólares,Farmacia Salud,medicinas,salud
TX-001710,CUST-E0029,ACC-E0029A,2024-01-03,700.67,US$,Estacion Gasolina Sol,gasolina,
TX-003258,CUST-E0016,ACC-E0016A,"Mar 05, 2024",$43.43,Dólares,Internet Hogar,factura internet,servicios
TX-003155,cust-e0021,ACC-E0021A,2024-03-18,$10.65, usd ,  Tienda Online XYZ ,compra online,compras
TX-001744,CUST-E0025,ACC-E0025A,"Mar 02, 2024",154.88,US$,  Tienda Online XYZ ,compra online,
TX-000939,CUST-E0028,ACC-E0028A,06/03/2024,$115.10, usd ,Netflix,suscripcion mensual netflix,suscripciones
TX-001026,cust-e0031,  ACC-E0031A ,16/01/2024,182.94, usd ,  Empresa de Luz ,factura luz,servicios
TX-003138,CUST-E0003,ACC-E0003A,"Jan 25, 2024",13.41, usd ,  Farmacia Salud ,medicinas,salud
TX-001826,CUST-E0022,ACC-E0022A,29/01/2024,$301.04,Usd,Tienda Online XYZ,compra online,compras
TX-002574,CUST-E0017,ACC-E0017A,02/03/2024,$241.44,USD,Internet Hogar,factura internet,
TX-001752,CUST-E0024,ACC-E0024A,2024-01-26,123.99,US$,Inmobiliaria Norte,renta apartamento,vivienda
TX-003586,CUST-E0001,ACC-E0001A,"Mar 26, 2024",$37.71,USD,Supermercado Central,compra semanal supermercado,alimentacion
TX-002399,CUST-E0031,  ACC-E0031A ,31/01/2024,128.22,usd,Netflix,,
TX-003741,CUST-E0005,ACC-E0005B,2024-01-30,$137.22,Euros,farmacia salud,medicinas,salud
TX-002980,CUST-E0024,ACC-E0024A,"Jan 13, 2024",62.53,usd,Inmobiliaria Norte,renta apartamento,vivienda
TX-003337,CUST-E0033,ACC-E0033A,"Mar 01, 2024",$75.84,COP,Restaurante El Fogon,almuerzo restaurante,alimentacion
TX-003009,CUST-E0017,ACC-E0017A,"Mar 17, 2024",58.71,Dólares,Spotify,suscripcion spotify,suscripciones
TX-000695,CUST-E0029,ACC-E0029A,2024-01-09,140.44,usd,Restaurante El Fogon,almuerzo restaurante,
TX-000874,CUST-E0006,ACC-E0006A,2024-03-20,176.47,Usd,Farmacia Salud,medicinas,salud
TX-002129,CUST-E0008,ACC-E0008A,"Mar 10, 2024",46.24,usd,Supermercado Central,compra semanal supermercado,alimentacion
TX-001439,,ACC-E0020A,"Mar 16, 2024",$70.53,,Inmobiliaria Norte,renta apartamento,
TX-002342,CUST-E0020,ACC-E0020A,12/01/2024,$257.42, usd ,Spotify,suscripcion spotify,suscripciones
TX-003411,CUST-E0040,ACC-E0040B,"Feb 24, 2024",$58.81,Dólares,Estacion Gasolina Sol,gasolina,
TX-003596,CUST-E0036,ACC-E0036A,2024-03-24,$35.89,US$,Farmacia Salud,medicinas,salud
TX-002926,CUST-E0029,acc-e0029a,2024-02-18,$99.27,US$,Estacion Gasolina Sol,gasolina,transporte
TX-001783,CUST-E0029,ACC-E0029A,22/03/2024,$232.89,usd,Empresa de Luz,factura luz,servicios
TX-000240,CUST-E0028,ACC-E0028A,2024-03-22,203.31,usd,Empresa de Luz,factura luz,servicios
TX-000436,CUST-E0020,ACC-E0020A,2024-01-12,155.56,USD,Inmobiliaria Norte,renta apartamento,
TX-004004,CUST-E0031,acc-e0031a,"Jan 17, 2024",$79.65, usd ,Empresa de Luz,factura luz,servicios
TX-000986,CUST-E0034,ACC-E0034A,"Jan 12, 2024",$72.30,USD,Estacion Gasolina Sol,gasolina,transporte
TX-004042,CUST-E0037,ACC-E0037A,"Feb 19, 2024",125.09,usd,Supermercado Central,,alimentacion
TX-002762,CUST-E0001,acc-e0001a,15/02/2024,$208.64,USD,INTERNET HOGAR,factura internet,servicios
TX-002605,CUST-E0034,ACC-E0034A,24/01/2024,$229.56,US$,Estacion Gasolina Sol,gasolina,
TX-001886,CUST-E0033,ACC-E0033A,"Mar 02, 2024",27.40,Pesos,,suscripcion mensual netflix,
TX-002362,CUST-E0030,ACC-E0030A,2024-01-10,11.02, usd ,Farmacia Salud,medicinas,
TX-003925,CUST-E0019,ACC-E0019A,25/03/2024,$27.26,cop,Farmacia Salud,medicinas,
TX-003229,CUST-E0031,ACC-E0031A,"Mar 19, 2024",78.77,Usd,EMPRESA DE LUZ,factura luz,
TX-002372,  CUST-E0031 ,ACC-E0031A,2024-03-05,99.76,USD,Restaurante El Fogon,almuerzo restaurante,alimentacion
TX-002639,CUST-E0009,ACC-E0009A,18/01/2024,15.98, usd ,RESTAURANTE EL FOGON,almuerzo restaurante,alimentacion
TX-002760,CUST-E0029,  ACC-E0029A ,2024-01-11,37.36, usd ,NETFLIX,suscripcion mensual netflix,suscripciones
TX-000120,CUST-E0023,acc-e0023a,"Jan 14, 2024",83.01,usd,Netflix,suscripcion mensual netflix,suscripciones
TX-001372,CUST-E0031,ACC-E0031A,2024-03-28,49.37,USD,Internet Hogar,factura internet,servicios
TX-003718,  CUST-E0030 ,ACC-E0030A,01/03/2024,47.08,US$,Uber,viaje uber,
TX-002264,CUST-E0004,acc-e0004a,"Jan 07, 2024",$46.22,USD,Internet Hogar,factura internet,servicios
TX-002417,CUST-E0015,ACC-E0015B,16/02/2024,$31.08,Pesos,Estacion Gasolina Sol,,
TX-004014,cust-e0020,ACC-E0020B,"Mar 21, 2024",$120.52,Usd,Internet Hogar,factura internet,servicios
TX-003345,cust-e0002,acc-e0002a,16/02/2024,42.77, usd ,Empresa de Luz,factura luz,servicios
TX-003714,  CUST-E0022 ,ACC-E0022A,28/02/2024,$168.63,US$,Empresa de Luz,factura luz,servicios
TX-002773,,ACC-E0035B,2024-01-07,$90.41,EUR,Internet Hogar,factura internet,servicios
TX-000634,CUST-E0035,acc-e0035a,2024-01-10,202.12,eur,INTERNET HOGAR,factura internet,servicios
TX-002946,CUST-E0024,  ACC-E0024A ,01/01/2024,332.92,Usd,Uber,viaje uber,transporte
TX-002659,CUST-E0001,ACC-E0001A,2024-02-13,$27.84,USD,Internet Hogar,factura internet,
TX-001968,CUST-E0029,ACC-E0029A,2024-02-25,136.10,US$,  Estacion Gasolina Sol ,gasolina,transporte
TX-000454,CUST-E0038,ACC-E0038A,"Feb 03, 2024",$67.22, usd ,Uber,viaje uber,transporte
TX-003460,CUST-E0033,ACC-E0033A,30/03/2024,$45.99,cop,Uber,viaje uber,transporte
TX-000973,CUST-E0030,ACC-E0030A,2024-03-06,26.64, usd ,EMPRESA DE LUZ,factura luz,servicios
TX-000024,CUST-E0025,ACC-E0025A,"Mar 07, 2024",20.32,usd,Uber,viaje uber,transporte
TX-003045,CUST-E0020,ACC-E0020B,28/01/2024,249.45,Usd,Internet Hogar,factura internet,servicios
TX-003651,cust-e0031,  ACC-E0031A ,08/03/2024,218.18,US$,,,
TX-001866,CUST-E0006,ACC-E0006A,"Jan 18, 2024",180.66,Dólares,Spotify,suscripcion spotify,suscripciones
TX-002843,CUST-E0002,  ACC-E0002A ,"Mar 27, 2024",$11.21,US$,Supermercado Central,,alimentacion
TX-002379,CUST-E0040,ACC-E0040B,22/01/2024,186.03, usd ,Uber,viaje uber,transporte
TX-003068,CUST-E0016,ACC-E0016A,"Feb 17, 2024",$155.54,USD,Inmobiliaria Norte,renta apartamento,vivienda
TX-001869,CUST-E0039,ACC-E0039A,N/A,-1055.83,USD,Internet Hogar,factura internet,servicios
TX-001202,  CUST-E0032 ,ACC-E0032A,"Jan 21, 2024",382.84,US$,Restaurante El Fogon,almuerzo restaurante,alimentacion
TX-002438,CUST-E0003,acc-e0003a,28/03/2024,22.05,USD,farmacia salud,medicinas,salud
TX-003769,  CUST-E0018 ,ACC-E0018A,"Jan 18, 2024",$288.15,Dólares,Farmacia Salud,,
TX-000051,cust-e0031,ACC-E0031A,2024-01-10,94.89,USD,Spotify,suscripcion spotify,suscripciones
TX-003520,CUST-E0019,ACC-E0019A,"Jan 12, 2024",$642.37,cop,Farmacia Salud,medicinas,
TX-001729,CUST-E0025,ACC-E0025A,03/02/2024,$47.38,Usd,  Netflix ,suscripcion mensual netflix,suscripciones
TX-002730,CUST-E0001,ACC-E0001A,13/02/2024,124.94,Usd,EMPRESA DE LUZ,factura luz,servicios
TX-000050,CUST-E0016,ACC-E0016A,09/03/2024,262.23, usd ,Internet Hogar,factura internet,servicios
TX-003443,  CUST-E0040 ,ACC-E0040A,2024-02-14,59.39,usd,Empresa de Luz,factura luz,servicios
TX-002046,CUST-E0011,ACC-E0011A,2024-01-16,45.08, usd ,,suscripcion spotify,suscripciones
TX-001917,CUST-E0034,ACC-E0034A,"Feb 23, 2024",766.27,US$,  Spotify ,suscripcion spotify,suscripciones
TX-002585,CUST-E0006,ACC-E0006A,2024-02-17,176.75,Dólares,Spotify,suscripcion spotify,suscripciones
TX-003698,CUST-E0027,ACC-E0027A,2024-03-20,$107.13,Pesos,Tienda Online XYZ,compra online,compras
TX-003742,CUST-E0013,ACC-E0013A,2024-01-14,$9.56,USD,netflix,,suscripciones
TX-003157,CUST-E0019,ACC-E0019A,04/02/2024,27.03,Pesos,netflix,suscripcion mensual netflix,suscripciones
TX-001840,CUST-E0016,ACC-E0016A,2024-01-29,$86.96,US$,Tienda Online XYZ,compra online,compras
TX-002403,CUST-E0022,ACC-E0022A,17/03/2024,$67.32,Dólares,  Inmobiliaria Norte ,,vivienda
TX-000075,CUST-E0018,ACC-E0018A,03/02/2024,$261.63,US$,Internet Hogar,factura internet,servicios
TX-000263,CUST-E0024,ACC-E0024A,"Feb 10, 2024",$89.80,Usd,  Inmobiliaria Norte ,renta apartamento,
TX-001270,CUST-E0032,ACC-E0032A,"Mar 26, 2024",355.01,Usd,  Spotify ,suscripcion spotify,
TX-000308,cust-e0018,ACC-E0018A,2024-01-06,$294.96,Dólares,Internet Hogar,factura internet,servicios
TX-002269,CUST-E0016,ACC-E0016A,21/01/2024,$131.01,Dólares,Netflix,suscripcion mensual netflix,suscripciones
TX-003672,CUST-E0019,ACC-E0019A,09/02/2024,$94.21,COP,Tienda Online XYZ,compra online,compras
TX-003269,CUST-E0031,ACC-E0031A,28/03/2024,145.70,Dólares,  Estacion Gasolina Sol ,gasolina,transporte
TX-002110,CUST-E0034,ACC-E0034A,2024-03-14,58.06,Dólares,Spotify,suscripcion spotify,suscripciones
TX-002346,cust-e0018,ACC-E0018A,"Mar 17, 2024",66.54,usd,Empresa de Luz,factura luz,servicios
TX-003432,CUST-E0009,ACC-E0009A,2024-01-18,59.86,usd,  Inmobiliaria Norte ,renta apartamento,vivienda
TX-000340,CUST-E0032,  ACC-E0032A ,"Feb 08, 2024",$28.56,Dólares,inmobiliaria norte,renta apartamento,vivienda
TX-003705,CUST-E0031,ACC-E0031A,27/02/2024,22.85, usd ,Internet Hogar,factura internet,servicios
TX-000003,CUST-E0008,ACC-E0008A,"Jan 23, 2024",110.28,Dólares,Inmobiliaria Norte,renta apartamento,vivienda
TX-003069,  CUST-E0016 ,ACC-E0016A,"Jan 23, 2024",112.64, usd ,Netflix,suscripcion mensual netflix,suscripciones
TX-003119,CUST-E0008,ACC-E0008A,"Mar 14, 2024",$63.22,Dólares,,medicinas,salud
TX-003397,  CUST-E0004 ,ACC-E0004A,05/02/2024,120.55,Usd,Empresa de Luz,factura luz,servicios
TX-004187,CUST-E0026,acc-e0026a,07/01/2024,66.61,US$,Supermercado Central,compra semanal supermercado,alimentacion
TX-002865,CUST-E0030,ACC-E0030B,2024-02-28,11.97,usd,Internet Hogar,factura internet,servicios
TX-000136,CUST-E0015,  ACC-E0015B ,"Feb 11, 2024",21.96,COP,Tienda Online XYZ,compra online,compras
TX-001321,,ACC-E0006A,21/01/2024,$125.10,US$,Farmacia Salud,medicinas,salud
TX-003569,CUST-E0013,ACC-E0013A,2024-02-08,26.77,US$,Supermercado Central,compra semanal supermercado,alimentacion
TX-000161,CUST-E0028,ACC-E0028A,28/01/2024,115.84, usd ,Internet Hogar,factura internet,servicios
TX-002134,CUST-E0019,ACC-E0019A,2024-01-16,28.04,Pesos,,suscripcion spotify,suscripciones
TX-003887,CUST-E0038,ACC-E0038A,"Feb 09, 2024",37.36,US$,Uber,viaje uber,
TX-003144,CUST-E0002,ACC-E0002A,"Mar 23, 2024",$21.40,Usd,Farmacia Salud,medicinas,
TX-003903,CUST-E0040,ACC-E0040A,"Mar 02, 2024",-42.72,Dólares,Inmobiliaria Norte,renta apartamento,vivienda
TX-004202,CUST-E0015,ACC-E0015A,2024-03-01,31.51,COP,inmobiliaria norte,renta apartamento,
TX-003440,cust-e0033,  ACC-E0033A ,2024-02-03,45.52,COP,Internet Hogar,factura internet,servicios
TX-003978,  CUST-E0027 ,ACC-E0027A,2024-02-15,$40.49,,Internet Hogar,factura internet,
TX-004074,CUST-E0023,ACC-E0023A,"Jan 19, 2024",130.36,USD,Netflix,,
TX-002043,cust-e0003,ACC-E0003A,2024-03-26,28.60,usd,Supermercado Central,,alimentacion
TX-003379,CUST-E0009,ACC-E0009A,13/01/2024,407.71,US$,estacion gasolina sol,gasolina,transporte
TX-000351,  CUST-E0028 ,ACC-E0028A,13/02/2024,$172.76,,  Tienda Online XYZ ,compra online,compras
TX-000867,CUST-E0020,ACC-E0020B,11/01/2024,104.62,Dólares,Netflix,suscripcion mensual netflix,
TX-000629,CUST-E0021,ACC-E0021A,"Jan 25, 2024",15.83,US$,Estacion Gasolina Sol,gasolina,transporte
TX-002750,CUST-E0032,ACC-E0032A,2024-02-25,$160.86,Usd,Farmacia Salud,medicinas,salud
TX-000565,cust-e0019,ACC-E0019A,"Mar 03, 2024",$24.16,cop,Empresa de Luz,factura luz,servicios
TX-002904,CUST-E0035,ACC-E0035B,29/01/2024,51.23,Euros,Inmobiliaria Norte,renta apartamento,vivienda
TX-000630,CUST-E0018,ACC-E0018A,31/01/2024,54.21, usd ,Supermercado Central,compra semanal supermercado,alimentacion
TX-000580,CUST-E0031,ACC-E0031A,02/03/2024,$100.61,Dólares,Spotify,suscripcion spotify,suscripciones
TX-000118,CUST-E0033,ACC-E0033A,"Mar 08, 2024",$41.55,Pesos,internet hogar,factura internet,servicios
TX-001037,CUST-E0037,ACC-E0037A,2024-01-01,104.68,,Uber,viaje uber,
TX-003941,CUST-E0024,  ACC-E0024A ,04/01/2024,$106.15,usd,Spotify,suscripcion spotify,suscripciones
TX-001425,CUST-E0031,ACC-E0031A,"Mar 11, 2024",48.41,Usd,Restaurante El Fogon,,
TX-003968,CUST-E0015,ACC-E0015A,2024-03-07,55.62,cop,Empresa de Luz,factura luz,servicios
TX-002217,CUST-E0017,ACC-E0017A,"Jan 17, 2024",$193.23, usd ,Inmobiliaria Norte,renta apartamento,vivienda
TX-002890,CUST-E0030,ACC-E0030B,"Mar 13, 2024",19.27,USD,Tienda Online XYZ,compra online,
TX-003629,CUST-E0019,ACC-E0019A,2024-02-26,54.96,COP,TIENDA ONLINE XYZ,,
TX-000586,CUST-E0007,ACC-E0007A,20/02/2024,37.49,Usd,Restaurante El Fogon,almuerzo restaurante,alimentacion
TX-000588,CUST-E0010,ACC-E0010A,2024-03-25,11.31,USD,Empresa de Luz,factura luz,servicios
TX-000048,  CUST-E0027 ,ACC-E0027A,09/01/2024,144.47,COP,INTERNET HOGAR,factura internet,
TX-003871,CUST-E0029,ACC-E0029A,"Mar 27, 2024",102.11, usd ,Netflix,,suscripciones
TX-000577,CUST-E0035,ACC-E0035B,2024-01-26,205.30,eur,Supermercado Central,compra semanal supermercado,
TX-000081,CUST-E0025,ACC-E0025B,2024-02-03,47.94, usd ,Estacion Gasolina Sol,gasolina,transporte
TX-000808,cust-e0030,  ACC-E0030B ,"Mar 15, 2024",$30.82,USD,Supermercado Central,compra semanal supermercado,alimentacion
TX-001929,  CUST-E0031 ,ACC-E0031A,2024-02-01,$269.49,Dólares,Restaurante El Fogon,almuerzo restaurante,alimentacion
TX-001702,CUST-E0030,ACC-E0030B,06/03/2024,14.45,Usd,Supermercado Central,compra semanal supermercado,alimentacion
TX-002142,CUST-E0031,ACC-E0031A,10/03/2024,"2,508.78",Usd,Estacion Gasolina Sol,gasolina,
TX-001228,CUST-E0030,ACC-E0030A,"Feb 23, 2024",30.96,usd,Netflix,suscripcion mensual netflix,suscripciones
TX-002832,CUST-E0005,ACC-E0005B,03/02/2024,$82.63,eur,Estacion Gasolina Sol,gasolina,transporte
TX-000597,  CUST-E0016 ,ACC-E0016A,29/03/2024,125.59,usd,Internet Hogar,factura internet,servicios
TX-001829,CUST-E0026,acc-e0026a,19/03/2024,$272.29, usd ,  Tienda Online XYZ ,compra online,compras
TX-000045,cust-e0037,acc-e0037a,2024-02-22,129.91,US$,Internet Hogar,factura internet,servicios
TX-001930,CUST-E0018,ACC-E0018A,16/03/2024,174.26,Usd,  Supermercado Central ,compra semanal supermercado,alimentacion
TX-000608,CUST-E0038,ACC-E0038A,05/02/2024,$12.57,Dólares,Farmacia Salud,medicinas,salud
TX-001180,CUST-E0035,ACC-E0035B,2024-03-29,202.30,eur,Spotify,suscripcion spotify,suscripciones
TX-000734,  CUST-E0029 ,ACC-E0029A,2024-03-17,126.08,usd,Internet Hogar,,servicios
TX-002554,CUST-E0029,ACC-E0029A,10/01/2024,227.93,US$,Estacion Gasolina Sol,gasolina,
TX-003360,CUST-E0008,ACC-E0008A,"Feb 25, 2024",118.79,usd,Supermercado Central,,alimentacion
TX-001057,CUST-E0038,ACC-E0038A,2024-02-06,21.33,Dólares,Estacion Gasolina Sol,gasolina,transporte
TX-002892,CUST-E0004,ACC-E0004A,"Feb 08, 2024",$116.04,usd,Restaurante El Fogon,almuerzo restaurante,alimentacion
TX-000793,,ACC-E0019A,"Jan 18, 2024",33.36,cop,Supermercado Central,compra semanal supermercado,alimentacion
TX-000698,CUST-E0014,ACC-E0014A,"Jan 28, 2024",145.06,usd,Tienda Online XYZ,compra online,compras
TX-001226,CUST-E0021,acc-e0021a,29/01/2024,17.54,USD,Estacion Gasolina Sol,gasolina,transporte
TX-002271,CUST-E0015,ACC-E0015B,2024-01-25,$80.32,COP,Uber,viaje uber,transporte
TX-000305,cust-e0031,ACC-E0031A,2024-02-23,$69.37, usd ,,almuerzo restaurante,alimentacion
TX-002252,  CUST-E0028 ,ACC-E0028A,"Mar 08, 2024",272.82,Usd,,factura luz,servicios
TX-002282,cust-e0004,ACC-E0004A,18/01/2024,$23.12,usd,Spotify,suscripcion spotify,
TX-003113,CUST-E0003,ACC-E0003A,2024-01-31,7.91,USD,Farmacia Salud,medicinas,
TX-002016,CUST-E0003,ACC-E0003A,04/02/2024,14.78,Usd,Netflix,suscripcion mensual netflix,suscripciones
TX-004049,CUST-E0036,ACC-E0036A,07/01/2024,$59.62,Usd,restaurante el fogon,almuerzo restaurante,alimentacion
TX-002913,CUST-E0008,ACC-E0008A,"Mar 12, 2024",78.21,US$,supermercado central,,alimentacion
TX-000418,CUST-E0018,ACC-E0018A,11/01/2024,$246.54,USD,restaurante el fogon,almuerzo restaurante,alimentacion
TX-003096,CUST-E0023,  ACC-E0023A ,09/01/2024,108.10, usd ,Estacion Gasolina Sol,gasolina,transporte
TX-002577,CUST-E0015,  ACC-E0015A ,2024-03-07,16.77,COP,Restaurante El Fogon,almuerzo restaurante,alimentacion
TX-001753,CUST-E0023,ACC-E0023A,26/01/2024,139.06,USD,  Internet Hogar ,,servicios
TX-002021,CUST-E0026,ACC-E0026A,"Jan 29, 2024",124.36,usd,Internet Hogar,factura internet,servicios
TX-001982,CUST-E0033,ACC-E0033A,25/01/2024,$19.07,Pesos,RESTAURANTE EL FOGON,almuerzo restaurante,alimentacion
TX-002524,CUST-E0006,ACC-E0006A,2024-01-20,$30.23,US$,  Estacion Gasolina Sol ,gasolina,transporte
TX-002211,CUST-E0026,ACC-E0026A,2024-02-26,107.55, usd ,Tienda Online XYZ,compra online,compras
TX-002672,CUST-E0017,  ACC-E0017A ,"Mar 28, 2024",298.93,usd,Supermercado Central,compra semanal supermercado,alimentacion
TX-002593,CUST-E0033,acc-e0033a,"Mar 17, 2024",$16.23,cop,Inmobiliaria Norte,renta apartamento,
TX-001296,CUST-E0018,ACC-E0018A,2024-03-16,94.01,usd,  Estacion Gasolina Sol ,gasolina,transporte
TX-000582,CUST-E0039,ACC-E0039A,2024-01-25,55.10, usd ,Farmacia Salud,medicinas,salud
TX-004214,CUST-E0004,ACC-E0004A,"Feb 17, 2024",19.01,Dólares,Empresa de Luz,factura luz,servicios
TX-003598,CUST-E0031,ACC-E0031A,28/01/2024,51.26, usd ,Restaurante El Fogon,almuerzo restaurante,
TX-003782,CUST-E0022,ACC-E0022A,"Mar 01, 2024",90.86,USD,Tienda Online XYZ,compra online,
TX-001479,cust-e0006,ACC-E0006A,25/02/2024,242.45,Dólares,Farmacia Salud,medicinas,salud
TX-003279,CUST-E0021,ACC-E0021A,"Mar 05, 2024",19.67,USD,Inmobiliaria Norte,renta apartamento,vivienda
TX-002361,  CUST-E0022 ,  ACC-E0022A ,27/02/2024,165.19,Dólares,Restaurante El Fogon,almuerzo restaurante,alimentacion
TX-000499,CUST-E0037,ACC-E0037A,,$93.68,Usd,Internet Hogar,,servicios
TX-000711,CUST-E0024,acc-e0024a,07/02/2024,$184.43,US$,Inmobiliaria Norte,renta apartamento,
TX-001549,CUST-E0015,ACC-E0015A,"Jan 12, 2024",29.40,COP,Tienda Online XYZ,compra online,compras
TX-002568,CUST-E0020,ACC-E0020A,25/01/2024,$186.05,usd,Inmobiliaria Norte,renta apartamento,vivienda
TX-003289,CUST-E0032,ACC-E0032A,16/03/2024,$137.93,USD,Restaurante El Fogon,almuerzo restaurante,alimentacion
TX-002444,CUST-E0002,ACC-E0002A,2024-02-17,18.91,usd,Internet Hogar,factura internet,servicios
TX-001174,CUST-E0025,ACC-E0025B,13/02/2024,16.05,US$,Inmobiliaria Norte,renta apartamento,vivienda
TX-002685,  CUST-E0016 ,ACC-E0016A,03/01/2024,"$9,999,999.99",USD,Uber,viaje uber,transporte
TX-000785,CUST-E0039,ACC-E0039A,"Mar 17, 2024",$141.66,US$,Tienda Online XYZ,compra online,compras
TX-002654,CUST-E0025,ACC-E0025B,"Jan 23, 2024",$7.74,Usd,Farmacia Salud,medicinas,salud
TX-002661,CUST-E0027,ACC-E0027A,"Mar 21, 2024",17.09,COP,Estacion Gasolina Sol,gasolina,
TX-004101,CUST-E0027,ACC-E0027A,"Feb 03, 2024",73.79,,Uber,,
TX-001090,CUST-E0002,ACC-E0002A,"Mar 30, 2024",25.29,US$,Estacion Gasolina Sol,gasolina,
TX-003981,CUST-E0003,ACC-E0003A,"Jan 03, 2024",19.21,Dólares,Internet Hogar,factura internet,servicios
TX-001722,cust-e0019,ACC-E0019A,"Feb 14, 2024",$28.88,COP,Restaurante El Fogon,,alimentacion
TX-002510,CUST-E0018,ACC-E0018A,"Feb 04, 2024",137.25,US$,Uber,viaje uber,transporte
TX-000157,CUST-E0028,ACC-E0028A,2024-02-27,418.24,US$,ESTACION GASOLINA SOL,gasolina,transporte
TX-003591,CUST-E0003,ACC-E0003A,01/01/2024,8.15,Dólares,,compra online,compras
TX-002529,CUST-E0021,ACC-E0021A,2024-03-16,24.75,Usd,Uber,viaje uber,transporte
TX-000828,CUST-E0020,ACC-E0020B,"Jan 11, 2024",$69.03,USD,Farmacia Salud,medicinas,salud
TX-003210,CUST-E0002,ACC-E0002A,01/01/2024,$14.45,US$,Uber,viaje uber,transporte
TX-003285,CUST-E0003,ACC-E0003A,"Jan 21, 2024",14.10,usd,Farmacia Salud,medicinas,salud
TX-003431,cust-e0028,ACC-E0028A,"Feb 24, 2024",,Dólares,Empresa de Luz,factura luz,servicios
TX-001030,,ACC-E0008A,2024-02-05,92.52,US$,Supermercado Central,compra semanal supermercado,alimentacion
TX-000260,CUST-E0040,ACC-E0040B,2024-01-18,74.89,US$,Spotify,suscripcion spotify,
TX-003314,CUST-E0016,ACC-E0016A,"Feb 13, 2024",70.12,usd,Supermercado Central,compra semanal supermercado,
TX-002034,CUST-E0024,ACC-E0024A,19/01/2024,68.17, usd ,  Farmacia Salud ,medicinas,salud
TX-001188,CUST-E0008,ACC-E0008A,08/03/2024,162.24,usd,Restaurante El Fogon,almuerzo restaurante,alimentacion
TX-003333,CUST-E0038,ACC-E0038A,27/01/2024,6.71,Usd,EMPRESA DE LUZ,factura luz,servicios
TX-000482,CUST-E0003,ACC-E0003A,"Jan 31, 2024",41.86, usd ,FARMACIA SALUD,medicinas,salud
TX-003751,cust-e0016,ACC-E0016A,26/01/2024,$214.04, usd ,  Tienda Online XYZ ,compra online,compras
TX-000494,CUST-E0012,ACC-E0012A,2024-03-14,298.35,Dólares,Farmacia Salud,medicinas,salud
TX-002936,CUST-E0029,ACC-E0029A,2024-01-04,$130.05,USD,N/A,renta apartamento,
TX-000468,CUST-E0020,ACC-E0020B,29/02/2024,138.64,Dólares,EMPRESA DE LUZ,factura luz,servicios
TX-003816,CUST-E0031,  ACC-E0031A ,15-01-24,30.76,,Restaurante El Fogon,almuerzo restaurante,alimentacion
TX-002144,  CUST-E0032 ,ACC-E0032A,20/03/2024,158.41,USD,  Internet Hogar ,factura internet,servicios
TX-001253,CUST-E0038,acc-e0038a,16/03/2024,12.66,USD,NETFLIX,suscripcion mensual netflix,suscripciones
TX-001276,,ACC-E0004A,28/02/2024,21.66,USD,  Inmobiliaria Norte ,renta apartamento,vivienda
TX-000127,CUST-E0015,acc-e0015a,N/A,43.09,Pesos,Spotify,suscripcion spotify,
TX-000281,CUST-E0036,ACC-E0036A,2024-02-04,,usd,Netflix,suscripcion mensual netflix,suscripciones
TX-002503,cust-e0028,ACC-E0028A,2024-03-03,$245.00,usd,Supermercado Central,compra semanal supermercado,alimentacion
TX-002780,CUST-E0027,  ACC-E0027A ,"Feb 02, 2024",36.02,Pesos,Estacion Gasolina Sol,gasolina,transporte
TX-003162,CUST-E0012,ACC-E0012A,2024-02-27,-114.40,usd,Spotify,suscripcion spotify,
TX-002288,CUST-E0006,ACC-E0006A,2024-02-15,$169.55,,Tienda Online XYZ,compra online,compras
TX-001962,CUST-E0019,ACC-E0019A,2024-03-02,57.21,Pesos,Estacion Gasolina Sol,gasolina,
TX-002748,CUST-E0006,acc-e0006a,15/01/2024,80.77, usd ,,factura luz,
TX-000620,CUST-E0021,ACC-E0021A,2024-01-15,52.11,usd,Restaurante El Fogon,almuerzo restaurante,alimentacion
TX-002397,CUST-E0015,ACC-E0015B,2024-01-24,$38.00,cop,Inmobiliaria Norte,renta apartamento,vivienda
TX-001914,CUST-E0008,ACC-E0008A,2024-01-27,112.13,usd,Empresa de Luz,factura luz,
TX-001140,CUST-E0001,ACC-E0001A,"Jan 26, 2024",310.75,USD,Inmobiliaria Norte,renta apartamento,vivienda
TX-000125,CUST-E0017,ACC-E0017A,2024-13-45,266.61,Usd,netflix,suscripcion mensual netflix,suscripciones
TX-003561,CUST-E0001,ACC-E0001A,09/01/2024,78.29,US$,Uber,viaje uber,
TX-002343,  CUST-E0007 ,ACC-E0007A,"Mar 04, 2024",$110.15,US$,estacion gasolina sol,gasolina,transporte
TX-002783,CUST-E0014,ACC-E0014A,13/01/2024,233.05,Dólares,Internet Hogar,factura internet,servicios
TX-001121,CUST-E0018,ACC-E0018A,26/03/2024,157.90,US$,Internet Hogar,factura internet,servicios
TX-003525,CUST-E0034,  ACC-E0034A ,2024-03-22,257.58,US$,Empresa de Luz,factura luz,servicios
TX-002152,CUST-E0004,ACC-E0004A,"Mar 22, 2024",$55.85,usd,uber,viaje uber,transporte
TX-000707,CUST-E0008,ACC-E0008A,2024-01-14,53.19,Dólares,  Empresa de Luz ,factura luz,servicios
TX-003078,CUST-E0036,ACC-E0036A,16/03/2024,$92.87,usd,Estacion Gasolina Sol,gasolina,transporte
TX-003305,  CUST-E0005 ,ACC-E0005A,"Mar 03, 2024",73.54,eur,Farmacia Salud,medicinas,salud
TX-001841,CUST-E0006,ACC-E0006A,09/03/2024,172.43,Dólares,Tienda Online XYZ,compra online,compras
TX-003723,CUST-E0004,ACC-E0004A,"Jan 09, 2024",$20.57,Dólares,Restaurante El Fogon,almuerzo restaurante,alimentacion
TX-000083,CUST-E0002,ACC-E0002A,"Mar 13, 2024",7.28, usd ,  Empresa de Luz ,factura luz,
TX-001958,CUST-E0030,ACC-E0030B,2024-01-24,17.30,USD,  Farmacia Salud ,medicinas,salud
TX-001544,CUST-E0019,ACC-E0019A,2024-03-22,9.88,COP,  Restaurante El Fogon ,almuerzo restaurante,alimentacion
TX-001378,CUST-E0010,acc-e0010a,2024-01-30,$27.96,Usd,,compra semanal supermercado,alimentacion
TX-000396,CUST-E0033,ACC-E0033A,05/03/2024,$11.28,COP,Supermercado Central,,alimentacion
TX-000453,CUST-E0019,ACC-E0019A,14/03/2024,$60.37,cop,Farmacia Salud,medicinas,salud
TX-004212,CUST-E0038,  ACC-E0038A ,"Feb 01, 2024",$6.53,Usd,  Uber ,viaje uber,
TX-000053,cust-e0027,ACC-E0027A,"Mar 10, 2024",22.42,Pesos,Estacion Gasolina Sol,,transporte
TX-000730,  CUST-E0007 ,ACC-E0007A,14/01/2024,124.38,US$,Inmobiliaria Norte,renta apartamento,vivienda
TX-003611,CUST-E0037,ACC-E0037A,"Jan 25, 2024",108.01,US$,Farmacia Salud,medicinas,salud
TX-003504,CUST-E0017,ACC-E0017A,"Jan 19, 2024",$181.55,usd,Tienda Online XYZ,,
TX-001495,CUST-E0014,ACC-E0014A
TX-001493,CUST-E0028,ACC-E0028A,"Feb 13, 2024",271.33,Dólares,Restaurante El Fogon,almuerzo restaurante,alimentacion
TX-001788,cust-e0036,ACC-E0036A,"Jan 12, 2024",18.98,usd,Uber,,transporte
TX-003191,CUST-E0007,ACC-E0007A,2024-02-03,, usd ,Uber,viaje uber,transporte
TX-001316,CUST-E0032,ACC-E0032A,15/02/2024,$40.94,Dólares,Internet Hogar,factura internet,servicios
TX-002290,CUST-E0033,ACC-E0033A,2024-03-06,45.89,cop,  Supermercado Central ,compra semanal supermercado,alimentacion
TX-000909,CUST-E0009,ACC-E0009A,2024-01-08,24.69, usd ,Netflix,suscripcion mensual netflix,
TX-000722,CUST-E0010,ACC-E0010B,26/03/2024,$39.38,Usd,Tienda Online XYZ,compra online,compras
TX-003565,CUST-E0005,ACC-E0005B,14/02/2024,55.31,eur,uber,viaje uber,transporte
TX-004221,CUST-E0026,acc-e0026a,07/01/2024,66.61,US$,Supermercado Central,compra semanal supermercado,alimentacion
TX-003552,CUST-E0023,acc-e0023a,"Jan 01, 2024",99.82,usd,  Inmobiliaria Norte ,renta apartamento,
TX-001039,CUST-E0019,ACC-E0019A,01/02/2024,14.45,cop,Estacion Gasolina Sol,gasolina,
TX-002032,CUST-E0030,ACC-E0030B,"Jan 04, 2024",$12.56,US$,Spotify,,suscripciones
TX-002310,CUST-E0007,ACC-E0007A,"Jan 31, 2024",99.65,USD,Inmobiliaria Norte,renta apartamento,
TX-000940,CUST-E0037,ACC-E0037A,2024-01-18,-37.71,US$,Restaurante El Fogon,almuerzo restaurante,alimentacion
TX-001100,CUST-E0021,ACC-E0021A,"Mar 06, 2024",$18.16,US$,EMPRESA DE LUZ,factura luz,servicios
TX-000905,CUST-E0017,ACC-E0017A,2024-01-19,274.66, usd ,netflix,suscripcion mensual netflix,
TX-000458,CUST-E0007,ACC-E0007A,15/02/2024,$222.25,US$,TIENDA ONLINE XYZ,compra online,compras
TX-003964,CUST-E0032,ACC-E0032A,"Jan 08, 2024",107.33,USD,Internet Hogar,factura internet,
TX-000296,CUST-E0031,ACC-E0031A,"Jan 01, 2024",$70.96,Usd,Netflix,suscripcion mensual netflix,
TX-002621,CUST-E0018,ACC-E0018A,01/03/2024,49.77,Dólares,Inmobiliaria Norte,renta apartamento,
TX-002274,  CUST-E0012 ,ACC-E0012A,"Mar 30, 2024",38.82, usd ,Supermercado Central,,alimentacion
TX-000900,CUST-E0029,ACC-E0029A,"Mar 30, 2024",83.31,,Uber,viaje uber,transporte
TX-002289,CUST-E0008,ACC-E0008A,03/03/2024,14.25,Usd,  Empresa de Luz ,factura luz,servicios
TX-002451,CUST-E0033,ACC-E0033A,"Mar 19, 2024",65.60,COP,Supermercado Central,compra semanal supermercado,
TX-003501,CUST-E0014,ACC-E0014A,2024-02-09,$110.42,usd,Tienda Online XYZ,compra online,compras
TX-001922,CUST-E0029,ACC-E0029A,2024-02-03,92.90,,Supermercado Central,,alimentacion
TX-002284,CUST-E0021,ACC-E0021A,2024-02-05,$55.42,US$,RESTAURANTE EL FOGON,almuerzo restaurante,alimentacion
TX-001167,CUST-E0022,ACC-E0022A,"Feb 15, 2024",$222.42,USD,Empresa de Luz,factura luz,servicios
TX-002778,CUST-E0015,  ACC-E0015A ,26/02/2024,17.40,Pesos,Netflix,suscripcion mensual netflix,suscripciones
TX-002017,CUST-E0005,ACC-E0005A,2024-02-20,20.19,Euros,Netflix,suscripcion mensual netflix,suscripciones
TX-003099,CUST-E0002,  ACC-E0002A ,02/03/2024,9.92,bitcoins,Netflix,suscripcion mensual netflix,suscripciones
TX-001318,CUST-E0033,ACC-E0033A,26/01/2024,115.50,Pesos,Internet Hogar,factura internet,
TX-002712,CUST-E0025,ACC-E0025A,2024-03-18,29.80,usd,N/A,suscripcion spotify,suscripciones
TX-001160,CUST-E0010,ACC-E0010B,10/01/2024,$22.63,USD,Uber,viaje uber,transporte
TX-001417,CUST-E0037,ACC-E0037A,14/01/2024,60.78,Dólares,Uber,viaje uber,transporte
TX-000604,CUST-E0017,ACC-E0017A,30/01/2024,$105.84,USD,Empresa de Luz,factura luz,servicios
TX-001935,CUST-E0017,ACC-E0017A,"Jan 15, 2024",132.46,usd,  Estacion Gasolina Sol ,gasolina,transporte
TX-001437,CUST-E0009,ACC-E0009A,2024-02-11,22.88,USD,Netflix,suscripcion mensual netflix,suscripciones
TX-002260,CUST-E0032,ACC-E0032A,2024-03-26,$149.84,USD,Tienda Online XYZ,compra online,compras
TX-004139,CUST-E0017,ACC-E0017A,"Mar 26, 2024",49.60,US$,Farmacia Salud,medicinas,salud
TX-001991,CUST-E0024,ACC-E0024A,21/01/2024,194.44,usd,Tienda Online XYZ,compra online,compras
TX-001012,CUST-E0027,ACC-E0027A,2024-02-11,69.39,COP,SUPERMERCADO CENTRAL,compra semanal supermercado,
TX-000699,CUST-E0030,ACC-E0030A,17/01/2024,31.38,Usd,Restaurante El Fogon,almuerzo restaurante,alimentacion
TX-000841,CUST-E0030,ACC-E0030B,"Jan 30, 2024",34.25,usd,Tienda Online XYZ,compra online,compras
TX-000583,CUST-E0032,ACC-E0032A,18/03/2024,88.95,usd,  Netflix ,suscripcion mensual netflix,suscripciones
TX-003780,CUST-E0022,ACC-E0022A,"Feb 13, 2024",$291.03,Dólares,Supermercado Central,compra semanal supermercado,alimentacion
TX-003653,cust-e0023,  ACC-E0023A ,"Feb 26, 2024",260.33, usd ,Empresa de Luz,factura luz,
TX-002155,cust-e0019,ACC-E0019A,2024-02-17,$20.77,,Supermercado Central,compra semanal supermercado,alimentacion
TX-002878,CUST-E0029,ACC-E0029A,"Mar 21, 2024",174.07,USD,Tienda Online XYZ,compra online,compras
TX-004098,CUST-E0018,acc-e0018a,2024-02-29,235.49, usd ,Supermercado Central,compra semanal supermercado,alimentacion
TX-004019,CUST-E0014,ACC-E0014A,"Jan 19, 2024",$39.23, usd ,Internet Hogar,factura internet,
TX-001051,CUST-E0013,ACC-E0013A,17/02/2024,109.12,US$,Estacion Gasolina Sol,,transporte
TX-002424,CUST-E0030,ACC-E0030A,2024-02-08,9.03,Dólares,Internet Hogar,factura internet,servicios
TX-000725,CUST-E0007,ACC-E0007A,07/03/2024,$77.42,Dólares,Spotify,suscripcion spotify,suscripciones
TX-000213,CUST-E0023,ACC-E0023A,2024-03-21,$107.86,usd,  Uber ,viaje uber,transporte
TX-001708,CUST-E0001,ACC-E0001A,2024-03-11,$57.95,US$,Uber,viaje uber,
TX-001332,CUST-E0032,ACC-E0032A,"Feb 26, 2024",$91.90, usd ,Empresa de Luz,factura luz,
TX-000558,CUST-E0010,ACC-E0010B,2024-02-06,$12.80,Usd,Internet Hogar,factura internet,servicios
TX-001381,CUST-E0025,ACC-E0025B,"Mar 02, 2024",86.25,USD,Spotify,suscripcion spotify,suscripciones
TX-000430,CUST-E0031,  ACC-E0031A ,2024-02-12,62.62,usd,Restaurante El Fogon,almuerzo restaurante,alimentacion
TX-001791,CUST-E0012,ACC-E0012A,2024-02-24,$72.93,usd,RESTAURANTE EL FOGON,almuerzo restaurante,alimentacion
TX-004011,CUST-E0027,ACC-E0027A,26/02/2024,-17.99,cop,Tienda Online XYZ,compra online,compras
TX-001487,CUST-E0001,ACC-E0001A,17/02/2024,$115.77,USD,Farmacia Salud,medicinas,salud
TX-002797,CUST-E0031,ACC-E0031A,"Mar 25, 2024",100.89, usd ,Netflix,suscripcion mensual netflix,suscripciones
TX-001877,  CUST-E0004 ,  ACC-E0004A ,"Mar 19, 2024",23.37,Dólares,  Empresa de Luz ,,servicios
TX-001873,cust-e0040,ACC-E0040B,13/03/2024,$29.11,Usd,Restaurante El Fogon,,alimentacion
TX-000462,CUST-E0017,acc-e0017a,14/01/2024,$226.85,usd,Tienda Online XYZ,compra online,compras
TX-000350,CUST-E0032,ACC-E0032A,2024-03-30,$343.14,US$,Netflix,suscripcion mensual netflix,suscripciones
TX-001603,CUST-E0028,ACC-E0028A,"Mar 25, 2024",$185.15,USD,Netflix,suscripcion mensual netflix,
TX-003739,  CUST-E0022 ,ACC-E0022A,2024-01-02,103.11,USD,Supermercado Central,compra semanal supermercado,alimentacion
TX-001112,CUST-E0032,ACC-E0032A,2024-02-22,323.84, usd ,Uber,viaje uber,
TX-003330,CUST-E0008,ACC-E0008A,2024-03-18,$92.79,Dólares,netflix,suscripcion mensual netflix,suscripciones
TX-001185,CUST-E0039,acc-e0039a,2024-01-11,17.30,USD,Supermercado Central,compra semanal supermercado,alimentacion
TX-000236,CUST-E0018,acc-e0018a,,3379.70, usd ,Estacion Gasolina Sol,gasolina,transporte
TX-004234,CUST-E0016,ACC-E0016A,2024-03-13,167.86,USD,,compra online,compras
TX-001438,CUST-E0014,ACC-E0014A,"Jan 19, 2024",159.45,Dólares,Restaurante El Fogon,almuerzo restaurante,
TX-001925,CUST-E0035,ACC-E0035B,17/03/2024,308.89,Euros,Restaurante El Fogon,almuerzo restaurante,alimentacion
TX-000567,CUST-E0031,ACC-E0031A,03/01/2024,$78.26,US$,Tienda Online XYZ,compra online,compras
TX-003186,CUST-E0024,acc-e0024a,"Feb 09, 2024",176.26,US$,Restaurante El Fogon,almuerzo restaurante,alimentacion
TX-000302,CUST-E0026,ACC-E0026A,2024-03-20,-159.59,Usd,Restaurante El Fogon,almuerzo restaurante,alimentacion
TX-004196,CUST-E0020,ACC-E0020B,2024-01-15,114.46,USD,Supermercado Central,compra semanal supermercado,alimentacion
TX-001997,CUST-E0014,ACC-E0014A,"Feb 06, 2024",84.91,Usd,Supermercado Central,compra semanal supermercado,
TX-003808,CUST-E0002,ACC-E0002A,2024-02-18,10.74,usd,Restaurante El Fogon,almuerzo restaurante,alimentacion
TX-003142,CUST-E0008,  ACC-E0008A ,2024-03-22,103.21,US$,Spotify,suscripcion spotify,
TX-000336,CUST-E0026,acc-e0026a,"Mar 22, 2024",$48.56,usd,  Netflix ,suscripcion mensual netflix,
TX-003124,CUST-E0010,ACC-E0010B,28/02/2024,$17.35,US$,Empresa de Luz,factura luz,servicios
TX-003114,CUST-E0019,  ACC-E0019A ,2024-01-29,50.66,cop,Netflix,suscripcion mensual netflix,
TX-003547,  CUST-E0034 ,ACC-E0034A,"Mar 01, 2024",$281.61,US$,Farmacia Salud,medicinas,salud
TX-000080,CUST-E0012,ACC-E0012A,"Feb 21, 2024",$107.64, usd ,Empresa de Luz,factura luz,servicios
TX-000434,CUST-E0009,ACC-E0009A,"Feb 20, 2024",23.76,USD,Farmacia Salud,medicinas,salud
TX-000524,CUST-E0022,  ACC-E0022A ,2024-03-08,300.70,usd,Spotify,suscripcion spotify,suscripciones
TX-002477,  CUST-E0023 ,ACC-E0023A,06/02/2024,57.01,Usd,Farmacia Salud,medicinas,salud
TX-003455,CUST-E0023,ACC-E0023A,"Mar 23, 2024",105.47,US$,Tienda Online XYZ,compra online,compras
TX-003872,CUST-E0001,ACC-E0001A,13/02/2024,-219.09,Usd,Estacion Gasolina Sol,gasolina,
TX-003368,cust-e0012,ACC-E0012A,06/03/2024,120.32, usd ,Farmacia Salud,medicinas,
TX-003753,CUST-E0031,ACC-E0031A,2024-01-18,49.37, usd ,Netflix,suscripcion mensual netflix,suscripciones
TX-003883,CUST-E0004,ACC-E0004A,08/01/2024,66.47,Usd,Supermercado Central,compra semanal supermercado,
TX-003041,  CUST-E0022 ,ACC-E0022A,2024-02-27,158.16,usd,,factura internet,
TX-000138,CUST-E0011,ACC-E0011A,15/03/2024,37.90,US$,spotify,suscripcion spotify,suscripciones
TX-001175,  CUST-E0010 ,ACC-E0010B,"Mar 16, 2024",abc,Usd,Spotify,,suscripciones
TX-000656,CUST-E0025,ACC-E0025B,2024-01-05,$88.11,US$,Inmobiliaria Norte,renta apartamento,vivienda
TX-002837,  CUST-E0033 ,ACC-E0033A,21/01/2024,63.10,cop,Supermercado Central,compra semanal supermercado,alimentacion
TX-003324,CUST-E0011,ACC-E0011A,,43.53,usd,Restaurante El Fogon,almuerzo restaurante,alimentacion
TX-000896,CUST-E0002,ACC-E0002A,"Mar 16, 2024",$24.85, usd ,farmacia salud,medicinas,salud
TX-000328,CUST-E0009,acc-e0009a,14/02/2024,26.88, usd ,Farmacia Salud,,
TX-001660,CUST-E0012,ACC-E0012A,2024-01-07,$61.96, usd ,Restaurante El Fogon,almuerzo restaurante,alimentacion
TX-001319,CUST-E0014,ACC-E0014A,2024-03-13,$47.59,Usd,Farmacia Salud,medicinas,salud
TX-001797,CUST-E0012,ACC-E0012A,2024-01-29,82.49, usd ,inmobiliaria norte,renta apartamento,
TX-002875,CUST-E0030,ACC-E0030B,29/02/2024,9.66, usd ,Inmobiliaria Norte,,vivienda
TX-000481,CUST-E0034,ACC-E0034A,2024-01-15,$378.58,Usd,Tienda Online XYZ,compra online,compras
TX-001847,CUST-E0035,acc-e0035b,"Jan 09, 2024",153.87,Euros,Supermercado Central,compra semanal supermercado,alimentacion
TX-003364,CUST-E0011,ACC-E0011A,2024-03-24,15.55,USD,Inmobiliaria Norte,renta apartamento,vivienda
TX-003792,  CUST-E0014 ,acc-e0014a,10/01/2024,$44.74,US$,  Supermercado Central ,compra semanal supermercado,alimentacion
TX-003838,CUST-E0028,ACC-E0028A,22/03/2024,USD,USD,empresa de luz,factura luz,servicios
TX-000137,CUST-E0031,ACC-E0031A,30/03/2024,$29.66, usd ,  Supermercado Central ,compra semanal supermercado,alimentacion
TX-002747,CUST-E0001,ACC-E0001A,2024-03-22,$136.27,Dólares,  Uber ,viaje uber,transporte
TX-001247,CUST-E0030,ACC-E0030B,"Feb 12, 2024",9.43, usd ,Spotify,suscripcion spotify,suscripciones
TX-002954,CUST-E0026,ACC-E0026A,"Jan 31, 2024",114.47,USD,Internet Hogar,factura internet,servicios
TX-001244,CUST-E0026,ACC-E0026A,"Jan 16, 2024",$64.67,US$,,gasolina,transporte
TX-003290,CUST-E0038,ACC-E0038A,2024-02-09,15.88, usd ,  Restaurante El Fogon ,almuerzo restaurante,alimentacion
TX-002108,CUST-E0034,ACC-E0034A,24/01/2024,$125.39,Dólares,  Tienda Online XYZ ,compra online,compras
TX-002611,cust-e0020,ACC-E0020B,2024-03-05,88.08,US$,Tienda Online XYZ,compra online,compras
TX-003369,CUST-E0037,ACC-E0037A,14/02/2024,109.90,Dólares,ESTACION GASOLINA SOL,gasolina,transporte
TX-004000,CUST-E0034,acc-e0034a,17/03/2024,167.70,US$,Estacion Gasolina Sol,gasolina,transporte
TX-002627,CUST-E0009,  ACC-E0009A ,13/03/2024,14.31,Dólares,Supermercado Central,compra semanal supermercado,
TX-002000,CUST-E0020,ACC-E0020A,2024-02-04,387.23,USD,Tienda Online XYZ,compra online,compras
TX-003730,CUST-E0005,ACC-E0005A,2024-02-17,$93.27,Euros,Spotify,suscripcion spotify,suscripciones
TX-001221,cust-e0010,  ACC-E0010A ,2024-01-10,$19.94,Usd,netflix,suscripcion mensual netflix,suscripciones
TX-003892,  CUST-E0026 ,ACC-E0026A,23/01/2024,$32.49,Dólares,Supermercado Central,compra semanal supermercado,alimentacion
TX-001628,CUST-E0009,ACC-E0009A,"Mar 24, 2024",$14.82,Usd,Empresa de Luz,,servicios
TX-001716,CUST-E0008,ACC-E0008A,19/01/2024,87.37,US$,estacion gasolina sol,gasolina,transporte
TX-003061,CUST-E0020,ACC-E0020A,"Jan 21, 2024",$102.22,usd,Supermercado Central,compra semanal supermercado,
TX-002994,CUST-E0024,  ACC-E0024A ,"Mar 12, 2024",$310.47, usd ,  Supermercado Central ,compra semanal supermercado,
TX-002201,CUST-E0032,ACC-E0032A,"Mar 29, 2024",165.01,USD,Empresa de Luz,factura luz,servicios
TX-003356,cust-e0007,ACC-E0007A,"Mar 26, 2024",$55.26,USD,  Netflix ,suscripcion mensual netflix,suscripciones
TX-000039,  CUST-E0023 ,  ACC-E0023A ,"Mar 23, 2024",$149.66,Dólares,,compra online,
TX-000515,CUST-E0009,ACC-E0009A,"Mar 08, 2024",$6.31,US$,Uber,viaje uber,
TX-004018,CUST-E0005,ACC-E0005A,"Feb 16, 2024",$322.87,eur,Tienda Online XYZ,compra online,compras
TX-000155,CUST-E0033,ACC-E0033A,"Feb 28, 2024",35.12,COP,Netflix,suscripcion mensual netflix,
TX-001618,CUST-E0039,ACC-E0039A,"Jan 01, 2024",$50.34,Dólares,Inmobiliaria Norte,,
TX-000233,CUST-E0018,ACC-E0018A,20/01/2024,200.03, usd ,Uber,viaje uber,transporte
TX-004013,CUST-E0010,ACC-E0010A,2024-01-14,$16.98, usd 
TX-001635,CUST-E0033,ACC-E0033A,"Jan 16, 2024",$84.80,,,suscripcion mensual netflix,suscripciones
TX-000813,  CUST-E0031 ,ACC-E0031A,2024-02-28,$124.83,US$,Estacion Gasolina Sol,gasolina,transporte
TX-002263,CUST-E0001,ACC-E0001A,2024-03-19,943.96,usd,Supermercado Central,compra semanal supermercado,
TX-001201,CUST-E0005,ACC-E0005A,"Mar 06, 2024",$32.66,Euros,Uber,,transporte
TX-002578,cust-e0030,  ACC-E0030B ,2024-02-28,30.07, usd ,tienda online xyz,compra online,compras
TX-004175,CUST-E0017,ACC-E0017A,08/01/2024,119.00,Usd,Empresa de Luz,factura luz,servicios
TX-003836,  CUST-E0002 ,  ACC-E0002A ,15/02/2024,24.19,Usd,Internet Hogar,factura internet,servicios
TX-002304,CUST-E0040,ACC-E0040B,"Jan 19, 2024",63.33,Dólares,Restaurante El Fogon,almuerzo restaurante,
TX-003602,CUST-E0009,ACC-E0009A,2024-01-05,19.65,USD,Netflix,suscripcion mensual netflix,suscripciones
TX-000786,cust-e0031,ACC-E0031A,"Mar 14, 2024",46.57,US$,Internet Hogar,,servicios
TX-002042,CUST-E0018,ACC-E0018A,2024-02-13,$352.91,USD,Uber,viaje uber,transporte
TX-000599,CUST-E0001,ACC-E0001A,"Mar 17, 2024",69.05,Usd,  Inmobiliaria Norte ,renta apartamento,vivienda
TX-002200,  CUST-E0010 ,  ACC-E0010A ,06/02/2024,$58.95,US$,Netflix,suscripcion mensual netflix,suscripciones
TX-002500,CUST-E0020,ACC-E0020B,07/01/2024,,usd,Inmobiliaria Norte,renta apartamento,
TX-001961,CUST-E0037,ACC-E0037A,2024-03-24,122.85,Dólares,Supermercado Central,compra semanal supermercado,alimentacion
TX-001622,CUST-E0003,ACC-E0003A,"Feb 06, 2024",23.09,Usd,Spotify,suscripcion spotify,
TX-003072,CUST-E0018,ACC-E0018A,2024-02-19,194.41, usd ,Restaurante El Fogon,almuerzo restaurante,alimentacion
TX-002934,CUST-E0004,ACC-E0004A,"Mar 01, 2024",34.44, usd ,Restaurante El Fogon,almuerzo restaurante,alimentacion
TX-003806,CUST-E0011,acc-e0011a,27/01/2024,19.80,usd,Spotify,suscripcion spotify,
TX-003491,CUST-E0016,ACC-E0016A,"Jan 06, 2024",$304.04,USD,Farmacia Salud,medicinas,salud
TX-003312,cust-e0038,ACC-E0038A,26/02/2024,39.94,,Spotify,suscripcion spotify,suscripciones
TX-002531,CUST-E0035,ACC-E0035B,14/01/2024,$118.37,eur,INTERNET HOGAR,factura internet,servicios
TX-000726,CUST-E0029,ACC-E0029A,2024-03-24,48.98,USD,Supermercado Central,compra semanal supermercado,alimentacion
TX-002846,CUST-E0004,ACC-E0004A,"Jan 10, 2024",$68.43, usd ,Spotify,suscripcion spotify,suscripciones
TX-000985,CUST-E0008,ACC-E0008A,"Mar 04, 2024",216.46, usd ,Tienda Online XYZ,compra online,
TX-002917,CUST-E0016,ACC-E0016A,30/03/2024,355.07,US$,Uber,viaje uber,transporte
TX-000739,CUST-E0005,ACC-E0005A,"Jan 26, 2024",$206.05,eur,Uber,viaje uber,transporte
TX-000181,CUST-E0017,ACC-E0017A,19/02/2024,163.70,Usd,Spotify,suscripcion spotify,suscripciones
TX-003044,CUST-E0029,ACC-E0029A,"Jan 17, 2024",$287.52,Usd,Farmacia Salud,,salud
TX-002623,CUST-E0022,ACC-E0022A,17/02/2024,$309.20,usd,  Netflix ,suscripcion mensual netflix,
TX-001836,CUST-E0006,ACC-E0006A,29/02/2024,$208.27,Usd,Empresa de Luz,factura luz,servicios
TX-000957,CUST-E0020,ACC-E0020A,03/01/2024,$323.08,USD,Supermercado Central,compra semanal supermercado,alimentacion
TX-002809,CUST-E0030,ACC-E0030B,23/02/2024,$58.88,usd,Restaurante El Fogon,almuerzo restaurante,alimentacion
TX-002542,CUST-E0006,ACC-E0006A,13/01/2024,$52.54, usd ,uber,viaje uber,transporte
TX-003889,CUST-E0037,ACC-E0037A,"Feb 06, 2024",$77.42,Usd,Uber,viaje uber,transporte
TX-001265,CUST-E0020,ACC-E0020A,2024-01-06,$108.77,USD,UBER,viaje uber,
TX-003538,CUST-E0040,  ACC-E0040A ,03/03/2024,$70.09, usd ,N/A,,salud
TX-003351,CUST-E0001,ACC-E0001A,2024-01-28,195.19,Dólares,Netflix,suscripcion mensual netflix,suscripciones
TX-001109,CUST-E0040,ACC-E0040B,2024-03-02,127.73,usd,Restaurante El Fogon,,alimentacion
TX-000329,  CUST-E0011 ,ACC-E0011A,09/01/2024,25.40, usd ,FARMACIA SALUD,medicinas,salud
TX-003093,CUST-E0018,ACC-E0018A,"Mar 25, 2024",127.08,US$,  Supermercado Central ,compra semanal supermercado,
TX-000346,CUST-E0010,ACC-E0010A,15/02/2024,27.06,US$,Estacion Gasolina Sol,,transporte
TX-000520,CUST-E0009,  ACC-E0009A ,10/02/2024,17.71,Dólares,uber,viaje uber,
TX-001760,CUST-E0019,ACC-E0019A,2024-02-07,$84.74,Pesos,Netflix,suscripcion mensual netflix,suscripciones
TX-003449,CUST-E0015,ACC-E0015A,2024-01-10,59.00,COP,Spotify,suscripcion spotify,suscripciones
TX-001792,CUST-E0025,ACC-E0025A,31/01/2024,"5,000,000.00",Usd,,compra online,compras
TX-001511,CUST-E0030,ACC-E0030B,28/03/2024,14.90, usd ,Inmobiliaria Norte,renta apartamento,
TX-001691,CUST-E0018,ACC-E0018A,02/02/2024,75.05,USD,Netflix,suscripcion mensual netflix,suscripciones
TX-001966,CUST-E0020,ACC-E0020B,"Jan 08, 2024",68.02,Dólares,Spotify,suscripcion spotify,suscripciones
TX-003417,  CUST-E0035 ,  ACC-E0035B ,2024-03-19,$124.45,eur,  Restaurante El Fogon ,almuerzo restaurante,
TX-001695,CUST-E0023,ACC-E0023A,2024-01-08,77.61,Usd,Restaurante El Fogon,,
TX-003106,CUST-E0011,  ACC-E0011A ,"Feb 05, 2024",$19.71,Usd,  Internet Hogar ,factura internet,
TX-004229,cust-e0009,ACC-E0009A,2024-02-09,36.72, usd ,Estacion Gasolina Sol,,transporte
TX-001003,,ACC-E0012A,18/02/2024,$28.89,US$,Tienda Online XYZ,compra online,compras
TX-001785,CUST-E0012,ACC-E0012A,"Mar 07, 2024",62.78,Dólares,SPOTIFY,suscripcion spotify,suscripciones
TX-001965,CUST-E0028,ACC-E0028A,"Mar 03, 2024",43.27,Dólares,Spotify,suscripcion spotify,suscripciones
TX-001828,CUST-E0031,ACC-E0031A,2024-02-10,$41.92,usd,Estacion Gasolina Sol,gasolina,transporte
TX-001458,CUST-E0009,ACC-E0009A,20/03/2024,17.24, usd ,Supermercado Central,,alimentacion
TX-003521,CUST-E0010,ACC-E0010B,05/01/2024,21.49,USD,,compra semanal supermercado,alimentacion
TX-000363,CUST-E0011,ACC-E0011A,27/03/2024,$11.76, usd ,Uber,viaje uber,transporte
TX-001864,CUST-E0023,ACC-E0023A,12/01/2024,$201.88,Usd,Empresa de Luz,factura luz,servicios
TX-000256,CUST-E0023,ACC-E0023A,06/01/2024,102.69, usd ,Farmacia Salud,medicinas,
TX-003580,CUST-E0032,ACC-E0032A,29/01/2024,228.84,Dólares,  Spotify ,suscripcion spotify,suscripciones
TX-001148,cust-e0028,ACC-E0028A,"Jan 04, 2024",91.24,US$,Spotify,suscripcion spotify,
TX-000193,CUST-E0005,ACC-E0005B,"Mar 13, 2024",$98.30,Euros,Tienda Online XYZ,compra online,compras
TX-003394,CUST-E0025,ACC-E0025A,31/02/2024,$23.37, usd ,Inmobiliaria Norte,renta apartamento,vivienda
TX-000628,CUST-E0021,ACC-E0021A,2024-02-27,25.55,USD,Uber,viaje uber,transporte
TX-000265,cust-e0018,ACC-E0018A,2024-02-14,134.70,usd,Inmobiliaria Norte,renta apartamento,vivienda
TX-002941,CUST-E0030,ACC-E0030B,2024-02-29,$38.83,usd,Inmobiliaria Norte,renta apartamento,
TX-001390,CUST-E0027,ACC-E0027A,"Mar 23, 2024",13.43,Pesos,Supermercado Central,compra semanal supermercado,alimentacion
TX-003032,CUST-E0015,  ACC-E0015A ,12/03/2024,60.50,COP,N/A,,salud
TX-004170,CUST-E0007,ACC-E0007A,2024-02-07,$58.93,usd,Inmobiliaria Norte,renta apartamento,vivienda
TX-000914,CUST-E0021,ACC-E0021A,12/03/2024,7.14,US$,Netflix,suscripcion mensual netflix,suscripciones
TX-000142,CUST-E0008,  ACC-E0008A ,16/03/2024,$100.83,??,Supermercado Central,compra semanal supermercado,alimentacion
TX-003938,CUST-E0033,ACC-E0033A,"Jan 02, 2024",28.44,cop,Internet Hogar,factura internet,servicios
TX-002739,CUST-E0016,ACC-E0016A,"Feb 05, 2024",$137.46,USD,Spotify,suscripcion spotify,suscripciones
TX-003519,CUST-E0032,ACC-E0032A,2024-01-21,243.40,USD,Internet Hogar,factura internet,servicios
TX-003271,CUST-E0036,ACC-E0036A,2024-01-23,29.81, usd ,Uber,viaje uber,transporte
TX-001193,CUST-E0027,ACC-E0027A,04/02/2024,48.12,Pesos,Tienda Online XYZ,compra online,compras
TX-002683,CUST-E0011,acc-e0011a,"Jan 15, 2024",22.30,USD,Uber,viaje uber,
TX-002732,CUST-E0023,ACC-E0023A,2024-03-05,127.05, usd ,Inmobiliaria Norte,renta apartamento,vivienda
TX-003250,CUST-E0020,ACC-E0020A,"Feb 03, 2024",531.28,US$,Netflix,suscripcion mensual netflix,
TX-001311,CUST-E0034,ACC-E0034A,"Mar 01, 2024",242.24,usd,SUPERMERCADO CENTRAL,compra semanal supermercado,
TX-000205,CUST-E0040,ACC-E0040A,02/01/2024,293.50,Dólares,ESTACION GASOLINA SOL,gasolina,transporte
TX-004076,CUST-E0019,ACC-E0019A,2024-01-18,42.50,cop,Spotify,suscripcion spotify,suscripciones
TX-002506,CUST-E0009,  ACC-E0009A ,"Mar 17, 2024",26.51,Usd,Internet Hogar,factura internet,servicios
TX-000836,CUST-E0034,ACC-E0034A,2024-02-06,$117.03,Usd,Spotify,suscripcion spotify,
TX-002047,CUST-E0036,ACC-E0036A,2024-01-20,36.84,usd,Tienda Online XYZ,compra online,compras
TX-001571,CUST-E0024,ACC-E0024A,2024-02-03,125.09,Dólares,Estacion Gasolina Sol,,transporte
TX-004116,CUST-E0010,ACC-E0010A,2024-01-01,$37.45,USD,Uber,viaje uber,transporte
TX-001195,CUST-E0016,ACC-E0016A,2024-01-31,117.99, usd ,Estacion Gasolina Sol,gasolina,transporte
TX-000872,CUST-E0001,ACC-E0001A,2024-01-12,27.73,Usd,Supermercado Central,compra semanal supermercado,alimentacion
TX-003082,  CUST-E0030 ,ACC-E0030B,"Jan 20, 2024",9.18,USD,inmobiliaria norte,renta apartamento,vivienda
TX-003463,CUST-E0001,ACC-E0001A,30/01/2024,$29.21,USD,RESTAURANTE EL FOGON,almuerzo restaurante,alimentacion
TX-003535,CUST-E0009,ACC-E0009A,"Mar 25, 2024",$16.92, usd ,Netflix,suscripcion mensual netflix,suscripciones
TX-002078,CUST-E0037,ACC-E0037A,"Mar 18, 2024",213.03, usd ,  Supermercado Central ,compra semanal supermercado,
TX-003553,CUST-E0001,ACC-E0001A,21/03/2024,$89.58,Dólares,Restaurante El Fogon,almuerzo restaurante,alimentacion
TX-002202,CUST-E0030,ACC-E0030B,"Jan 17, 2024",$28.98,Dólares,Farmacia Salud,medicinas,salud
TX-004063,CUST-E0001,ACC-E0001A,22/02/2024,$80.94,Usd,Empresa de Luz,factura luz,
TX-001949,CUST-E0012,ACC-E0012A,07/03/2024,100.79,Dólares,Supermercado Central,compra semanal supermercado,alimentacion
TX-001213,CUST-E0014,ACC-E0014A,"Feb 02, 2024",$45.96,,Spotify,suscripcion spotify,suscripciones
TX-000114,CUST-E0021,  ACC-E0021A ,2024-03-23,$15.30,Usd,Inmobiliaria Norte,renta apartamento,
TX-002166,CUST-E0007,ACC-E0007A,"Mar 18, 2024",62.11,USD,,factura luz,servicios
TX-002469,CUST-E0002,ACC-E0002A,"Feb 06, 2024",10.43,usd,Inmobiliaria Norte,renta apartamento,vivienda
TX-001607,CUST-E0020,ACC-E0020A,15/03/2024,12..5,US$,Uber,viaje uber,transporte
TX-000801,CUST-E0029,ACC-E0029A,13/03/2024,$198.66,Dólares,Empresa de Luz,factura luz,
TX-002186,CUST-E0029,ACC-E0029A,26/03/2024,289.81,usd,  Inmobiliaria Norte ,renta apartamento,vivienda
TX-001552,CUST-E0017,ACC-E0017A,"Jan 06, 2024",$264.85,Usd,  Inmobiliaria Norte ,renta apartamento,vivienda
TX-000998,CUST-E0012,ACC-E0012A,2024-03-24,28.18,Dólares,INTERNET HOGAR,factura internet,
TX-000923,CUST-E0021,ACC-E0021A,2024-02-18,43.86,Usd,Empresa de Luz,factura luz,servicios
TX-000811,  CUST-E0006 ,ACC-E0006A,2024-02-10,$546.87,USD,Uber,viaje uber,transporte
TX-001216,CUST-E0004,ACC-E0004A,21/03/2024,$51.29,Dólares,Inmobiliaria Norte,renta apartamento,vivienda
TX-003371,CUST-E0029,ACC-E0029A,"Mar 03, 2024",550.18,Usd,Supermercado Central,compra semanal supermercado,alimentacion
TX-003095,CUST-E0018,ACC-E0018A,2024-01-09,299.97, usd ,Empresa de Luz,factura luz,servicios
TX-001477,cust-e0026,ACC-E0026A,15/02/2024,$51.95,Dólares,Inmobiliaria Norte,renta apartamento,vivienda
TX-004081,CUST-E0025,ACC-E0025A,2024-02-07,$27.10, usd ,Tienda Online XYZ,,compras
TX-002736,CUST-E0007,ACC-E0007A,12/01/2024,18.41, usd ,Inmobiliaria Norte,renta apartamento,vivienda
TX-000183,  CUST-E0001 ,acc-e0001a,2024-02-15,$3111.74,USD,Inmobiliaria Norte,renta apartamento,vivienda
TX-002107,CUST-E0031,ACC-E0031A,2024-03-19,$36.74,Usd,Inmobiliaria Norte,renta apartamento,vivienda
TX-003793,CUST-E0020,ACC-E0020A,2024-02-20,$137.79,,Tienda Online XYZ,,compras
TX-003726,CUST-E0030,ACC-E0030A,2024-03-17,8000000,USD,Restaurante El Fogon,almuerzo restaurante,alimentacion
TX-002453,CUST-E0014,ACC-E0014A,26/02/2024,39.83,US$,Spotify,suscripcion spotify,suscripciones
TX-001599,CUST-E0028,ACC-E0028A,03/01/2024,216.68,Dólares,Internet Hogar,factura internet,
TX-000395,CUST-E0018,ACC-E0018A,2024-02-01,$162.81,US$,Estacion Gasolina Sol,gasolina,
TX-000728,CUST-E0039,ACC-E0039A,05/01/2024,80.06,Dólares,Spotify,suscripcion spotify,
TX-001685,CUST-E0009,  ACC-E0009A ,22/01/2024,$15.80,US$,Tienda Online XYZ,compra online,
TX-001762,  CUST-E0006 ,ACC-E0006A,"Mar 01, 2024",$79.94,Usd,netflix,suscripcion mensual netflix,suscripciones
TX-002922,CUST-E0008,  ACC-E0008A ,2024-01-14,$49.58,Dólares,Estacion Gasolina Sol,gasolina,
TX-000555,CUST-E0027,ACC-E0027A,"Jan 16, 2024",30.75,COP,Spotify,,suscripciones
TX-002212,CUST-E0036,ACC-E0036A,24/03/2024,$14.26,usd,Spotify,suscripcion spotify,suscripciones
TX-001490,CUST-E0015,ACC-E0015A,2024-01-07,103.85,COP,Restaurante El Fogon,almuerzo restaurante,alimentacion
TX-001926,CUST-E0007,ACC-E0007A,2024-03-09,110.26, usd ,Uber,viaje uber,transporte
TX-003559,CUST-E0039,  ACC-E0039A ,"Jan 15, 2024",25.93,USD,Uber,,transporte
TX-002640,CUST-E0018,ACC-E0018A,2024-01-15,$505.02, usd ,Estacion Gasolina Sol,gasolina,transporte
TX-001623,CUST-E0004,ACC-E0004A,"Jan 14, 2024",$26.06,Dólares,Spotify,suscripcion spotify,suscripciones
TX-002582,cust-e0023,  ACC-E0023A ,2024-01-09,192.76,US$,Farmacia Salud,medicinas,salud
TX-003528,CUST-E0003,ACC-E0003A,18/01/2024,55.41,USD,tienda online xyz,compra online,compras
TX-002947,CUST-E0011,ACC-E0011A,"Mar 06, 2024",33.31,USD,SUPERMERCADO CENTRAL,compra semanal supermercado,
TX-003308,cust-e0011,ACC-E0011A,2024-02-24,54.01,Usd,Internet Hogar,factura internet,servicios
TX-002708,CUST-E0012,ACC-E0012A,2024-02-05,$183.45,US$,Restaurante El Fogon,almuerzo restaurante,
TX-004046,CUST-E0013,ACC-E0013A,"Feb 06, 2024",$53.98, usd ,Internet Hogar,,servicios
TX-003497,CUST-E0036,acc-e0036a,"Jan 11, 2024",24.73,Usd,Empresa de Luz,factura luz,
TX-002969,CUST-E0010,ACC-E0010A,"Jan 16, 2024",16.51, usd ,Supermercado Central,compra semanal supermercado,
TX-002547,CUST-E0014,ACC-E0014A,26/03/2024,$40.80,usd,Internet Hogar,factura internet,servicios
TX-001389,CUST-E0015,ACC-E0015A,12/02/2024,$30.01,Pesos,Internet Hogar,factura internet,servicios
TX-000766,cust-e0031,ACC-E0031A,,$136.06,usd,Supermercado Central,compra semanal supermercado,alimentacion
TX-001990,CUST-E0029,ACC-E0029A,2024-01-01,364.13,usd,Inmobiliaria Norte,renta apartamento,vivienda
TX-001519,CUST-E0028,ACC-E0028A,"Feb 24, 2024",132.05,US$,Farmacia Salud,medicinas,salud
TX-000592,CUST-E0021,ACC-E0021A,07/02/2024,16.48,usd,Internet Hogar,factura internet,servicios
TX-001419,CUST-E0038,ACC-E0038A,20/02/2024,21.69,US$,Uber,viaje uber,transporte
TX-002905,  CUST-E0023 ,ACC-E0023A,"Jan 14, 2024",285.99, usd ,Farmacia Salud,medicinas,
TX-001292,CUST-E0029,ACC-E0029A,2024-01-24,293.49,usd,Spotify,suscripcion spotify,suscripciones
TX-002895,CUST-E0035,acc-e0035b,2024-03-20,357.32,EUR,  Farmacia Salud ,medicinas,salud
TX-001445,CUST-E0005,acc-e0005b,2024-03-05,40.08,EUR,Netflix,suscripcion mensual netflix,suscripciones
TX-003907,CUST-E0038,ACC-E0038A,"Jan 03, 2024",884.42,US$,RESTAURANTE EL FOGON,almuerzo restaurante,
TX-000646,CUST-E0025,acc-e0025a,"Mar 04, 2024",14.70,Usd,Restaurante El Fogon,almuerzo restaurante,
TX-001000,CUST-E0029,ACC-E0029A,,$84.89,US$,,compra semanal supermercado,alimentacion
TX-004197,CUST-E0036,ACC-E0036A,"Mar 20, 2024",$40.45,USD,Internet Hogar,factura internet,servicios
TX-003812,CUST-E0039,ACC-E0039A,10/01/2024,$97.69,USD,Restaurante El Fogon,almuerzo restaurante,alimentacion
TX-002726,cust-e0012,ACC-E0012A,2024-02-14,, usd ,Internet Hogar,factura internet,servicios
TX-003344,CUST-E0032,ACC-E0032A,"Jan 28, 2024",89.05,Dólares,,medicinas,salud
TX-002283,CUST-E0033,ACC-E0033A,20/03/2024,9.52,COP,Restaurante El Fogon,,alimentacion
TX-003526,  CUST-E0009 ,ACC-E0009A,"Feb 18, 2024",12.95,US$,Inmobiliaria Norte,renta apartamento,vivienda
TX-001497,CUST-E0019,ACC-E0019A,"Mar 13, 2024",138.35,cop,Spotify,suscripcion spotify,suscripciones
TX-003740,CUST-E0033,ACC-E0033A,2024-03-19,57.89,cop,Inmobiliaria Norte,renta apartamento,vivienda
TX-003225,CUST-E0010,ACC-E0010B,"Mar 30, 2024",54.67,Usd,Empresa de Luz,factura luz,
TX-003763,cust-e0006,ACC-E0006A,2024-03-18,$56.14,Dólares,Netflix,suscripcion mensual netflix,suscripciones
TX-004188,CUST-E0033,acc-e0033a,2024-13-45,$8.39,Pesos,farmacia salud,medicinas,salud
TX-002384,CUST-E0029,ACC-E0029A,"Mar 11, 2024",$407.05,US$,,compra online,
TX-004072,CUST-E0037,ACC-E0037A,"Feb 12, 2024",$86.28,USD,Estacion Gasolina Sol,gasolina,transporte
TX-003771,CUST-E0029,ACC-E0029A,"Jan 15, 2024",150.11,Dólares,Restaurante El Fogon,almuerzo restaurante,alimentacion
TX-002427,CUST-E0034,ACC-E0034A,2024-01-26,$93.74,??,  Internet Hogar ,factura internet,
TX-001219,CUST-E0003,ACC-E0003A,"Jan 04, 2024",17.88,Usd,Estacion Gasolina Sol,gasolina,transporte
TX-001597,CUST-E0007,  ACC-E0007A ,2024-01-15,$76.72,usd,  Farmacia Salud ,medicinas,salud
TX-000259,CUST-E0013,ACC-E0013A,"Jan 01, 2024",36.68,USD,Netflix,suscripcion mensual netflix,suscripciones
TX-002147,CUST-E0031,ACC-E0031A,"Mar 26, 2024",169.92,US$,N/A,factura luz,servicios
TX-003136,CUST-E0036,ACC-E0036A,"Jan 18, 2024",75.43,Dólares,  Tienda Online XYZ ,compra online,compras
TX-002515,CUST-E0018,ACC-E0018A,13/01/2024,91.01, usd ,Tienda Online XYZ,compra online,
TX-000297,CUST-E0017,ACC-E0017A,"Feb 06, 2024",61.02,Usd,,factura luz,servicios
TX-003555,CUST-E0025,ACC-E0025A,23/03/2024,56.59,Dólares,Inmobiliaria Norte,renta apartamento,vivienda
TX-003589,CUST-E0020,ACC-E0020B,"Feb 12, 2024",134.15,US$,Spotify,suscripcion spotify,suscripciones
TX-000822,CUST-E0006,ACC-E0006A,"Mar 02, 2024",$125.14,US$,Empresa de Luz,factura luz,
TX-001614,CUST-E0003,ACC-E0003A,10/01/2024,19.35,USD,Estacion Gasolina Sol,gasolina,transporte
TX-000654,CUST-E0009,ACC-E0009A,2024-01-08,$40.50,USD,Tienda Online XYZ,compra online,
TX-001631,CUST-E0029,ACC-E0029A,"Jan 08, 2024",$71.42,Usd,EMPRESA DE LUZ,factura luz,
TX-000207,  CUST-E0020 ,ACC-E0020A,15/01/2024,193.02,Usd,Inmobiliaria Norte,renta apartamento,vivienda
TX-002657,CUST-E0020,ACC-E0020B,"Jan 30, 2024",$182.99,US$,Internet Hogar,factura internet,servicios
TX-000774,CUST-E0034,ACC-E0034A,23/03/2024,90.53,Dólares,Restaurante El Fogon,almuerzo restaurante,alimentacion
TX-001934,CUST-E0008,ACC-E0008A,2024-01-18,47.05,USD,UBER,viaje uber,transporte
TX-001627,CUST-E0022,ACC-E0022A,05/02/2024,105.71,usd,,compra online,
TX-003307,CUST-E0033,ACC-E0033A,16/01/2024,$44.93,,Internet Hogar,factura internet,servicios
TX-002053,cust-e0013,ACC-E0013A,"Jan 19, 2024",$40.16,US$,  Inmobiliaria Norte ,renta apartamento,vivienda
TX-001743,CUST-E0007,ACC-E0007A,"Feb 07, 2024",85.90, usd ,  Empresa de Luz ,factura luz,servicios
TX-004250,CUST-E0005,acc-e0005a,23/01/2024,49.81,eur,Restaurante El Fogon,almuerzo restaurante,alimentacion
TX-003955,CUST-E0031,ACC-E0031A,2024-02-03,87.84,Usd,Farmacia Salud,medicinas,salud
TX-000300,CUST-E0015,ACC-E0015B,"Jan 31, 2024",55.27,COP,Empresa de Luz,,servicios
TX-003387,CUST-E0004,ACC-E0004A,09/03/2024,$15.92, usd ,Uber,viaje uber,
TX-001749,CUST-E0001,ACC-E0001A,2024-03-15,$49.27,USD,Tienda Online XYZ,compra online,compras
TX-002647,CUST-E0031,acc-e0031a,02/01/2024,61.64,USD,Restaurante El Fogon,almuerzo restaurante,alimentacion
TX-003899,CUST-E0034,acc-e0034a,"Feb 20, 2024",70.46, usd ,Supermercado Central,,alimentacion
TX-000952,CUST-E0028,ACC-E0028A,2024-03-06,152.83,USD,Uber,,
TX-001915,CUST-E0002,ACC-E0002A,"Mar 02, 2024",$1090.52,US$,Spotify,suscripcion spotify,suscripciones
TX-002674,CUST-E0029,ACC-E0029A,08/02/2024,-153.63,usd,SPOTIFY,suscripcion spotify,suscripciones
TX-001280,CUST-E0010,ACC-E0010A,2024-02-05,11.39,Usd,Inmobiliaria Norte,renta apartamento,vivienda
TX-003697,CUST-E0027,ACC-E0027A,2024-01-26,666.04,cop,Estacion Gasolina Sol,gasolina,transporte
TX-000383,CUST-E0017,ACC-E0017A,"Jan 19, 2024",$49.17,Dólares,  Supermercado Central ,compra semanal supermercado,alimentacion
TX-001231,cust-e0009,ACC-E0009A,2024-03-18,25.42,usd,Netflix,suscripcion mensual netflix,
TX-000366,CUST-E0023,acc-e0023a,"Mar 21, 2024",$101.34,Dólares,Internet Hogar,factura internet,servicios
TX-003613,CUST-E0001,ACC-E0001A,"Feb 26, 2024",$86.55,Dólares,Uber,,transporte
TX-000397,CUST-E0014,acc-e0014a,"Mar 05, 2024",77.49, usd ,EMPRESA DE LUZ,factura luz,
TX-001738,CUST-E0015,ACC-E0015A,2024-02-21,80.04,Pesos,Empresa de Luz,factura luz,servicios
TX-002495,CUST-E0026,acc-e0026a,"Mar 25, 2024",80.02,US$,Empresa de Luz,factura luz,servicios
TX-002024,CUST-E0025,ACC-E0025A,"Feb 17, 2024",$98.09,USD,Estacion Gasolina Sol,gasolina,transporte
TX-003327,CUST-E0001,acc-e0001a,05/03/2024,125.84,usd,,compra semanal supermercado,alimentacion
TX-002624,CUST-E0031,ACC-E0031A,2024-03-30,40.96, usd ,Restaurante El Fogon,almuerzo restaurante,alimentacion
TX-003669,CUST-E0022,ACC-E0022A,2024-02-15,152.46,USD,Empresa de Luz,factura luz,servicios
TX-000312,cust-e0037,ACC-E0037A,12/01/2024,$71.54,usd,Restaurante El Fogon,almuerzo restaurante,alimentacion
TX-003708,CUST-E0039,ACC-E0039A,06/03/2024,110.82,Dólares,Farmacia Salud,medicinas,salud
TX-002757,CUST-E0029,ACC-E0029A,2024-01-31,322.85,US$,  Spotify ,,suscripciones
TX-001979,CUST-E0006,ACC-E0006A,09/01/2024,224.66,usd,RESTAURANTE EL FOGON,almuerzo restaurante,alimentacion
TX-003530,CUST-E0030,ACC-E0030A,25/01/2024,18.70, usd ,Supermercado Central,compra semanal supermercado,alimentacion
TX-001500,cust-e0023,ACC-E0023A,"Jan 20, 2024",311.62,,Netflix,suscripcion mensual netflix,suscripciones
TX-004192,CUST-E0013,ACC-E0013A,"Jan 20, 2024",19.66,USD,Empresa de Luz,factura luz,servicios
TX-004257,CUST-E0033,ACC-E0033A,2024-01-13,$59.24,Pesos,Estacion Gasolina Sol,,transporte
TX-001818,CUST-E0022,ACC-E0022A,20/01/2024,$108.45,,Farmacia Salud,medicinas,
TX-003865,  CUST-E0001 ,acc-e0001a,"Mar 14, 2024",$42.51,Dólares,Netflix,suscripcion mensual netflix,suscripciones
TX-000097,CUST-E0022,ACC-E0022A,27/02/2024,$162.18, usd ,Netflix,suscripcion mensual netflix,suscripciones
TX-001598,CUST-E0030,ACC-E0030A,"Mar 24, 2024",15.88,Dólares,Supermercado Central,compra semanal supermercado,alimentacion
TX-004215,CUST-E0029,  ACC-E0029A ,2024-01-01,533.02,USD,Netflix,suscripcion mensual netflix,suscripciones
TX-001414,CUST-E0028,ACC-E0028A,28/02/2024,$288.69,Usd,Netflix,suscripcion mensual netflix,suscripciones
TX-001205,CUST-E0024,ACC-E0024A,"Feb 12, 2024",229.95,usd,Estacion Gasolina Sol,gasolina,transporte
TX-003166,CUST-E0010,ACC-E0010B,2024-03-16,$33.85,US$,Tienda Online XYZ,compra online,compras
TX-004167,CUST-E0012,ACC-E0012A,"Feb 11, 2024",74.82,Dólares,Farmacia Salud,medicinas,salud
TX-001088,CUST-E0003,ACC-E0003A,29/01/2024,23.66,US$,Farmacia Salud,medicinas,
TX-002497,cust-e0007,ACC-E0007A,"Mar 28, 2024",28.37,Usd,Estacion Gasolina Sol,gasolina,transporte
TX-002825,CUST-E0029,ACC-E0029A,2024-01-16,103.61,USD,Farmacia Salud,medicinas,salud
TX-000980,CUST-E0006,ACC-E0006A,21/03/2024,120.90,Usd,Spotify,suscripcion spotify,
TX-002159,CUST-E0022,ACC-E0022A,28/01/2024,482.04,USD,Restaurante El Fogon,almuerzo restaurante,alimentacion
TX-003574,CUST-E0020,ACC-E0020B,"Jan 20, 2024",134.79,Usd,Empresa de Luz,factura luz,servicios
TX-003211,CUST-E0023,ACC-E0023A,06/02/2024,8000000,Dólares,Farmacia Salud,medicinas,salud
TX-003809,CUST-E0028,ACC-E0028A,"Mar 09, 2024",$60.16,Dólares,Empresa de Luz,factura luz,servicios
TX-001169,CUST-E0027,ACC-E0027A,"Jan 30, 2024",$51.94,Pesos,  Supermercado Central ,compra semanal supermercado,
TX-002912,CUST-E0002,  ACC-E0002A ,12/01/2024,18.28,Dólares,Empresa de Luz,factura luz,servicios
TX-002859,CUST-E0037,ACC-E0037A,04/02/2024,104.92,usd,Spotify,suscripcion spotify,suscripciones
TX-002822,CUST-E0010,ACC-E0010B,19/03/2024,$9.34,Usd,Empresa de Luz,factura luz,servicios
TX-002153,cust-e0029,ACC-E0029A,"Mar 12, 2024",166.77,Usd,Supermercado Central,,alimentacion
TX-002241,CUST-E0009,  ACC-E0009A ,14/01/2024,28.89, usd ,Empresa de Luz,factura luz,servicios
TX-000477,CUST-E0008,ACC-E0008A,27/01/2024,199.29,Dólares,Farmacia Salud,,salud
TX-004103,CUST-E0033,ACC-E0033A,"Mar 10, 2024",88.08,COP,Tienda Online XYZ,compra online,compras
TX-003339,CUST-E0020,ACC-E0020B,"Mar 24, 2024",94.48,Usd,ESTACION GASOLINA SOL,gasolina,transporte
TX-002356,  CUST-E0040 ,ACC-E0040B,"Jan 16, 2024",93.97,usd,Estacion Gasolina Sol,,transporte
TX-001379,CUST-E0007,ACC-E0007A,2024-02-05,37.08,Usd,SUPERMERCADO CENTRAL,compra semanal supermercado,alimentacion
TX-003508,  CUST-E0034 ,ACC-E0034A,"Jan 05, 2024",218.94, usd ,Spotify,suscripcion spotify,
TX-003224,cust-e0017,ACC-E0017A,"Jan 06, 2024",$141.42,USD,Supermercado Central,,
TX-002768,CUST-E0012,ACC-E0012A,2024-03-15,41.47, usd ,Uber,viaje uber,transporte
TX-002752,CUST-E0034,ACC-E0034A,28/03/2024,359.60,Dólares,Supermercado Central,compra semanal supermercado,alimentacion
TX-000058,CUST-E0008,ACC-E0008A,"Feb 08, 2024",78.85,USD,Uber,viaje uber,transporte
TX-003485,CUST-E0014,ACC-E0014A,16/01/2024,46.26,Dólares,Estacion Gasolina Sol,gasolina,transporte
TX-002633,CUST-E0037,ACC-E0037A,20/01/2024,62.19,usd,Supermercado Central,,alimentacion
TX-000715,CUST-E0024,acc-e0024a,"Feb 10, 2024",143.22,usd,INMOBILIARIA NORTE,renta apartamento,vivienda
TX-001984,CUST-E0035,acc-e0035a,14/03/2024,104.35,EUR,,suscripcion mensual netflix,suscripciones
TX-001518,CUST-E0011,ACC-E0011A,2024-01-26,4.70,Usd,internet hogar,factura internet,servicios
TX-003005,CUST-E0012,ACC-E0012A,"Mar 02, 2024",67.91,usd,Restaurante El Fogon,almuerzo restaurante,alimentacion
TX-001168,CUST-E0014,ACC-E0014A,2024-03-26,$104.41,usd,Spotify,,suscripciones
TX-002062,CUST-E0002,ACC-E0002A,"Jan 08, 2024",12.28,Usd,Restaurante El Fogon,,alimentacion
TX-000374,CUST-E0040,ACC-E0040A,2024-01-06,163.79,USD,Empresa de Luz,factura luz,servicios
TX-001114,CUST-E0014,ACC-E0014A,30/03/2024,55.77, usd ,  Uber ,viaje uber,
TX-001198,cust-e0037,ACC-E0037A,05/01/2024,299.24,Usd,EMPRESA DE LUZ,factura luz,servicios
TX-001144,,  ACC-E0034A ,2024-02-07,150.13,usd,Spotify,suscripcion spotify,suscripciones
TX-002806,CUST-E0007,ACC-E0007A,2024-02-15,85.39,,Estacion Gasolina Sol,gasolina,transporte
TX-000194,CUST-E0006,ACC-E0006A,02/01/2024,234.63,usd,Empresa de Luz,factura luz,servicios
TX-000248,CUST-E0033,ACC-E0033A,"Mar 10, 2024",$34.30,Pesos,Uber,viaje uber,transporte
TX-000685,CUST-E0007,ACC-E0007A,2024-02-16,$96.11,usd,Netflix,,suscripciones
TX-003949,,ACC-E0024A,"Feb 25, 2024",71.70,USD,Tienda Online XYZ,,
TX-003218,CUST-E0012,acc-e0012a,2024-03-13,71.44,Usd,  Netflix ,suscripcion mensual netflix,suscripciones
TX-000965,CUST-E0004,ACC-E0004A,22/01/2024,21.96,usd,Netflix,suscripcion mensual netflix,suscripciones
TX-001572,CUST-E0031,ACC-E0031A,22/03/2024,$97.16,USD,Tienda Online XYZ,compra online,compras
TX-003588,CUST-E0006,ACC-E0006A,"Jan 05, 2024",$236.39,usd,Farmacia Salud,medicinas,
TX-002690,CUST-E0038,ACC-E0038A,20/02/2024,$16.70,US$,Uber,viaje uber,transporte,extra,columnas
TX-002373,CUST-E0027,ACC-E0027A,2024-02-25,$50.90,Pesos,Inmobiliaria Norte,renta apartamento,vivienda
TX-004073,CUST-E0009,  ACC-E0009A ,11/03/2024,$9.00,Dólares,  Estacion Gasolina Sol ,gasolina,transporte
TX-001153,CUST-E0027,ACC-E0027A,"Jan 09, 2024",29.06,COP,Supermercado Central,compra semanal supermercado,alimentacion
TX-003663,CUST-E0038,ACC-E0038A,2024-01-09,$27.62, usd ,Restaurante El Fogon,almuerzo restaurante,alimentacion
TX-000218,CUST-E0010,ACC-E0010B,2024-02-09,11.42,Dólares,Restaurante El Fogon,almuerzo restaurante,alimentacion
TX-002920,CUST-E0010,ACC-E0010B,"Feb 27, 2024",7.09,usd,Restaurante El Fogon,almuerzo restaurante,
TX-002431,CUST-E0008,ACC-E0008A,14/02/2024,$67.88,,Estacion Gasolina Sol,gasolina,transporte
TX-003706,CUST-E0027,ACC-E0027A,"Mar 22, 2024",$64.16,Pesos,Estacion Gasolina Sol,gasolina,transporte
TX-002325,CUST-E0018,ACC-E0018A,Jan 07, 2024,$81.86,,Empresa de Luz,factura luz,,extra,columnas
TX-001331,CUST-E0019,ACC-E0019A,"Jan 14, 2024",$69.89,Pesos,Farmacia Salud,medicinas,salud
TX-002798,CUST-E0032,ACC-E0032A,12/03/2024,74.26,Usd,  Restaurante El Fogon ,almuerzo restaurante,
TX-003536,CUST-E0023,ACC-E0023A,2024-01-20,115.09,Dólares,Farmacia Salud,medicinas,salud
TX-002023,CUST-E0008,ACC-E0008A,"Feb 04, 2024",117.62,Dólares,Estacion Gasolina Sol,gasolina,transporte
TX-001237,CUST-E0022,ACC-E0022A,01/01/2024,$283.90,usd,Netflix,suscripcion mensual netflix,suscripciones
TX-002259,CUST-E0035,ACC-E0035A,29/03/2024,$122.71,eur,Tienda Online XYZ,compra online,compras
TX-002199,cust-e0026,ACC-E0026A,19/01/2024,-112.60,Dólares
TX-004134,  CUST-E0007 ,ACC-E0007A,"Feb 03, 2024",$71.63,Usd,  Empresa de Luz ,factura luz,
TX-003169,CUST-E0036,ACC-E0036A,"Mar 30, 2024",49.53,US$,Supermercado Central,compra semanal supermercado,alimentacion
TX-003621,cust-e0010,ACC-E0010B,12/01/2024,$10.00,Dólares,Spotify,suscripcion spotify,suscripciones
TX-002052,CUST-E0013,ACC-E0013A,2024-02-21,80.85,USD,Internet Hogar,factura internet,
TX-003383,CUST-E0029,ACC-E0029A,2024-03-13,$109.45,Usd,INMOBILIARIA NORTE,renta apartamento,
TX-003815,CUST-E0036,ACC-E0036A,2024-03-06,41.64, usd ,Empresa de Luz,,servicios
TX-000882,CUST-E0016,ACC-E0016A,16/01/2024,286.14,Dólares,Supermercado Central,compra semanal supermercado,
TX-003958,  CUST-E0014 ,ACC-E0014A,12/02/2024,129.21,US$,Inmobiliaria Norte,renta apartamento,vivienda
TX-001452,CUST-E0005,ACC-E0005B,"Mar 14, 2024",103.72,eur,Estacion Gasolina Sol,gasolina,transporte
TX-001015,CUST-E0029,  ACC-E0029A ,2024-01-01,533.02,USD,Netflix,suscripcion mensual netflix,suscripciones
TX-002735,CUST-E0034,ACC-E0034A,"Jan 12, 2024",$115.87,US$,Inmobiliaria Norte,renta apartamento,vivienda
TX-003260,CUST-E0031,ACC-E0031A,"Feb 06, 2024",$87.78,usd,Uber,viaje uber,transporte
TX-003156,,ACC-E0015B,"Feb 10, 2024",31.55,COP,UBER,viaje uber,transporte
TX-001223,CUST-E0008,ACC-E0008A,2024-02-03,47.61,Dólares,Netflix,,suscripciones
TX-001604,CUST-E0036,ACC-E0036A,2024-03-14,51.04,Dólares,Estacion Gasolina Sol,,transporte
TX-000933,CUST-E0038,ACC-E0038A,2024-02-28,17.85,Dólares,internet hogar,,servicios
TX-000478,CUST-E0034,ACC-E0034A,"Feb 01, 2024",$28.41,USD,Estacion Gasolina Sol,gasolina,
TX-003196,CUST-E0038,ACC-E0038A,29/02/2024,$8.85,Dólares,  Farmacia Salud ,medicinas,
TX-000450,CUST-E0003,ACC-E0003A,2024-02-09,$67.16,Usd,Spotify,suscripcion spotify,suscripciones
TX-000394,CUST-E0024,ACC-E0024A,"Jan 22, 2024",74.31,USD,INMOBILIARIA NORTE,renta apartamento,vivienda
TX-004258,CUST-E0016,ACC-E0016A,19/01/2024,$74.28,Dólares,Spotify,suscripcion spotify,suscripciones
TX-000765,CUST-E0023,ACC-E0023A,2024-02-20,$305.44,usd,Supermercado Central,compra semanal supermercado,alimentacion
TX-000904,CUST-E0003,ACC-E0003A,2024-01-17,$5.52, usd ,Inmobiliaria Norte,renta apartamento,vivienda
TX-003641,CUST-E0005,ACC-E0005A,"Mar 13, 2024",$36.98,Euros,  Restaurante El Fogon ,,alimentacion
TX-001297,CUST-E0019,ACC-E0019A,19/01/2024,24.07,Pesos,Netflix,suscripcion mensual netflix,suscripciones
TX-002652,CUST-E0004,ACC-E0004A,02/03/2024,46.96,Dólares,Uber,viaje uber,transporte
TX-002227,CUST-E0034,ACC-E0034A,27/02/2024,319.42,Usd,Restaurante El Fogon,almuerzo restaurante,alimentacion
TX-002703,CUST-E0002,ACC-E0002A,"Mar 15, 2024","$9,999,999.99",US$,Internet Hogar,factura internet,servicios
TX-001746,CUST-E0033,ACC-E0033A,2024-02-17,34.40,Pesos,Farmacia Salud,medicinas,salud
TX-000624,CUST-E0012,ACC-E0012A,"Jan 25, 2024",74.91,usd,Internet Hogar,factura internet,servicios
TX-002135,cust-e0015,ACC-E0015B,"Feb 24, 2024",18.69,,Netflix,suscripcion mensual netflix,suscripciones
TX-002177,  CUST-E0010 ,ACC-E0010A,19/01/2024,$17.05,Usd,  Netflix ,suscripcion mensual netflix,suscripciones
TX-002305,CUST-E0034,ACC-E0034A,05/02/2024,65.38,usd,Estacion Gasolina Sol,gasolina,transporte
TX-003694,CUST-E0021,ACC-E0021A,"Feb 11, 2024",40.99,usd,Spotify,suscripcion spotify,suscripciones
TX-004057,CUST-E0004,ACC-E0004A,23/01/2024,$44.39,Usd,Uber,viaje uber,transporte
TX-000641,CUST-E0037,ACC-E0037A,"Mar 21, 2024",$248.02,Dólares,Inmobiliaria Norte,renta apartamento,vivienda
TX-003348,CUST-E0003,acc-e0003a,26/03/2024,31.87,Dólares,INTERNET HOGAR,factura internet,servicios
TX-000531,CUST-E0002,acc-e0002a,"Mar 23, 2024",9.65, usd ,Inmobiliaria Norte,,vivienda
TX-004114,CUST-E0027,ACC-E0027A,17/02/2024,$32.94,COP,Spotify,suscripcion spotify,suscripciones
TX-002740,CUST-E0039,ACC-E0039A,2024-03-22,60.32,US$,Internet Hogar,factura internet,servicios
TX-004128,  CUST-E0009 ,ACC-E0009A,2024-02-05,29.92,USD,Supermercado Central,compra semanal supermercado,
TX-002279,CUST-E0029,ACC-E0029A,2024-02-02,$224.89,US$,Spotify,suscripcion spotify,suscripciones
TX-004071,CUST-E0018,ACC-E0018A,14/02/2024,215.74,Dólares,Supermercado Central,,alimentacion
TX-000751,CUST-E0040,  ACC-E0040A ,,$155.38,usd,Restaurante El Fogon,almuerzo restaurante,alimentacion
TX-002278,CUST-E0033,ACC-E0033A,"Jan 14, 2024",38.71,cop,Netflix,suscripcion mensual netflix,suscripciones
TX-000067,CUST-E0037,ACC-E0037A,24/03/2024,63.39,US$,Netflix,suscripcion mensual netflix,suscripciones
TX-003666,  CUST-E0018 ,ACC-E0018A,05/01/2024,$60.37,US$,Farmacia Salud,medicinas,salud
TX-001774,CUST-E0012,ACC-E0012A,"Mar 26, 2024",77.07,usd,Spotify,suscripcion spotify,suscripciones
TX-000338,CUST-E0040,ACC-E0040A,03/01/2024,$171.98,Usd,NETFLIX,,suscripciones
TX-001044,  CUST-E0037 ,ACC-E0037A,2024-01-18,$92.73,Dólares,Uber,viaje uber,transporte
TX-000076,CUST-E0023,ACC-E0023A,2024-03-12,95.15,US$,SPOTIFY,suscripcion spotify,suscripciones
TX-001588,CUST-E0037,ACC-E0037A,"Jan 22, 2024",46.67,Dólares,Empresa de Luz,factura luz,
TX-000617,CUST-E0037,ACC-E0037A,11/01/2024,373.62,US$,Tienda Online XYZ,,compras
TX-000984,CUST-E0019,ACC-E0019A,16/01/2024,38.16,cop,Uber,viaje uber,transporte
TX-002664,CUST-E0035,ACC-E0035A,14/03/2024,$247.73,eur,uber,viaje uber,transporte
TX-002852,CUST-E0040,ACC-E0040B,"Jan 07, 2024",101.83,usd,Restaurante El Fogon,,alimentacion
TX-004242,  CUST-E0010 ,ACC-E0010A,"Jan 11, 2024",12.56,US$,Spotify,suscripcion spotify,suscripciones
TX-004183,CUST-E0002,ACC-E0002A,"Feb 01, 2024",26.72,Usd,empresa de luz,factura luz,servicios
TX-001327,CUST-E0008,ACC-E0008A,19/01/2024,71.85,Usd,Empresa de Luz,factura luz,servicios
TX-003720,CUST-E0017,ACC-E0017A,2024-02-27,206.42,,SUPERMERCADO CENTRAL,compra semanal supermercado,alimentacion
TX-001196,CUST-E0015,ACC-E0015A,23/01/2024,30.65,,Spotify,suscripcion spotify,suscripciones
TX-004132,cust-e0018,ACC-E0018A,06/03/2024,$148.10,usd,Internet Hogar,factura internet,servicios
TX-001799,CUST-E0029,ACC-E0029A,"Mar 23, 2024",155.63, usd ,Uber,viaje uber,transporte
TX-000525,  CUST-E0035 ,ACC-E0035A,07/02/2024,50.60,EUR,Supermercado Central,compra semanal supermercado,alimentacion
TX-000129,CUST-E0033,ACC-E0033A,09/02/2024,$33.05,Pesos,Internet Hogar,factura internet,servicios
TX-001356,CUST-E0036,ACC-E0036A,30/03/2024,$32.96,,Restaurante El Fogon,almuerzo restaurante,alimentacion
TX-004095,CUST-E0015,ACC-E0015B,18/03/2024,81.43,cop,Estacion Gasolina Sol,gasolina,transporte
TX-001449,CUST-E0035,ACC-E0035B,"Mar 07, 2024",165.49,eur,N/A,factura luz,servicios
TX-001083,CUST-E0021,ACC-E0021A,"Feb 15, 2024",67.77, usd ,Spotify,suscripcion spotify,suscripciones
TX-004027,CUST-E0014,ACC-E0014A,2024-01-21,98.07,USD,Farmacia Salud,medicinas,salud
TX-001526,CUST-E0039,ACC-E0039A,2024-02-28,28.70,USD,Supermercado Central,compra semanal supermercado,alimentacion
TX-002990,,ACC-E0028A,"Jan 25, 2024",76.89,Dólares,  Internet Hogar ,factura internet,servicios
TX-000538,CUST-E0011,ACC-E0011A,2024-01-04,$16.42,Usd,,renta apartamento,
TX-002562,CUST-E0011,acc-e0011a,13/02/2024,9.93, usd ,SUPERMERCADO CENTRAL,compra semanal supermercado,
TX-001075,CUST-E0015,ACC-E0015A,2024-03-26,27.53,COP,EMPRESA DE LUZ,factura luz,servicios
TX-003675,CUST-E0015,ACC-E0015B,Mar 26, 2024
TX-002295,CUST-E0037,ACC-E0037A,"Feb 29, 2024",3119.22,usd,Estacion Gasolina Sol,gasolina,
TX-003623,  CUST-E0035 ,ACC-E0035A,"Feb 07, 2024",$235.41,Euros,Inmobiliaria Norte,renta apartamento,vivienda
TX-001358,  CUST-E0030 ,ACC-E0030A,02/03/2024,33.58,USD,Restaurante El Fogon,almuerzo restaurante,alimentacion
TX-002801,CUST-E0035,acc-e0035b,24/03/2024,88.69,EUR,Internet Hogar,factura internet,servicios
TX-002388,CUST-E0024,acc-e0024a,2024-02-04,$259.74, usd ,Spotify,suscripcion spotify,suscripciones
TX-002006,CUST-E0019,  ACC-E0019A ,"Feb 08, 2024",$70.08,Pesos,Netflix,suscripcion mensual netflix,
TX-002501,CUST-E0035,ACC-E0035A,2024-01-20,$210.10,EUR,Inmobiliaria Norte,renta apartamento,vivienda
TX-000455,CUST-E0012,ACC-E0012A,"Mar 04, 2024",181.39,Usd,Restaurante El Fogon,almuerzo restaurante,
TX-004277,CUST-E0017,ACC-E0017A,04/01/2024,124.13,usd,Netflix,suscripcion mensual netflix,suscripciones
TX-000627,CUST-E0031,ACC-E0031A,2024-03-16,$96.86,US$,Inmobiliaria Norte,renta apartamento,vivienda
TX-001129,cust-e0035,ACC-E0035A,07/01/2024,$179.88,eur,SPOTIFY,suscripcion spotify,
TX-001147,CUST-E0021,ACC-E0021A,"Mar 25, 2024",$25.18,,Restaurante El Fogon,almuerzo restaurante,alimentacion
TX-003141,CUST-E0002,  ACC-E0002A ,2024-02-27,$15.33,USD,Netflix,suscripcion mensual netflix,suscripciones
TX-003874,CUST-E0011,ACC-E0011A,2024-03-04,37.00,US$,Empresa de Luz,factura luz,servicios
TX-000974,CUST-E0017,ACC-E0017A,27/02/2024,$268.12,Usd,Restaurante El Fogon,,alimentacion
TX-001008,cust-e0010,ACC-E0010B,"Jan 10, 2024",$9.79,USD,Tienda Online XYZ,compra online,compras
TX-002700,CUST-E0005,ACC-E0005A,18/03/2024,,Euros,Restaurante El Fogon,almuerzo restaurante,alimentacion
TX-003182,  CUST-E0013 ,ACC-E0013A,2024-01-05,21.11,USD,Supermercado Central,compra semanal supermercado,alimentacion
TX-004056,cust-e0038,ACC-E0038A,09/01/2024,19.27,Usd,Supermercado Central,compra semanal supermercado,alimentacion
TX-002821,CUST-E0012,ACC-E0012A,2024-03-28,$213.51,USD,Inmobiliaria Norte,,
TX-000889,CUST-E0025,ACC-E0025A,26/02/2024,44.90,Usd,tienda online xyz,compra online,
TX-000845,,ACC-E0031A,05/03/2024,77.32,Usd,Estacion Gasolina Sol,gasolina,
TX-001345,CUST-E0017,  ACC-E0017A ,"Mar 20, 2024",255.57, usd ,EMPRESA DE LUZ,factura luz,servicios
TX-002443,  CUST-E0027 ,ACC-E0027A,2024-03-13,30.05,cop,Restaurante El Fogon,almuerzo restaurante,
TX-003207,CUST-E0023,ACC-E0023A,"Feb 13, 2024",212.45, usd ,Uber,viaje uber,
TX-002827,CUST-E0018,ACC-E0018A,07/01/2024,109.33,Dólares,Uber,viaje uber,
TX-003459,CUST-E0036,ACC-E0036A,2024-02-15,$10.25,US$,Farmacia Salud,medicinas,salud
TX-000231,CUST-E0006,ACC-E0006A,"Jan 16, 2024",129.57,usd,Empresa de Luz,factura luz,servicios
TX-000102,  CUST-E0021 ,ACC-E0021A,2024-01-07,16.69,usd,  Inmobiliaria Norte ,renta apartamento,
TX-000399,CUST-E0030,ACC-E0030B,"Jan 26, 2024",27.63,US$,SUPERMERCADO CENTRAL,compra semanal supermercado,alimentacion
TX-000953,CUST-E0028,ACC-E0028A,23/02/2024,336.00,usd,Tienda Online XYZ,compra online,compras
TX-003622,CUST-E0008,ACC-E0008A,"Jan 29, 2024",32.65, usd ,Empresa de Luz,factura luz,servicios
TX-001804,CUST-E0005,ACC-E0005B,"Feb 03, 2024",160.57,eur,Farmacia Salud,medicinas,salud
TX-003998,CUST-E0022,ACC-E0022A,"Jan 12, 2024",$362.56,Usd,Estacion Gasolina Sol,gasolina,transporte
TX-003700,cust-e0020,ACC-E0020A,27/03/2024,114.61,US$,Tienda Online XYZ,compra online,compras
TX-000123,  CUST-E0012 ,ACC-E0012A,2024-01-11,121.40,US$,Estacion Gasolina Sol,gasolina,transporte
TX-000833,CUST-E0028,ACC-E0028A,2024-03-22,,US$,Estacion Gasolina Sol,gasolina,transporte
TX-003084,CUST-E0002,ACC-E0002A,"Mar 11, 2024",$20.61,usd,Restaurante El Fogon,almuerzo restaurante,
TX-000141,CUST-E0030,ACC-E0030A,"Mar 14, 2024",21.37,US$,Farmacia Salud,medicinas,
TX-001554,CUST-E0034,ACC-E0034A,"Mar 11, 2024",205.45, usd ,internet hogar,factura internet,
TX-004115,CUST-E0034,ACC-E0034A,"Jan 10, 2024",201.94,Dólares,Tienda Online XYZ,compra online,compras
TX-001747,CUST-E0025,ACC-E0025B,2024-03-19,103.70,usd,Restaurante El Fogon,almuerzo restaurante,alimentacion
TX-003779,CUST-E0001,  ACC-E0001A ,2024-01-27,$119.93,Usd,Empresa de Luz,factura luz,servicios,extra,columnas
TX-001560,CUST-E0012,ACC-E0012A,05/03/2024,$202.14,Dólares,Restaurante El Fogon,almuerzo restaurante,alimentacion
TX-002608,CUST-E0007,ACC-E0007A,26/01/2024,47.97,US$,Internet Hogar,factura internet,servicios
TX-003126,CUST-E0032,ACC-E0032A,17/03/2024,$79.75,US$,Internet Hogar,factura internet,
TX-003244,CUST-E0020,ACC-E0020B,"Feb 10, 2024",117.50,USD,  Tienda Online XYZ ,compra online,compras
TX-003729,CUST-E0008,acc-e0008a,08/01/2024,324.32,usd,SUPERMERCADO CENTRAL,compra semanal supermercado,alimentacion
TX-001902,CUST-E0016,ACC-E0016A,"Feb 14, 2024",367.52,usd,Tienda Online XYZ,compra online,compras
TX-003922,  CUST-E0006 ,ACC-E0006A,2024-01-26,131.94,USD,Estacion Gasolina Sol,gasolina,transporte
TX-000078,CUST-E0001,ACC-E0001A,28/03/2024,123.03,Dólares,  Spotify ,suscripcion spotify,suscripciones
TX-003587,CUST-E0030,acc-e0030a,02/03/2024,34.55,US$,FARMACIA SALUD,medicinas,salud
TX-002484,CUST-E0010,ACC-E0010A,"Feb 25, 2024",24.42,USD,Spotify,suscripcion spotify,suscripciones
TX-000879,CUST-E0003,ACC-E0003A,"Feb 09, 2024",9.59,US$,FARMACIA SALUD,medicinas,salud
TX-001256,CUST-E0020,ACC-E0020A,2024-03-04,5323.69,Dólares,Farmacia Salud,medicinas,
TX-002884,CUST-E0011,ACC-E0011A,"Feb 01, 2024",$24.58,Usd,Netflix,,suscripciones
TX-003179,  CUST-E0036 ,acc-e0036a,"Jan 19, 2024",$36.17,Usd,Netflix,suscripcion mensual netflix,suscripciones
TX-001434,CUST-E0037,ACC-E0037A,25/03/2024,136.54,US$,,suscripcion mensual netflix,
TX-001560,CUST-E0012,ACC-E0012A,05/03/2024,$202.14,Dólares,Restaurante El Fogon,almuerzo restaurante,alimentacion
TX-003160,CUST-E0032,ACC-E0032A,2024-01-18,$175.52,Usd,Spotify,suscripcion spotify,suscripciones
TX-003727,  CUST-E0011 ,  ACC-E0011A ,2024-02-16,$14.32,usd,Inmobiliaria Norte,renta apartamento,vivienda
TX-004110,CUST-E0021,acc-e0021a,2024-02-10,12.03, usd ,Netflix,suscripcion mensual netflix,suscripciones
TX-003548,CUST-E0004,ACC-E0004A,"Feb 07, 2024",28.72,Usd,Spotify,,
TX-001448,CUST-E0024,ACC-E0024A,2024-03-17,588.81,US$,Internet Hogar,factura internet,servicios
TX-000052,cust-e0026,ACC-E0026A,"Feb 10, 2024",55.19,usd,  Restaurante El Fogon ,almuerzo restaurante,
TX-001347,CUST-E0037,ACC-E0037A,"Feb 16, 2024",$79.65,usd,Spotify,suscripcion spotify,suscripciones
TX-000151,  CUST-E0012 ,ACC-E0012A,"Jan 09, 2024",107.02,US$,Uber,viaje uber,transporte
TX-003928,CUST-E0030,ACC-E0030B,2024-03-13,14.94,Dólares,ESTACION GASOLINA SOL,gasolina,
TX-002028,CUST-E0023,ACC-E0023A,28/03/2024,221.98,USD,Spotify,suscripcion spotify,suscripciones
TX-001225,CUST-E0021,ACC-E0021A,"Feb 22, 2024",26.94,Dólares,SUPERMERCADO CENTRAL,compra semanal supermercado,alimentacion
TX-001849,CUST-E0017,ACC-E0017A,11/01/2024,161.86,usd,Farmacia Salud,medicinas,salud
TX-001162,CUST-E0016,ACC-E0016A,2024-02-27,$334.64,usd,Supermercado Central,compra semanal supermercado,alimentacion
TX-000960,CUST-E0034,ACC-E0034A,"Jan 09, 2024",$105.19,Usd,Empresa de Luz,,
TX-001947,CUST-E0011,ACC-E0011A,2024-02-04,33.09,USD,Empresa de Luz,factura luz,servicios
TX-000225,CUST-E0002,ACC-E0002A,2024-01-30,16.85, usd ,Inmobiliaria Norte,renta apartamento,vivienda
TX-003317,CUST-E0007,  ACC-E0007A ,13/02/2024,119.57,Usd,Estacion Gasolina Sol,gasolina,transporte
TX-002556,CUST-E0024,ACC-E0024A,"Mar 17, 2024",110.29,Usd,,compra online,compras
TX-003973,  CUST-E0028 ,ACC-E0028A,16/02/2024,$218.27,Usd,N/A,factura internet,servicios
TX-002933,CUST-E0032,ACC-E0032A,07/03/2024,$92.86,usd,Supermercado Central,compra semanal supermercado,alimentacion
TX-003790,cust-e0003,  ACC-E0003A ,16/03/2024,34.81,usd,Farmacia Salud,medicinas,salud
TX-002188,CUST-E0011,ACC-E0011A,2024-02-24,23.36, usd ,Uber,viaje uber,transporte
TX-004224,CUST-E0029,ACC-E0029A,"Mar 22, 2024",65.18,Usd,Restaurante El Fogon,,alimentacion
TX-001168,CUST-E0014,ACC-E0014A,2024-03-26,$104.41,usd,Spotify,,suscripciones
TX-000842,CUST-E0005,ACC-E0005B,"Feb 14, 2024",$52.05,Euros,Empresa de Luz,,servicios
TX-001918,CUST-E0006,ACC-E0006A,13/02/2024,94.24,usd,Uber,viaje uber,
TX-001504,CUST-E0009,ACC-E0009A,"Jan 21, 2024",$93.42,Dólares,Spotify,,suscripciones
TX-003129,CUST-E0008,  ACC-E0008A ,15/02/2024,57.74,US$,Netflix,suscripcion mensual netflix,suscripciones
TX-002717,CUST-E0023,ACC-E0023A,2024-02-13,192.35,US$,Uber,viaje uber,,extra,columnas
TX-002445,CUST-E0004,ACC-E0004A,25/01/2024,$28.39,XYZ,Restaurante El Fogon,almuerzo restaurante,alimentacion
TX-000724,CUST-E0023,ACC-E0023A,"Jan 28, 2024",122.29,usd,Empresa de Luz,factura luz,servicios
TX-001189,CUST-E0005,acc-e0005b,2024-01-21,257.07,Euros,Restaurante El Fogon,almuerzo restaurante,alimentacion
TX-002270,CUST-E0006,ACC-E0006A,"Feb 24, 2024",111.54, usd ,Spotify,,suscripciones
TX-001182,CUST-E0012,ACC-E0012A,2024-02-24,20.19,USD,,factura luz,servicios
TX-002807,CUST-E0019,ACC-E0019A,28/03/2024,$25.92,COP,Supermercado Central,compra semanal supermercado,alimentacion
TX-001900,CUST-E0003,ACC-E0003A,2024-03-02,22.81,USD,Internet Hogar,factura internet,servicios
TX-001291,CUST-E0013,ACC-E0013A,2024-01-01,$29.76, usd ,INTERNET HOGAR,factura internet,servicios
TX-001827,CUST-E0036,ACC-E0036A,"Jan 25, 2024",41.57,Dólares,estacion gasolina sol,,transporte
TX-000460,CUST-E0024,ACC-E0024A,"Jan 30, 2024",$80.13,,Restaurante El Fogon,,
TX-001408,CUST-E0040,ACC-E0040B,2024-03-23,108.56,USD,Uber,viaje uber,transporte
TX-003597,CUST-E0025,ACC-E0025B,"Mar 22, 2024",69.18,USD,  Supermercado Central ,compra semanal supermercado,alimentacion
TX-000587,CUST-E0018,ACC-E0018A,14/03/2024,65.71,Dólares,Supermercado Central,compra semanal supermercado,alimentacion
TX-002377,CUST-E0023,acc-e0023a,2024-03-09,129.06, usd ,Empresa de Luz,factura luz,servicios
TX-000465,  CUST-E0004 ,ACC-E0004A,10/01/2024,$74.45,USD,Farmacia Salud,medicinas,salud
TX-001036,CUST-E0001,ACC-E0001A,28/03/2024,130.10,Dólares,  Uber ,viaje uber,transporte
TX-003570,CUST-E0037,ACC-E0037A,20/01/2024,156.10,Usd,Uber,viaje uber,transporte
TX-001819,CUST-E0024,ACC-E0024A,2024-02-16,56.16,Usd,Uber,viaje uber,transporte
TX-002398,CUST-E0010,ACC-E0010B,04/01/2024,26.59,usd,Farmacia Salud,medicinas,salud
TX-001956,cust-e0021,  ACC-E0021A ,2024-03-11,17.83,USD,Spotify,suscripcion spotify,suscripciones
TX-000551,CUST-E0033,ACC-E0033A,06/03/2024,$48.74,COP,Tienda Online XYZ,compra online,compras
TX-003996,CUST-E0014,ACC-E0014A,"Mar 19, 2024",52.16,Usd,UBER,viaje uber,transporte
TX-000576,CUST-E0010,ACC-E0010B,"Mar 04, 2024",54.18,Usd,Farmacia Salud,medicinas,salud
TX-002921,CUST-E0014,ACC-E0014A,2024-02-20,24.02,US$,Spotify,suscripcion spotify,
TX-003302,CUST-E0014,ACC-E0014A,"Jan 15, 2024",73.01,US$,Restaurante El Fogon,almuerzo restaurante,
TX-001110,CUST-E0002,ACC-E0002A,2024-03-14,$37.54,,Internet Hogar,factura internet,servicios
TX-000005,CUST-E0009,ACC-E0009A,2024-02-18,$20.99,Dólares,Internet Hogar,factura internet,servicios
TX-000735,CUST-E0035,ACC-E0035A,2024-03-05,232.23,EUR,Restaurante El Fogon,almuerzo restaurante,alimentacion
TX-001334,cust-e0011,ACC-E0011A,2024-02-25,8.45,Usd,Spotify,suscripcion spotify,suscripciones
TX-002210,CUST-E0015,ACC-E0015A,22/02/2024,$899.00,COP,Supermercado Central,compra semanal supermercado,alimentacion
TX-003168,CUST-E0032,ACC-E0032A,2024-03-05,329.88,,Internet Hogar,factura internet,
TX-000922,  CUST-E0009 ,ACC-E0009A,"Feb 03, 2024",-23.81,Dólares,Inmobiliaria Norte,renta apartamento,vivienda
TX-001421,CUST-E0030,ACC-E0030B,02/03/2024,$57.12, usd ,Internet Hogar,,servicios
TX-001937,CUST-E0013,ACC-E0013A,2024-02-03,$62.56,USD,Inmobiliaria Norte,renta apartamento,vivienda
TX-001444,CUST-E0036,ACC-E0036A,2024-02-17,36.40,usd,  Spotify ,suscripcion spotify,suscripciones
TX-004040,CUST-E0023,ACC-E0023A,"Jan 13, 2024",$220.39,Usd,ESTACION GASOLINA SOL,gasolina,transporte
TX-003426,CUST-E0032,ACC-E0032A,2024-03-25,40.38,usd,  Empresa de Luz ,factura luz,
TX-003419,CUST-E0025,ACC-E0025A,"Jan 16, 2024",$41.05,Usd,Tienda Online XYZ,compra online,compras
TX-001771,CUST-E0021,ACC-E0021A,27/01/2024,12.29,Usd,Spotify,suscripcion spotify,suscripciones
TX-000797,CUST-E0039,ACC-E0039A,"Jan 26, 2024",$29.36,US$,  Spotify ,suscripcion spotify,suscripciones
TX-002055,CUST-E0010,ACC-E0010B,29/01/2024,10.41,US$,Tienda Online XYZ,compra online,
TX-000019,CUST-E0030,ACC-E0030A,25/03/2024,$11.71,Usd,  Tienda Online XYZ ,compra online,compras
TX-002019,CUST-E0036,ACC-E0036A,2024-02-18,37.59,USD,Supermercado Central,compra semanal supermercado,alimentacion
TX-000820,CUST-E0017,ACC-E0017A,24/03/2024,202.83,Dólares,Uber,,transporte
TX-002587,CUST-E0013,ACC-E0013A,2024-03-11,abc,usd,Netflix,suscripcion mensual netflix,suscripciones
TX-002020,CUST-E0023,ACC-E0023A,"Feb 07, 2024",$125.80,US$,Farmacia Salud,,salud
TX-002669,CUST-E0032,ACC-E0032A,2024-02-12,96.11,usd,Spotify,suscripcion spotify,suscripciones
TX-002600,  CUST-E0023 ,acc-e0023a,"Mar 07, 2024",106.86,USD,,renta apartamento,
TX-003039,CUST-E0022,ACC-E0022A,2024-02-05,12..5,US$,spotify,suscripcion spotify,
TX-000212,CUST-E0022,ACC-E0022A,01/02/2024,$42.89,US$,NETFLIX,suscripcion mensual netflix,suscripciones
TX-002686,CUST-E0014,ACC-E0014A,14/02/2024,101.21,Usd,Estacion Gasolina Sol,gasolina,transporte
TX-000132,CUST-E0005,  ACC-E0005B ,"Mar 12, 2024",$116.17,Euros,Inmobiliaria Norte,,
TX-001176,CUST-E0030,ACC-E0030B,2024-03-25,19.51, usd ,Estacion Gasolina Sol,gasolina,transporte
TX-001887,CUST-E0023,ACC-E0023A,2024-01-26,248.36,Usd,Internet Hogar,factura internet,servicios
TX-002565,CUST-E0035,acc-e0035b,"Jan 09, 2024",$93.71,Euros,Estacion Gasolina Sol,gasolina,transporte
TX-003361,CUST-E0016,ACC-E0016A,"Mar 11, 2024",$96.60, usd ,Restaurante El Fogon,almuerzo restaurante,alimentacion
TX-002012,CUST-E0024,ACC-E0024A,2024-01-24,47.78,US$,Netflix,suscripcion mensual netflix,suscripciones
TX-000243,  CUST-E0001 ,ACC-E0001A,2024-03-15,$101.31,US$,  Restaurante El Fogon ,almuerzo restaurante,alimentacion
TX-003975,CUST-E0037,acc-e0037a,2024-03-26,$181.43,Usd,Internet Hogar,factura internet,
TX-001835,CUST-E0013,ACC-E0013A,"Feb 22, 2024",33.46,Dólares,Estacion Gasolina Sol,gasolina,
TX-003875,CUST-E0007,ACC-E0007A,"Jan 20, 2024",54.07,Usd,  Supermercado Central ,compra semanal supermercado,alimentacion
TX-001078,CUST-E0004,ACC-E0004A,19/03/2024,59.13, usd ,Internet Hogar,factura internet,servicios
TX-000660,CUST-E0028,ACC-E0028A,"Mar 05, 2024",123.80,Usd,Empresa de Luz,factura luz,servicios
TX-002344,CUST-E0010,ACC-E0010B,05/03/2024,33.83,US$,,suscripcion spotify,suscripciones
TX-003286,CUST-E0021,ACC-E0021A,"Jan 18, 2024",$50.56,usd,  Netflix ,suscripcion mensual netflix,suscripciones
TX-001086,CUST-E0040,ACC-E0040A,N/A,41.50,Usd,  Uber ,viaje uber,transporte
TX-001143,CUST-E0015,ACC-E0015A,01/03/2024,19.58,Pesos,uber,viaje uber,transporte
TX-002171,CUST-E0008,ACC-E0008A,2024-01-08,93.01,USD,Internet Hogar,factura internet,
TX-001285,CUST-E0032,ACC-E0032A,11/02/2024,86.61,usd,Internet Hogar,factura internet,servicios
TX-003772,  CUST-E0036 ,ACC-E0036A,2024-01-20,44.43,Dólares,Farmacia Salud,medicinas,
TX-000892,  CUST-E0012 ,ACC-E0012A,09/02/2024,$57.69,Usd,Uber,viaje uber,
TX-003127,CUST-E0009,ACC-E0009A,23/02/2024,41.21,USD,estacion gasolina sol,gasolina,transporte
TX-003678,CUST-E0032,ACC-E0032A,12/02/2024,148.86,Usd,Empresa de Luz,factura luz,servicios
TX-000333,CUST-E0004,acc-e0004a,2024-02-03,16.10,USD,farmacia salud,medicinas,salud
TX-003927,CUST-E0017,ACC-E0017A,23/03/2024,141.89, usd ,,suscripcion spotify,suscripciones
TX-002128,CUST-E0033,ACC-E0033A,26/02/2024,45.23,cop,  Supermercado Central ,compra semanal supermercado,alimentacion
TX-003801,CUST-E0011,ACC-E0011A,14/01/2024,$15.14,Usd,Restaurante El Fogon,almuerzo restaurante,alimentacion
TX-002119,CUST-E0011,ACC-E0011A,11/01/2024,16.28,usd,,compra online,compras
TX-003409,CUST-E0001,ACC-E0001A,04/01/2024,$116.38,Dólares,Netflix,suscripcion mensual netflix,suscripciones
TX-003384,CUST-E0007,ACC-E0007A,14/03/2024,27.46,USD,Farmacia Salud,medicinas,salud
TX-003008,CUST-E0013,ACC-E0013A,"Mar 22, 2024",14.99,,,factura internet,servicios
TX-004094,CUST-E0015,ACC-E0015A,"Mar 13, 2024",39.34,Pesos,Netflix,suscripcion mensual netflix,suscripciones
TX-000702,CUST-E0026,acc-e0026a,09/03/2024,$169.68,USD,Restaurante El Fogon,almuerzo restaurante,alimentacion
TX-002096,CUST-E0004,ACC-E0004A,30/03/2024,64.50, usd ,Supermercado Central,compra semanal supermercado,alimentacion
TX-001644,CUST-E0034,ACC-E0034A,"Mar 12, 2024",112.51,Dólares,Farmacia Salud,medicinas,
TX-003915,CUST-E0009,ACC-E0009A,2024-01-02,,US$,Uber,viaje uber,transporte
TX-002972,CUST-E0017,ACC-E0017A,11/03/2024,248.54,Dólares,,medicinas,salud
TX-003866,CUST-E0034,ACC-E0034A,22/02/2024,118.10,usd,Supermercado Central,compra semanal supermercado,
TX-002332,CUST-E0018,ACC-E0018A,2024-01-27,85.61,Usd,Uber,,transporte
TX-002863,CUST-E0008,ACC-E0008A,2024-01-25,73.80,Usd,Farmacia Salud,,salud
TX-002858,CUST-E0012,  ACC-E0012A ,"Mar 25, 2024",91.89,US$,supermercado central,compra semanal supermercado,alimentacion
TX-003220,CUST-E0025,ACC-E0025B,23/02/2024,$42.25,usd,FARMACIA SALUD,medicinas,salud
TX-000339,CUST-E0007,  ACC-E0007A ,"Feb 06, 2024",100.03,,Restaurante El Fogon,almuerzo restaurante,alimentacion
TX-000689,CUST-E0016,ACC-E0016A,16/03/2024,208.12,US$,Inmobiliaria Norte,renta apartamento,vivienda
TX-001293,cust-e0011,  ACC-E0011A ,2024-01-13,14.10,US$,Internet Hogar,factura internet,servicios
TX-003083,CUST-E0022,ACC-E0022A,"Feb 18, 2024",151.91,USD,tienda online xyz,compra online,compras
TX-003822,CUST-E0020,ACC-E0020A,"Mar 11, 2024",321.22,usd,,,alimentacion
TX-004017,CUST-E0028,ACC-E0028A,20/03/2024,48.65,US$,ESTACION GASOLINA SOL,,transporte
TX-000645,CUST-E0002,  ACC-E0002A ,2024-02-01,15.37,usd,Supermercado Central,compra semanal supermercado,
TX-000517,CUST-E0026,acc-e0026a,09/02/2024,107.44,Dólares,inmobiliaria norte,renta apartamento,vivienda
TX-000206,,ACC-E0021A,2024-03-04,23.20,Usd,RESTAURANTE EL FOGON,almuerzo restaurante,alimentacion
TX-001453,CUST-E0024,  ACC-E0024A ,2024-02-06,$208.63,USD,  Spotify ,suscripcion spotify,suscripciones
TX-003560,CUST-E0013,ACC-E0013A,05/03/2024,36.61,Dólares,  Supermercado Central ,compra semanal supermercado,
TX-001718,CUST-E0029,ACC-E0029A,21/01/2024,106.17,US$,Spotify,suscripcion spotify,suscripciones
TX-001406,CUST-E0024,ACC-E0024A,"Mar 22, 2024",161.25,USD,Restaurante El Fogon,almuerzo restaurante,alimentacion
TX-003219,CUST-E0003,  ACC-E0003A ,06/02/2024,$44.65,US$,Netflix,,suscripciones
TX-001343,CUST-E0017,ACC-E0017A,"Mar 15, 2024",$452.01, usd ,Empresa de Luz,factura luz,servicios
TX-001082,  CUST-E0035 ,ACC-E0035A,29/02/2024,$242.84,eur,Estacion Gasolina Sol,,transporte
TX-001495,CUST-E0014,ACC-E0014A,2024-02-14,$254.10,Usd,Internet Hogar,factura internet,
TX-001240,CUST-E0017,acc-e0017a,"Feb 14, 2024",114.45,US$,Inmobiliaria Norte,renta apartamento,vivienda
TX-002327,CUST-E0016,  ACC-E0016A ,2024-03-26,$86.79,Dólares,Empresa de Luz,,servicios
TX-000020,CUST-E0023,  ACC-E0023A ,"Mar 08, 2024",78.94,Dólares,Uber,viaje uber,
TX-001206,CUST-E0023,ACC-E0023A,06/03/2024,122.99, usd ,RESTAURANTE EL FOGON,almuerzo restaurante,alimentacion
TX-002793,CUST-E0031,ACC-E0031A,18/02/2024,$70.22,USD,Restaurante El Fogon,almuerzo restaurante,
TX-004102,CUST-E0021,ACC-E0021A,"Mar 09, 2024",$37.11,usd,Restaurante El Fogon,almuerzo restaurante,
TX-002248,CUST-E0008,ACC-E0008A,2024-02-05,$106.05,Dólares,Farmacia Salud,medicinas,salud
TX-001786,CUST-E0017,ACC-E0017A,"Mar 03, 2024",$66.92,US$,Netflix,suscripcion mensual netflix,
TX-002190,CUST-E0018,ACC-E0018A,2024-01-02,129.77,Usd,Empresa de Luz,factura luz,
TX-001701,CUST-E0026,ACC-E0026A,2024-03-19,$137.44,USD,Spotify,suscripcion spotify,suscripciones
TX-000272,CUST-E0010,ACC-E0010B,"Mar 06, 2024",$20.25,usd,Uber,viaje uber,transporte
TX-004184,CUST-E0003,ACC-E0003A,"Feb 01, 2024",39.74,Dólares,SPOTIFY,suscripcion spotify,suscripciones
TX-001072,CUST-E0031,acc-e0031a,"Feb 12, 2024",738.01,Usd,estacion gasolina sol,gasolina,transporte
TX-002486,CUST-E0032,ACC-E0032A,17/02/2024,218.71,Usd,Netflix,,
TX-003295,CUST-E0036,  ACC-E0036A ,"Jan 31, 2024",23.27,Usd,Inmobiliaria Norte,renta apartamento,
TX-002136,,ACC-E0038A,2024-03-07,43.93, usd ,Empresa de Luz,factura luz,servicios
TX-000162,CUST-E0010,ACC-E0010A,08/01/2024,7.50,Usd,Netflix,suscripcion mensual netflix,
TX-001428,CUST-E0006,ACC-E0006A,2024-03-22,USD,usd,,suscripcion spotify,suscripciones
TX-000227,CUST-E0036,ACC-E0036A,"Feb 03, 2024",$6.42,US$,Netflix,suscripcion mensual netflix,suscripciones
TX-003165,CUST-E0023,ACC-E0023A,10/02/2024,133.56,USD,Uber,viaje uber,transporte
TX-002721,CUST-E0030,  ACC-E0030A ,"Feb 14, 2024",14.79,Usd,inmobiliaria norte,renta apartamento,vivienda
TX-003429,CUST-E0025,ACC-E0025B
TX-003177,,ACC-E0001A,04/01/2024,$350.93,US$,Restaurante El Fogon,almuerzo restaurante,
TX-000744,CUST-E0016,ACC-E0016A,22/03/2024,162.44,USD,Inmobiliaria Norte,renta apartamento,vivienda
TX-000188,CUST-E0016,ACC-E0016A,2024-02-04,72.92,Dólares,Spotify,suscripcion spotify,
TX-002457,CUST-E0037,ACC-E0037A,"Feb 11, 2024",187.97,usd,Supermercado Central,compra semanal supermercado,alimentacion
TX-000221,CUST-E0010,ACC-E0010A,07/02/2024,15.65,US$,Restaurante El Fogon,almuerzo restaurante,alimentacion
TX-001152,CUST-E0024,  ACC-E0024A ,2024-02-19,236.96, usd ,TIENDA ONLINE XYZ,compra online,
TX-003398,CUST-E0016,acc-e0016a,"Jan 23, 2024",$231.23,Dólares,Tienda Online XYZ,compra online,compras
TX-002866,CUST-E0006,ACC-E0006A,19/03/2024,179.70, usd ,Inmobiliaria Norte,renta apartamento,vivienda
TX-002521,CUST-E0035,ACC-E0035A,13/01/2024,144.42,EUR,  Uber ,viaje uber,
TX-002266,CUST-E0019,ACC-E0019A,"Jan 30, 2024",$30.53,Pesos,Restaurante El Fogon,almuerzo restaurante,
TX-001527,CUST-E0016,ACC-E0016A,"Feb 20, 2024",86.49,Dólares,,gasolina,transporte
TX-000131,CUST-E0010,ACC-E0010A,12/03/2024,32.68,US$,Netflix,suscripcion mensual netflix,
TX-004005,CUST-E0023,ACC-E0023A,16/02/2024,$105.59,USD,Empresa de Luz,factura luz,servicios
TX-002348,CUST-E0008,  ACC-E0008A ,"Feb 16, 2024",102.92,Usd,NETFLIX,suscripcion mensual netflix,suscripciones
TX-002901,CUST-E0009,ACC-E0009A,"Mar 30, 2024",29.93,USD,Spotify,suscripcion spotify,
TX-002965,CUST-E0021,ACC-E0021A,"Mar 12, 2024",24.20,USD,Inmobiliaria Norte,,vivienda
TX-001263,cust-e0017,ACC-E0017A,"Mar 08, 2024",$130.92,,,factura luz,
TX-001832,CUST-E0023,ACC-E0023A,"Feb 26, 2024",127.40,USD,Inmobiliaria Norte,renta apartamento,vivienda
TX-000242,CUST-E0021,ACC-E0021A,"Feb 22, 2024",$21.63,usd,,suscripcion mensual netflix,suscripciones
TX-000678,CUST-E0017,ACC-E0017A,12/02/2024,,usd,Tienda Online XYZ,compra online,
TX-001920,cust-e0034,  ACC-E0034A ,25/01/2024,233.62,Usd,Restaurante El Fogon,almuerzo restaurante,alimentacion,extra,columnas
TX-000443,CUST-E0038,ACC-E0038A,2024-02-29,, usd ,Internet Hogar,factura internet,servicios
TX-000578,CUST-E0005,acc-e0005b,2024-02-14,133.06,EUR,Restaurante El Fogon,almuerzo restaurante,alimentacion
TX-003662,  CUST-E0035 ,ACC-E0035A,"Mar 29, 2024",140.60,Euros,Farmacia Salud,medicinas,salud
TX-003004,CUST-E0031,ACC-E0031A,"Feb 03, 2024",68.36,Dólares,Netflix,suscripcion mensual netflix,suscripciones
TX-004148,CUST-E0025,ACC-E0025A,2024-02-27,$91.32,usd,Spotify,suscripcion spotify,suscripciones
TX-000475,CUST-E0031,ACC-E0031A,26/03/2024,$113.16,Usd,Restaurante El Fogon,almuerzo restaurante,
TX-002230,CUST-E0036,ACC-E0036A,"Feb 22, 2024",$89.60,usd,  Inmobiliaria Norte ,,vivienda
TX-001374,CUST-E0032,ACC-E0032A,09/02/2024,147.91, usd ,Farmacia Salud,medicinas,salud
TX-001250,CUST-E0006,ACC-E0006A,"Feb 02, 2024",-170.12,usd,supermercado central,compra semanal supermercado,alimentacion
TX-001658,CUST-E0011,  ACC-E0011A ,2024-01-07,27.94,Dólares,  Inmobiliaria Norte ,renta apartamento,vivienda
TX-004244,CUST-E0033,ACC-E0033A,"Feb 08, 2024",$56.30,Pesos,  Estacion Gasolina Sol ,gasolina,transporte
TX-000182,CUST-E0017,ACC-E0017A,31/01/2024,$176.12,Dólares,Internet Hogar,factura internet,servicios
TX-003891,CUST-E0001,ACC-E0001A,"Feb 05, 2024",$86.70,Dólares,Tienda Online XYZ,compra online,compras
TX-000479,CUST-E0011,ACC-E0011A,05/03/2024,23.32,usd,Farmacia Salud,medicinas,
TX-000946,CUST-E0035,ACC-E0035B,"Mar 22, 2024",75.56,eur,Inmobiliaria Norte,renta apartamento,vivienda
TX-000513,CUST-E0014,ACC-E0014A,23/02/2024,124.69, usd ,INTERNET HOGAR,factura internet,servicios
TX-003786,CUST-E0004,ACC-E0004A,"Feb 19, 2024",$17.65,US$,Spotify,suscripcion spotify,suscripciones
TX-001815,CUST-E0037,acc-e0037a,05/01/2024,49.82,Usd,Farmacia Salud,medicinas,salud
TX-003637,CUST-E0029,  ACC-E0029A ,2024-03-06,111.05,Usd,Uber,viaje uber,
TX-000643,CUST-E0029,ACC-E0029A,01/03/2024,28.24,usd,,,compras
TX-001942,CUST-E0038,acc-e0038a,2024-03-21,12.19,US$,Netflix,suscripcion mensual netflix,suscripciones
TX-001796,CUST-E0035,ACC-E0035A,2024-02-17,$58.64,Euros,  Supermercado Central ,compra semanal supermercado,alimentacion
TX-003053,CUST-E0001,ACC-E0001A,2024-01-07,56.09,USD,Estacion Gasolina Sol,gasolina,transporte
TX-003200,CUST-E0029,ACC-E0029A,05/03/2024,$29.17,Usd,Tienda Online XYZ,compra online,
TX-001801,CUST-E0030,ACC-E0030A,"Mar 02, 2024",$13.00,USD,TIENDA ONLINE XYZ,compra online,compras
TX-002968,cust-e0014,  ACC-E0014A ,2024-02-12,51.09,usd,  Supermercado Central ,compra semanal supermercado,alimentacion
TX-000682,CUST-E0023,ACC-E0023A,2024-03-03,163.43,Usd,Empresa de Luz,,
TX-004273,CUST-E0018,ACC-E0018A,2024-02-13,$352.91,USD,Uber,viaje uber,transporte
TX-002720,CUST-E0007,ACC-E0007A,2024-02-11,52.17,usd,Supermercado Central,compra semanal supermercado,alimentacion
TX-002570,CUST-E0027,ACC-E0027A,30/03/2024,39.58,cop,Uber,viaje uber,transporte
TX-002354,CUST-E0039,  ACC-E0039A ,03/03/2024,49.22, usd ,  Empresa de Luz ,,servicios
TX-002468,cust-e0010,ACC-E0010B,2024-01-17,$45.63,Usd,Supermercado Central,compra semanal supermercado,alimentacion
TX-003943,CUST-E0024,ACC-E0024A,"Jan 13, 2024",$91.56, usd ,Tienda Online XYZ,compra online,compras
TX-001063,CUST-E0031,ACC-E0031A,2024-01-13,176.70,USD,Empresa de Luz,factura luz,servicios
TX-001326,CUST-E0016,ACC-E0016A,2024-03-30,$181.03,Dólares,Restaurante El Fogon,almuerzo restaurante,alimentacion
TX-003676,CUST-E0014,ACC-E0014A,2024-03-27,61.71,US$,Uber,,transporte
TX-000790,  CUST-E0004 ,ACC-E0004A,2024-01-08,67.20,usd,Farmacia Salud,medicinas,salud
TX-002898,  CUST-E0036 ,ACC-E0036A,2024-02-22,$44.26,USD,Spotify,suscripcion spotify,suscripciones
TX-001431,CUST-E0004,ACC-E0004A,"Mar 27, 2024",71.36,usd,,renta apartamento,vivienda
TX-002449,CUST-E0028,ACC-E0028A,2024-02-17,99.84,Dólares,EMPRESA DE LUZ,,servicios
TX-003488,CUST-E0007,ACC-E0007A,2024-02-11,$99.09, usd ,Estacion Gasolina Sol,gasolina,transporte
TX-003341,CUST-E0037,ACC-E0037A,16/02/2024,332.07,US$,UBER,viaje uber,transporte
TX-000153,CUST-E0030,ACC-E0030A,"Jan 11, 2024",15.56, usd ,Uber,viaje uber,transporte
TX-003665,CUST-E0009,ACC-E0009A,2024-01-12,14.97,Usd,Farmacia Salud,medicinas,
TX-000718,CUST-E0038,ACC-E0038A,2024-03-10,$42.28,usd,Inmobiliaria Norte,,vivienda
TX-003120,CUST-E0022,ACC-E0022A,2024-02-21,282.51,,Farmacia Salud,medicinas,salud
TX-003789,CUST-E0029,ACC-E0029A,27/03/2024,90.07,USD,RESTAURANTE EL FOGON,,alimentacion
TX-002576,CUST-E0031,ACC-E0031A,30/03/2024,$36.57,USD,Netflix,suscripcion mensual netflix,suscripciones
TX-001637,CUST-E0032,ACC-E0032A,"Feb 10, 2024",109.58,USD,,factura luz,servicios
TX-000794,CUST-E0020,ACC-E0020B,2024-01-20,377.78,Dólares,Uber,,transporte
TX-000294,cust-e0008,ACC-E0008A,2024-01-03,53.58, usd ,  Inmobiliaria Norte ,renta apartamento,vivienda
TX-000683,CUST-E0004,ACC-E0004A,2024-01-28,42.40, usd ,  Restaurante El Fogon ,almuerzo restaurante,alimentacion
TX-003810,CUST-E0031,ACC-E0031A,2024-01-11,$20.13,USD,  Netflix ,suscripcion mensual netflix,
TX-004168,cust-e0001,ACC-E0001A,2024-01-26,81.14,US$,Supermercado Central,compra semanal supermercado,
TX-002889,CUST-E0032,ACC-E0032A,"Feb 01, 2024",$175.61,Dólares,  Restaurante El Fogon ,almuerzo restaurante,alimentacion
TX-003127,CUST-E0009,ACC-E0009A,23/02/2024,41.21,USD,estacion gasolina sol,gasolina,transporte,extra,columnas
TX-003461,CUST-E0027,ACC-E0027A,2024-01-22,$15.41,cop,  Netflix ,suscripcion mensual netflix,suscripciones
TX-003499,CUST-E0005,ACC-E0005B,2024-01-12,153.35,EUR,Uber,viaje uber,
TX-003107,CUST-E0035,ACC-E0035B,19/01/2024,$514.96,eur,Supermercado Central,compra semanal supermercado,alimentacion
TX-003233,CUST-E0003,ACC-E0003A,24/03/2024,15.63, usd ,Inmobiliaria Norte,renta apartamento,
TX-003239,CUST-E0002,ACC-E0002A,2024-03-05,35.16, usd ,Farmacia Salud,medicinas,salud
TX-001496,CUST-E0001,ACC-E0001A,14/03/2024,133.38,usd,Supermercado Central,compra semanal supermercado,alimentacion
TX-001397,CUST-E0034,ACC-E0034A,2024-03-21,255.89,Dólares,FARMACIA SALUD,medicinas,salud
TX-002602,CUST-E0011,ACC-E0011A,21/01/2024,$22.13,USD,Restaurante El Fogon,almuerzo restaurante,
TX-001704,CUST-E0038,ACC-E0038A,"Mar 02, 2024",$10.24,US$,  Supermercado Central ,compra semanal supermercado,
TX-000928,CUST-E0025,ACC-E0025A,"Feb 07, 2024",50.80,,inmobiliaria norte,renta apartamento,vivienda
TX-002462,CUST-E0004,ACC-E0004A,2024-01-03,43.20,USD,Uber,viaje uber,transporte
TX-003951,CUST-E0010,ACC-E0010B,"Feb 27, 2024",323.41,USD,Farmacia Salud,medicinas,
TX-003338,  CUST-E0031 ,ACC-E0031A,29/03/2024,40.99,USD,Supermercado Central,,
TX-001177,CUST-E0027,acc-e0027a,2024-02-05,32.24,cop,Uber,viaje uber,transporte
TX-002032,CUST-E0030,ACC-E0030B,"Jan 04, 2024",$12.56,US$,Spotify,,suscripciones
TX-002185,CUST-E0037,ACC-E0037A,16/02/2024,$85.76, usd ,Tienda Online XYZ,compra online,
TX-002930,CUST-E0002,ACC-E0002A,2024-01-14,20.81,USD,Farmacia Salud,medicinas,salud
TX-003049,cust-e0010,ACC-E0010B,"Feb 27, 2024",13.04,USD,Supermercado Central,compra semanal supermercado,alimentacion
TX-003813,CUST-E0033,ACC-E0033A,2024-02-28,$54.38,,Estacion Gasolina Sol,gasolina,
TX-002349,CUST-E0002,ACC-E0002A,"Mar 21, 2024",15.13,usd,Restaurante El Fogon,almuerzo restaurante,alimentacion
TX-000033,CUST-E0018,ACC-E0018A,2024-01-08,$65.52,US$,Restaurante El Fogon,almuerzo restaurante,alimentacion
TX-001233,CUST-E0040,ACC-E0040B,,90.03,Dólares,SPOTIFY,suscripcion spotify,suscripciones
TX-001227,CUST-E0015,acc-e0015b,"Feb 27, 2024",62.74,Pesos,Tienda Online XYZ,compra online,
TX-001830,CUST-E0032,ACC-E0032A,17/01/2024,$218.20,Dólares,Spotify,suscripcion spotify,suscripciones
TX-001208,CUST-E0022,ACC-E0022A,2024-01-18,56.61,Dólares,Supermercado Central,compra semanal supermercado,alimentacion
TX-002194,cust-e0020,  ACC-E0020A ,15/03/2024,138.41,usd,Inmobiliaria Norte,,vivienda
TX-000249,CUST-E0006,ACC-E0006A,"Mar 07, 2024",$178.68,US$,Inmobiliaria Norte,renta apartamento,vivienda
TX-003614,CUST-E0007,ACC-E0007A,22/02/2024,$20.08, usd ,Farmacia Salud,medicinas,salud
TX-000466,CUST-E0006,acc-e0006a,2024-01-15,$215.19,USD,Restaurante El Fogon,,alimentacion
TX-001377,CUST-E0031,ACC-E0031A,"Mar 29, 2024",55.14,usd,Netflix,suscripcion mensual netflix,
TX-000762,CUST-E0008,ACC-E0008A,17/03/2024,42.87,USD,  Netflix ,suscripcion mensual netflix,suscripciones
TX-000298,  CUST-E0001 ,ACC-E0001A,13/02/2024,45.46,US$,Empresa de Luz,factura luz,servicios
TX-002517,CUST-E0020,ACC-E0020B,22/02/2024,84.72,US$,Uber,viaje uber,transporte
TX-000847,CUST-E0004,acc-e0004a,03/01/2024,-47.66, usd ,supermercado central,compra semanal supermercado,alimentacion
TX-001410,CUST-E0006,ACC-E0006A,"Feb 28, 2024",-174.79,Usd,Netflix,suscripcion mensual netflix,
TX-001142,CUST-E0005,ACC-E0005B,"Feb 25, 2024",187.42,EUR,Empresa de Luz,factura luz,servicios
TX-002434,CUST-E0030,ACC-E0030A,24/01/2024,9.28,usd,Estacion Gasolina Sol,,transporte
TX-002754,,ACC-E0036A,2024-03-21,30.57,Dólares,Empresa de Luz,factura luz,servicios
TX-001361,CUST-E0004,ACC-E0004A,27/02/2024,149.64,usd,Farmacia Salud,medicinas,salud
TX-000717,cust-e0005,ACC-E0005A,2024-03-04,$43.81,eur,Restaurante El Fogon,almuerzo restaurante,alimentacion
TX-001589,CUST-E0011,ACC-E0011A,05/02/2024,$25.87,USD,Tienda Online XYZ,compra online,compras
TX-002677,cust-e0006,  ACC-E0006A ,"Mar 24, 2024",113.73,US$,Estacion Gasolina Sol,gasolina,
TX-003695,CUST-E0011,ACC-E0011A,2024-03-02,$14.52,USD,Internet Hogar,factura internet,servicios
TX-003366,CUST-E0038,ACC-E0038A,2024-01-11,$29.24,Dólares,Uber,viaje uber,transporte
TX-002365,  CUST-E0015 ,ACC-E0015A,"Mar 23, 2024",$50.18,,Farmacia Salud,medicinas,salud
TX-001077,CUST-E0012,ACC-E0012A,"Jan 23, 2024",63.24,Dólares,Spotify,suscripcion spotify,suscripciones
TX-004247,CUST-E0020,  ACC-E0020A ,2024-03-24,$455.88, usd ,Uber,viaje uber,transporte
TX-003601,  CUST-E0029 ,ACC-E0029A,2024-01-17,167.31, usd ,Uber,viaje uber,
TX-003605,CUST-E0036,ACC-E0036A,25/01/2024,75.04,USD,Internet Hogar,factura internet,servicios
TX-001429,CUST-E0032,ACC-E0032A,"Mar 27, 2024",-132.95, usd ,Farmacia Salud,medicinas,salud
TX-003564,CUST-E0038,ACC-E0038A,"Jan 25, 2024",17.25,usd,Supermercado Central,compra semanal supermercado,
TX-000317,  CUST-E0038 ,ACC-E0038A,"Jan 10, 2024",$36.51, usd ,Farmacia Salud,medicinas,
TX-000784,  CUST-E0026 ,ACC-E0026A,12/02/2024,117.36,USD,Tienda Online XYZ,compra online,
TX-001670,CUST-E0002,ACC-E0002A,"Feb 13, 2024",12.61,US$,Supermercado Central,compra semanal supermercado,
TX-002296,CUST-E0034,ACC-E0034A,2024-03-28,-112.55,Usd,Estacion Gasolina Sol,gasolina,transporte
TX-002805,CUST-E0014,ACC-E0014A,"Feb 02, 2024",$144.00,US$,Spotify,suscripcion spotify,suscripciones
TX-001591,cust-e0031,ACC-E0031A,"Mar 15, 2024",58.00,US$,  Restaurante El Fogon ,almuerzo restaurante,
TX-003670,CUST-E0037,ACC-E0037A,14/03/2024,68.27,USD,Uber,viaje uber,transporte
TX-000316,CUST-E0008,ACC-E0008A,"Jan 17, 2024",78.83,USD,Estacion Gasolina Sol,gasolina,
TX-000910,  CUST-E0026 ,ACC-E0026A,Mar 04, 2024
TX-003288,CUST-E0029,ACC-E0029A,2024-03-14,56.00,usd,Netflix,suscripcion mensual netflix,suscripciones
TX-001150,CUST-E0039,ACC-E0039A,2024-02-13,41.96,USD,Uber,viaje uber,transporte
TX-001773,  CUST-E0034 ,ACC-E0034A,11/03/2024,$88.05,USD,Uber,viaje uber,transporte
TX-000750,CUST-E0002,ACC-E0002A,2024-01-17,26.14,Usd,Inmobiliaria Norte,renta apartamento,vivienda
TX-000279,CUST-E0031,ACC-E0031A,04/02/2024,254.66,US$,  Farmacia Salud ,medicinas,salud
TX-002192,CUST-E0021,acc-e0021a,2024-02-02,16.13,US$,Netflix,suscripcion mensual netflix,suscripciones
TX-000763,CUST-E0010,acc-e0010b,"Feb 21, 2024",$24.06,Dólares,  Netflix ,,
TX-002476,CUST-E0003,ACC-E0003A,18/03/2024,19.63,usd,Internet Hogar,,servicios
TX-002334,cust-e0032,ACC-E0032A,2024-01-30,$52.32, usd ,,compra online,compras
TX-001584,CUST-E0031,  ACC-E0031A ,08/03/2024,78.64,USD,Tienda Online XYZ,compra online,compras
TX-003912,CUST-E0029,ACC-E0029A,2024-01-13,$88.35,Usd,Internet Hogar,factura internet,
TX-001430,CUST-E0020,ACC-E0020A,2024-02-17,80.14,,Uber,viaje uber,
TX-000122,CUST-E0014,ACC-E0014A,07/03/2024,48.18,US$,Spotify,suscripcion spotify,suscripciones
TX-002682,CUST-E0025,ACC-E0025B,"Mar 11, 2024",$20.86,Dólares,Empresa de Luz,factura luz,servicios
TX-001986,CUST-E0029,  ACC-E0029A ,2024-02-16,91.45,usd,Uber,viaje uber,transporte
TX-000042,CUST-E0033,ACC-E0033A,2024-03-09,48.56,cop,Inmobiliaria Norte,renta apartamento,vivienda
TX-001714,CUST-E0029,ACC-E0029A,"Jan 26, 2024",303.47, usd ,Restaurante El Fogon,almuerzo restaurante,
TX-000742,CUST-E0010,ACC-E0010B,2024-03-03,10.37,,Estacion Gasolina Sol,gasolina,transporte
TX-003412,CUST-E0011,ACC-E0011A,24/03/2024,24.15,Usd,Empresa de Luz,factura luz,servicios
TX-004141,CUST-E0012,acc-e0012a,2024-03-03,$43.38,US$,Estacion Gasolina Sol,gasolina,transporte
TX-002691,CUST-E0039,ACC-E0039A,2024-03-11,9.66, usd ,Uber,viaje uber,transporte
TX-004279,CUST-E0021,ACC-E0021A,2024-02-27,25.55,USD,Uber,viaje uber,transporte
TX-003266,CUST-E0027,ACC-E0027A,"Jan 26, 2024",$62.80,cop,Inmobiliaria Norte,renta apartamento,vivienda
TX-003029,CUST-E0010,ACC-E0010A,2024-01-21,$17.67, usd ,Tienda Online XYZ,compra online,compras
TX-000919,CUST-E0019,ACC-E0019A,2024-01-13,27.39,COP,Supermercado Central,compra semanal supermercado,
TX-003167,CUST-E0001,ACC-E0001A,28/03/2024,41.95, usd ,  Uber ,viaje uber,transporte
TX-003175,CUST-E0013,ACC-E0013A,01/03/2024,31.73,Usd,Restaurante El Fogon,,
TX-001158,CUST-E0030,ACC-E0030B,"Mar 13, 2024",13.42,usd,Farmacia Salud,medicinas,salud
TX-003854,CUST-E0036,ACC-E0036A,2024-02-21,24.53,usd,Netflix,suscripcion mensual netflix,suscripciones
TX-004204,CUST-E0025,ACC-E0025B,"Mar 11, 2024",$20.86,Dólares,Empresa de Luz,factura luz,servicios
TX-003010,CUST-E0019,ACC-E0019A,2024-01-02,40.03,Pesos,Internet Hogar,factura internet,servicios
TX-000144,CUST-E0002,ACC-E0002A,2024-02-16,46.28,usd,  Netflix ,suscripcion mensual netflix,suscripciones
TX-001894,CUST-E0002,ACC-E0002A,"Feb 28, 2024",$63.89,Usd,Internet Hogar,factura internet,servicios
TX-002687,CUST-E0020,ACC-E0020B,"Mar 06, 2024",151.84, usd ,Spotify,suscripcion spotify,suscripciones
TX-001595,CUST-E0030,ACC-E0030A,16/02/2024,9.95,USD,Inmobiliaria Norte,,vivienda
TX-000803,CUST-E0005,acc-e0005a,22/01/2024,$73.73,EUR,  Tienda Online XYZ ,compra online,compras
TX-001325,CUST-E0029,ACC-E0029A,"Jan 11, 2024",299.48, usd ,Restaurante El Fogon,almuerzo restaurante,alimentacion
TX-002121,CUST-E0030,  ACC-E0030B ,2024-01-15,$37.58,Dólares,  Restaurante El Fogon ,almuerzo restaurante,alimentacion
TX-003284,,ACC-E0025B,18/01/2024,39.16, usd ,,factura internet,
TX-000217,CUST-E0040,ACC-E0040B,"Jan 03, 2024",$77.40,usd,Internet Hogar,factura internet,
TX-000288,CUST-E0023,ACC-E0023A,2024-02-21,212.57,usd,Restaurante El Fogon,almuerzo restaurante,alimentacion
TX-000913,CUST-E0010,ACC-E0010B,2024-03-01,$59.17,Dólares,Uber,viaje uber,transporte
TX-002294,CUST-E0017,ACC-E0017A,"Feb 08, 2024",161.97,Usd,Inmobiliaria Norte,,vivienda
TX-003636,CUST-E0007,  ACC-E0007A ,"Jan 23, 2024",100.57,US$,Inmobiliaria Norte,renta apartamento,vivienda
TX-002461,CUST-E0027,ACC-E0027A,2024-01-30,50.26,Pesos,Inmobiliaria Norte,renta apartamento,vivienda
TX-004211,CUST-E0011,ACC-E0011A,2024-03-03,445.23,Dólares,Supermercado Central,compra semanal supermercado,alimentacion
TX-001299,CUST-E0034,ACC-E0034A,2024-01-18,3560.76,Usd,Tienda Online XYZ,compra online,compras
TX-000802,  CUST-E0033 ,ACC-E0033A,2024-03-11,$17.03,cop,Farmacia Salud,medicinas,
TX-001919,CUST-E0025,ACC-E0025B,"Mar 09, 2024",68.99, usd ,  Tienda Online XYZ ,compra online,compras
TX-003620,CUST-E0039,ACC-E0039A,"Feb 02, 2024",$69.48,US$,INMOBILIARIA NORTE,renta apartamento,vivienda
TX-001350,CUST-E0001,ACC-E0001A,2024-03-19,142.44,USD,,factura luz,
TX-004133,CUST-E0034,ACC-E0034A,22/03/2024,$133.48,usd,Supermercado Central,compra semanal supermercado,alimentacion
TX-002423,CUST-E0038,ACC-E0038A,"Mar 19, 2024",13.35,USD,Farmacia Salud,medicinas,salud
TX-001568,CUST-E0038,ACC-E0038A,23/03/2024,28.17,Dólares,Tienda Online XYZ,compra online,
TX-003685,CUST-E0022,acc-e0022a,2024-01-20,-183.16, usd ,Tienda Online XYZ,,compras
TX-001531,CUST-E0025,ACC-E0025B,04/03/2024,,US$,Spotify,suscripcion spotify,
TX-001203,CUST-E0024,ACC-E0024A,2024-03-10,151.44,Usd,Tienda Online XYZ,compra online,compras
TX-003668,CUST-E0023,ACC-E0023A,2024-01-08,34.27,usd,Uber,viaje uber,
TX-000770,CUST-E0020,ACC-E0020B,"Feb 26, 2024",144.55,Dólares,,suscripcion spotify,
TX-003439,CUST-E0001,ACC-E0001A,2024-03-15,$213.73,Usd,Netflix,suscripcion mensual netflix,suscripciones
TX-004045,CUST-E0019,  ACC-E0019A ,10/01/2024,54.09,Pesos,netflix,suscripcion mensual netflix,suscripciones
TX-003980,CUST-E0037,ACC-E0037A,02/02/2024,$259.82,US$,Internet Hogar,factura internet,servicios
TX-001669,CUST-E0010,ACC-E0010A,18/03/2024,40.91,usd,Farmacia Salud,medicinas,salud
TX-001641,cust-e0023,ACC-E0023A,26/02/2024,270.19,Dólares,Netflix,suscripcion mensual netflix,suscripciones
TX-000278,CUST-E0015,ACC-E0015A,"Jan 14, 2024",$24.78,Pesos,Inmobiliaria Norte,renta apartamento,
TX-002649,CUST-E0014,ACC-E0014A,"Mar 02, 2024",33.88,Usd,  Tienda Online XYZ ,compra online,compras
TX-003712,CUST-E0025,  ACC-E0025A ,07/01/2024,$1460.42, usd ,Restaurante El Fogon,almuerzo restaurante,alimentacion
TX-001562,CUST-E0010,ACC-E0010B,08/02/2024,$10.28, usd ,Supermercado Central,compra semanal supermercado,alimentacion
TX-001339,CUST-E0015,ACC-E0015A,31/01/2024,22.16,Pesos,UBER,viaje uber,transporte
TX-002533,CUST-E0033,ACC-E0033A,"Feb 08, 2024",$34.19,COP,Estacion Gasolina Sol,gasolina,transporte
TX-003945,CUST-E0012,acc-e0012a,"Feb 05, 2024",99.62,usd,Uber,,transporte
TX-003071,  CUST-E0005 ,ACC-E0005B,2024-01-07,102.42,eur,Restaurante El Fogon,almuerzo restaurante,
TX-003556,CUST-E0005,ACC-E0005B,12/01/2024,70.50,Euros,Estacion Gasolina Sol,gasolina,transporte
TX-000708,CUST-E0021,  ACC-E0021A ,2024-03-19,10.28,Dólares,  Farmacia Salud ,medicinas,salud
TX-002345,CUST-E0001,ACC-E0001A,"Mar 10, 2024",$47.89,US$,INTERNET HOGAR,factura internet,servicios
TX-003413,CUST-E0026,ACC-E0026A,25/01/2024,$50.24,,Netflix,suscripcion mensual netflix,suscripciones
TX-001650,CUST-E0018,acc-e0018a,2024-03-11,235.51,US$,Inmobiliaria Norte,renta apartamento,vivienda
TX-001136,CUST-E0010,ACC-E0010A,20/01/2024,37.97,usd,Uber,viaje uber,transporte
TX-000594,  CUST-E0028 ,ACC-E0028A,"Jan 05, 2024",170.26,US$,Estacion Gasolina Sol,gasolina,transporte
TX-001550,cust-e0009,ACC-E0009A,2024-02-09,36.72, usd ,Estacion Gasolina Sol,,transporte
TX-000936,CUST-E0032,ACC-E0032A,30/03/2024,182.03,usd,EMPRESA DE LUZ,factura luz,servicios
TX-002226,CUST-E0030,ACC-E0030A,2024-02-19,28.56,Usd,Spotify,suscripcion spotify,suscripciones
TX-002634,CUST-E0027,ACC-E0027A,07/02/2024,16.29,Pesos,RESTAURANTE EL FOGON,almuerzo restaurante,
TX-000657,CUST-E0001,  ACC-E0001A ,21/01/2024,46.53, usd ,Restaurante El Fogon,,alimentacion
TX-000932,  CUST-E0035 ,ACC-E0035A,2024-03-09,,Euros,estacion gasolina sol,gasolina,transporte
TX-001951,CUST-E0018,ACC-E0018A,2024-01-29,47.36, usd ,  Spotify ,,suscripciones
TX-003850,CUST-E0001,ACC-E0001A,02/03/2024,$94.37,Dólares,Estacion Gasolina Sol,gasolina,transporte
TX-001547,CUST-E0027,ACC-E0027A,"Mar 12, 2024",22.29,cop,Netflix,suscripcion mensual netflix,
TX-001317,CUST-E0014,ACC-E0014A,2024-02-09,187.14,US$,  Estacion Gasolina Sol ,,transporte
TX-004089,CUST-E0038,ACC-E0038A,12/03/2024,13.26,USD,Netflix,suscripcion mensual netflix,suscripciones
TX-001068,CUST-E0030,ACC-E0030B,13/01/2024,$40.08,,  Internet Hogar ,factura internet,servicios
TX-000353,CUST-E0027,  ACC-E0027A ,14/03/2024,$52.75,COP,Spotify,suscripcion spotify,suscripciones
TX-004210,  CUST-E0037 ,ACC-E0037A,2024-01-18,$92.73,Dólares,Uber,viaje uber,transporte
TX-003152,CUST-E0024,ACC-E0024A,"Jan 06, 2024",$79.20, usd ,Uber,viaje uber,transporte
TX-002404,CUST-E0007,ACC-E0007A,"Feb 02, 2024",$103.51,usd,Estacion Gasolina Sol,gasolina,transporte
TX-001055,CUST-E0002,  ACC-E0002A ,2024-01-29,14.40,usd,Netflix,suscripcion mensual netflix,suscripciones
TX-003241,CUST-E0012,  ACC-E0012A ,2024-02-26,$114.96,Usd,Netflix,suscripcion mensual netflix,suscripciones
TX-002344,CUST-E0010,ACC-E0010B,05/03/2024,33.83,US$,,suscripcion spotify,suscripciones
TX-003513,cust-e0007,ACC-E0007A,23/01/2024,$125.16,USD,Internet Hogar,factura internet,servicios
TX-003066,cust-e0007,ACC-E0007A,2024-01-10,83.10,US$,Spotify,suscripcion spotify,suscripciones
TX-003047,CUST-E0009,ACC-E0009A,"Mar 10, 2024",$13.24,US$,Supermercado Central,compra semanal supermercado,alimentacion
TX-003270,CUST-E0028,ACC-E0028A,2024-01-09,65.68,Usd,Tienda Online XYZ,compra online,compras
TX-003354,CUST-E0029,ACC-E0029A,"Jan 22, 2024",230.76,Usd,,suscripcion mensual netflix,suscripciones
TX-000665,CUST-E0040,ACC-E0040A,23/02/2024,8000000,usd
TX-003202,CUST-E0035,ACC-E0035A,"Mar 14, 2024",106.93,EUR,Restaurante El Fogon,almuerzo restaurante,alimentacion
TX-000948,CUST-E0002,ACC-E0002A,26/03/2024,7.00,USD,Internet Hogar,factura internet,servicios
TX-001802,cust-e0001,ACC-E0001A,23/03/2024,1008.05,usd,Uber,viaje uber,transporte
TX-002513,CUST-E0015,ACC-E0015B,01/01/2024,$149.76,cop,Spotify,suscripcion spotify,suscripciones
TX-003158,CUST-E0040,ACC-E0040A,11/02/2024,$74.28,Usd,Tienda Online XYZ,,compras
TX-002724,CUST-E0001,acc-e0001a,09/03/2024,106.65,usd,Estacion Gasolina Sol,gasolina,transporte
TX-004154,CUST-E0005,ACC-E0005B,12/01/2024,31.20,EUR,Internet Hogar,factura internet,servicios
TX-000354,CUST-E0023,ACC-E0023A,2024-03-25,134.29,usd,Internet Hogar,factura internet,servicios
TX-003187,cust-e0037,ACC-E0037A,"Jan 26, 2024",54.92,Dólares,Restaurante El Fogon,almuerzo restaurante,alimentacion
TX-001977,CUST-E0037,ACC-E0037A,"Jan 08, 2024",60.33,USD,Estacion Gasolina Sol,gasolina,
TX-000729,CUST-E0008,  ACC-E0008A ,2024-02-28,107.92,US$,,viaje uber,transporte
TX-000880,CUST-E0018,ACC-E0018A,19/01/2024,$126.67,Dólares,Netflix,suscripcion mensual netflix,suscripciones
TX-002507,CUST-E0028,acc-e0028a,2024-01-20,$110.57, usd ,Restaurante El Fogon,almuerzo restaurante,alimentacion
TX-001116,CUST-E0015,ACC-E0015A,01/02/2024,$59.08,Pesos,  Empresa de Luz ,,servicios
TX-001266,CUST-E0032,  ACC-E0032A ,2024-01-16,$136.75,Usd,Empresa de Luz,factura luz,
TX-003027,CUST-E0002,ACC-E0002A,2024-02-06,$8.35,USD,netflix,suscripcion mensual netflix,suscripciones
TX-004278,CUST-E0009,ACC-E0009A,2024-03-04,14.19,US$,  Inmobiliaria Norte ,renta apartamento,vivienda
TX-003252,CUST-E0011,ACC-E0011A,24/03/2024,-40.84,Usd,  Restaurante El Fogon ,almuerzo restaurante,alimentacion
TX-002598,cust-e0019,ACC-E0019A,"Jan 16, 2024",55.23,cop,UBER,viaje uber,transporte
TX-000433,CUST-E0037,ACC-E0037A,2024-03-10,$46.86,,Tienda Online XYZ,compra online,compras
TX-000748,CUST-E0039,ACC-E0039A,2024-03-09,$75.29,Usd,Tienda Online XYZ,compra online,compras
TX-004152,CUST-E0036,ACC-E0036A,24/02/2024,17.06, usd ,Uber,viaje uber,transporte
TX-003885,CUST-E0035,ACC-E0035A,12/01/2024,122.63,Euros,,factura luz,
TX-002332,CUST-E0018,ACC-E0018A,2024-01-27,85.61,Usd,Uber,,transporte
TX-000816,CUST-E0015,acc-e0015a,"Mar 21, 2024",77.56,cop,INTERNET HOGAR,factura internet,
TX-000850,CUST-E0035,ACC-E0035B,2024-01-27,$125.08,EUR,Empresa de Luz,factura luz,
TX-000961,cust-e0024,ACC-E0024A,02/01/2024,297.96,US$,Inmobiliaria Norte,renta apartamento,vivienda
TX-003615,CUST-E0008,ACC-E0008A,"Jan 15, 2024",466.03,US$,Tienda Online XYZ,,
TX-003473,CUST-E0033,ACC-E0033A,"Jan 07, 2024",42.45,Pesos,Internet Hogar,factura internet,servicios
TX-003347,CUST-E0003,ACC-E0003A,2024-03-23,16.43,usd,Uber,,transporte
TX-002004,,ACC-E0012A,"Feb 06, 2024",275.28,Usd,Estacion Gasolina Sol,gasolina,transporte
TX-000274,CUST-E0017,ACC-E0017A,15-01-24,175.49,US$,Estacion Gasolina Sol,gasolina,transporte
TX-000299,CUST-E0019,ACC-E0019A,08/03/2024,17.43,COP,Empresa de Luz,factura luz,servicios
TX-000147,CUST-E0003,ACC-E0003A,13/01/2024,18.11,usd,Farmacia Salud,medicinas,salud
TX-000862,CUST-E0006,ACC-E0006A,21/01/2024,$119.00,USD,Internet Hogar,factura internet,servicios
TX-002707,CUST-E0012,  ACC-E0012A ,25/02/2024,130.07,Usd,Netflix,suscripcion mensual netflix,suscripciones
TX-000772,cust-e0009,ACC-E0009A,2024-03-21,$7.98,USD,Inmobiliaria Norte,renta apartamento,
TX-002955,CUST-E0031,ACC-E0031A,"Jan 17, 2024",226.34,usd,Estacion Gasolina Sol,gasolina,transporte
TX-003540,CUST-E0007,ACC-E0007A,2024-03-06,71.96,usd,SPOTIFY,suscripcion spotify,suscripciones
TX-003700,cust-e0020,ACC-E0020A,27/03/2024,114.61,US$,Tienda Online XYZ,compra online,compras
TX-003070,CUST-E0018,ACC-E0018A,08/02/2024,315.32,usd,Uber,,transporte
TX-000037,CUST-E0034,ACC-E0034A,08/01/2024,78.55,usd,Inmobiliaria Norte,renta apartamento,vivienda
TX-000110,CUST-E0030,  ACC-E0030A ,"Feb 19, 2024",24.09,US$,Spotify,suscripcion spotify,suscripciones
TX-002727,CUST-E0009,ACC-E0009A,2024-01-10,$5.92,Usd,Internet Hogar,factura internet,servicios
TX-002154,CUST-E0002,  ACC-E0002A ,2024-02-16,23.96,Usd,,renta apartamento,vivienda
TX-001687,CUST-E0005,  ACC-E0005B ,2024-03-14,$57.25,EUR,Inmobiliaria Norte,renta apartamento,vivienda
TX-002548,CUST-E0021,  ACC-E0021A ,2024-02-21,$11.54,,Spotify,suscripcion spotify,suscripciones
TX-004172,CUST-E0001,ACC-E0001A,"Mar 26, 2024",61.25, usd ,Supermercado Central,compra semanal supermercado,alimentacion
TX-003472,CUST-E0023,ACC-E0023A,20/01/2024,$100.36,Usd,Restaurante El Fogon,,alimentacion
TX-000146,cust-e0012,ACC-E0012A,2024-02-27,$165.38,Usd,INMOBILIARIA NORTE,renta apartamento,
TX-003936,CUST-E0015,ACC-E0015A,02/01/2024,30.89,,,,
TX-002967,CUST-E0034,ACC-E0034A,2024-01-26,76.64,US$,  Spotify ,suscripcion spotify,suscripciones
TX-000452,CUST-E0038,  ACC-E0038A ,"Feb 01, 2024",$6.53,Usd,  Uber ,viaje uber,
TX-003878,CUST-E0021,ACC-E0021A,"Jan 28, 2024",41.48,usd,Supermercado Central,compra semanal supermercado,alimentacion
TX-001946,  CUST-E0032 ,ACC-E0032A,2024-01-29,$145.35, usd ,Internet Hogar,factura internet,servicios
TX-001987,  CUST-E0030 ,ACC-E0030B,"Mar 29, 2024",$10.56,USD,spotify,suscripcion spotify,suscripciones
TX-002292,CUST-E0008,  ACC-E0008A ,2024-01-28,$37.25,Usd,Spotify,suscripcion spotify,suscripciones
TX-002985,CUST-E0018,  ACC-E0018A ,2024-02-20,104.19,US$,Tienda Online XYZ,compra online,compras
TX-000947,cust-e0039,ACC-E0039A,02/01/2024,-21.68,USD,Inmobiliaria Norte,renta apartamento,
TX-002836,CUST-E0018,ACC-E0018A,"Feb 07, 2024",$75.50,usd,Tienda Online XYZ,,compras
TX-000911,CUST-E0036,ACC-E0036A,2024-01-15,15.13,Dólares,Supermercado Central,,alimentacion
TX-001741,CUST-E0002,ACC-E0002A,2024-02-08,21.01,US$,Farmacia Salud,medicinas,salud
TX-004048,CUST-E0016,ACC-E0016A,05/01/2024,$381.90,usd,Restaurante El Fogon,almuerzo restaurante,alimentacion
TX-000211,CUST-E0008,ACC-E0008A,"Mar 21, 2024",$59.65, usd ,Netflix,suscripcion mensual netflix,suscripciones
TX-003881,CUST-E0012,ACC-E0012A,2024-02-05,,Usd,SPOTIFY,suscripcion spotify,suscripciones
TX-004062,CUST-E0003,ACC-E0003A,2024-03-08,39.56,USD,  Internet Hogar ,factura internet,servicios
TX-003370,CUST-E0002,ACC-E0002A,2024-03-28,$22.95,US$,  Netflix ,suscripcion mensual netflix,
TX-001648,  CUST-E0027 ,ACC-E0027A,2024-02-16,128.72,Pesos,estacion gasolina sol,,transporte
TX-003515,CUST-E0032,ACC-E0032A,"Jan 27, 2024",206.09, usd ,Estacion Gasolina Sol,gasolina,transporte
TX-001506,cust-e0028,ACC-E0028A,21/02/2024,254.48,US$,Spotify,suscripcion spotify,suscripciones
TX-000492,CUST-E0009,ACC-E0009A,2024-01-01,$7.51,Usd,Uber,viaje uber,transporte
TX-002425,  CUST-E0012 ,ACC-E0012A,"Mar 30, 2024",108.86, usd ,Estacion Gasolina Sol,,transporte
TX-001795,cust-e0011,ACC-E0011A,"Feb 28, 2024",15.24, usd ,,compra semanal supermercado,alimentacion
TX-002514,CUST-E0017,ACC-E0017A,"Mar 06, 2024",$123.24,US$,Supermercado Central,compra semanal supermercado,alimentacion
TX-001462,CUST-E0013,  ACC-E0013A ,"Mar 16, 2024",$46.89,Dólares,UBER,viaje uber,transporte
TX-002977,CUST-E0006,ACC-E0006A,2024-03-22,243.23,Dólares,Netflix,suscripcion mensual netflix,suscripciones
TX-002656,CUST-E0007,  ACC-E0007A ,2024-01-23,$68.82, usd ,INMOBILIARIA NORTE,renta apartamento,
TX-003026,CUST-E0013,ACC-E0013A,2024-01-20,$57.68,US$,Farmacia Salud,medicinas,salud
TX-003277,CUST-E0040,ACC-E0040B,22/01/2024,93.71,,Tienda Online XYZ,compra online,
TX-001992,cust-e0032,ACC-E0032A,2024-01-21,73.96,Dólares,Supermercado Central,compra semanal supermercado,
TX-002409,cust-e0014,ACC-E0014A,2024-03-28,85.62,Usd,Uber,viaje uber,transporte
TX-000187,CUST-E0036,ACC-E0036A,"Mar 27, 2024",$95.61, usd ,SUPERMERCADO CENTRAL,,alimentacion
TX-004271,CUST-E0039,  ACC-E0039A ,11/01/2024,50.69,Dólares,Supermercado Central,compra semanal supermercado,
TX-001102,CUST-E0009,ACC-E0009A,01/02/2024,$16.52,USD,Internet Hogar,factura internet,servicios
TX-004080,CUST-E0011,ACC-E0011A,2024-03-29,15.68,usd,  Farmacia Salud ,medicinas,salud
TX-002038,CUST-E0004,acc-e0004a,23/03/2024,40.14,US$,Inmobiliaria Norte,,vivienda
TX-003511,CUST-E0022,ACC-E0022A,18/01/2024,163.51,Usd,Spotify,,suscripciones
TX-004105,CUST-E0024,acc-e0024a,Mar 20, 2024,89.16,,Uber,viaje uber,transporte,extra,columnas
TX-003028,CUST-E0003,  ACC-E0003A ,"Feb 12, 2024",$10.10,Dólares,Netflix,,suscripciones
TX-004013,CUST-E0010,ACC-E0010A,2024-01-14,$16.98, usd ,  Uber ,,transporte
TX-001399,CUST-E0012,ACC-E0012A,"Mar 15, 2024",361.02,USD,  Spotify ,suscripcion spotify,
TX-000292,CUST-E0014,ACC-E0014A,"Jan 07, 2024",65.54,Dólares,Internet Hogar,factura internet,servicios
TX-000306,CUST-E0033,ACC-E0033A,"Mar 16, 2024",22.56,Pesos,Supermercado Central,compra semanal supermercado,alimentacion
TX-001825,  CUST-E0022 ,acc-e0022a,2024-03-05,$228.94,US$,Spotify,suscripcion spotify,suscripciones
TX-003688,CUST-E0021,ACC-E0021A,"Feb 15, 2024",$42.96, usd ,  Inmobiliaria Norte ,renta apartamento,vivienda
TX-000778,CUST-E0019,ACC-E0019A,2024-03-22,30.94,Pesos,Inmobiliaria Norte,renta apartamento,vivienda
TX-002224,CUST-E0039,ACC-E0039A,"Jan 10, 2024",$71.90,USD,Uber,viaje uber,transporte
TX-003388,CUST-E0034,ACC-E0034A,"Feb 12, 2024",196.63,USD,Empresa de Luz,factura luz,servicios
TX-001619,  CUST-E0015 ,ACC-E0015B,"Feb 07, 2024",40.13,Pesos,Internet Hogar,factura internet,
TX-000877,CUST-E0007,ACC-E0007A,2024-03-11,68.05, usd ,,renta apartamento,vivienda
TX-003215,CUST-E0030,ACC-E0030B,2024-03-06,50.33,Dólares,Spotify,suscripcion spotify,suscripciones
TX-001617,CUST-E0019,  ACC-E0019A ,2024-03-28,46.92,cop,Spotify,suscripcion spotify,suscripciones
TX-004102,CUST-E0021,ACC-E0021A,"Mar 09, 2024",$37.11,usd,Restaurante El Fogon,almuerzo restaurante,
TX-001950,CUST-E0012,ACC-E0012A,"Jan 07, 2024",$74.13,US$,Supermercado Central,compra semanal supermercado,
TX-000792,  CUST-E0003 ,ACC-E0003A,"Mar 07, 2024",38.67,USD,,suscripcion mensual netflix,suscripciones
TX-001043,CUST-E0036,ACC-E0036A,"Feb 26, 2024",164.11,usd,Empresa de Luz,,servicios
TX-002882,cust-e0029,  ACC-E0029A ,2024-02-04,267.26,Usd,Spotify,suscripcion spotify,
TX-002983,CUST-E0004,ACC-E0004A,"Jan 10, 2024",41.11,US$,Supermercado Central,compra semanal supermercado,alimentacion
TX-002300,cust-e0040,ACC-E0040B,2024-02-08,$66.39,USD,Inmobiliaria Norte,renta apartamento,vivienda
TX-003862,CUST-E0038,ACC-E0038A,"Jan 29, 2024",15.67,Dólares,Supermercado Central,compra semanal supermercado,alimentacion
TX-002337,CUST-E0037,ACC-E0037A,2024-02-23,97.08,Dólares,RESTAURANTE EL FOGON,almuerzo restaurante,alimentacion
TX-000638,CUST-E0027,ACC-E0027A,"Jan 01, 2024",66.00,COP,Inmobiliaria Norte,,vivienda
TX-003062,CUST-E0018,ACC-E0018A,"Mar 12, 2024",163.20,USD,Restaurante El Fogon,almuerzo restaurante,alimentacion
TX-003478,CUST-E0007,ACC-E0007A,09/02/2024,$54.38,USD,Spotify,,suscripciones
TX-002405,CUST-E0034,ACC-E0034A,"Jan 23, 2024",$48.88,Dólares,Empresa de Luz,factura luz,
TX-000440,CUST-E0033,ACC-E0033A,"Feb 21, 2024",$54.11,cop,Restaurante El Fogon,almuerzo restaurante,alimentacion
TX-002997,CUST-E0002,ACC-E0002A,"Feb 05, 2024",$16.57,Dólares,Empresa de Luz,factura luz,servicios
TX-002439,CUST-E0027,ACC-E0027A,16/03/2024,26.81,,Internet Hogar,factura internet,servicios
TX-003743,CUST-E0040,ACC-E0040A,"Jan 04, 2024",$71.12,Dólares,Restaurante El Fogon,almuerzo restaurante,alimentacion
TX-000767,  CUST-E0004 ,  ACC-E0004A ,2024-03-08,97.49,Usd,Estacion Gasolina Sol,gasolina,transporte
TX-001762,  CUST-E0006 ,ACC-E0006A,"Mar 01, 2024",$79.94,Usd,netflix,suscripcion mensual netflix,suscripciones
TX-000768,CUST-E0023,  ACC-E0023A ,"Mar 02, 2024",96.41,USD,Restaurante El Fogon,,alimentacion
TX-001069,  CUST-E0010 ,ACC-E0010B,2024-03-21,7.99,Dólares,empresa de luz,factura luz,servicios
TX-003423,CUST-E0040,ACC-E0040B,2024-02-12,40.73,USD,Inmobiliaria Norte,renta apartamento,vivienda
TX-002315,CUST-E0014,ACC-E0014A,"Mar 20, 2024",61.15,usd,Empresa de Luz,factura luz,servicios
TX-001133,  CUST-E0014 ,ACC-E0014A,"Mar 20, 2024",34.45,Usd,Supermercado Central,compra semanal supermercado,alimentacion
TX-001608,CUST-E0035,ACC-E0035B,20/03/2024,125.23,Euros,Uber,viaje uber,transporte
TX-002992,CUST-E0001,ACC-E0001A,"Mar 19, 2024",58.92, usd ,Internet Hogar,,servicios
TX-000028,CUST-E0007,ACC-E0007A,"Jan 18, 2024",24.53,US$,Inmobiliaria Norte,renta apartamento,vivienda
TX-002881,CUST-E0003,ACC-E0003A,2024-03-18,21.31,USD,,suscripcion spotify,suscripciones
TX-002676,CUST-E0001,ACC-E0001A,2024-02-19,202.90, usd ,Spotify,suscripcion spotify,suscripciones
TX-001502,CUST-E0040,ACC-E0040B,"Feb 24, 2024",$56.13, usd ,,gasolina,transporte
TX-000703,CUST-E0020,ACC-E0020B,"Feb 10, 2024",$52.58,Dólares,  Restaurante El Fogon ,almuerzo restaurante,alimentacion
TX-001985,CUST-E0040,ACC-E0040B,2024-02-05,147.33,USD,Empresa de Luz,factura luz,
TX-003377,CUST-E0019,ACC-E0019A,"Feb 12, 2024",$30.21,cop,  Inmobiliaria Norte ,renta apartamento,vivienda
TX-002394,CUST-E0031,ACC-E0031A,2024-01-29,$28.38,USD,Inmobiliaria Norte,renta apartamento,vivienda
TX-001025,CUST-E0019,  ACC-E0019A ,"Mar 04, 2024",$38.74,COP,Estacion Gasolina Sol,gasolina,
TX-003886,cust-e0013,ACC-E0013A,21/01/2024,$27.98,US$,Spotify,suscripcion spotify,
TX-003181,CUST-E0040,ACC-E0040A,"Mar 16, 2024",$105.53,,Netflix,suscripcion mensual netflix,suscripciones
TX-000967,CUST-E0030,acc-e0030b,19/01/2024,13.26,usd,Inmobiliaria Norte,renta apartamento,vivienda
TX-000095,CUST-E0021,ACC-E0021A,2024-02-03,11.05,Dólares,Empresa de Luz,factura luz,servicios
TX-001463,CUST-E0006,ACC-E0006A,"Feb 02, 2024",308.40,usd,Inmobiliaria Norte,renta apartamento,vivienda
TX-000581,CUST-E0019,ACC-E0019A,2024-02-15,$50.41,COP,netflix,suscripcion mensual netflix,suscripciones
TX-000106,  CUST-E0033 ,ACC-E0033A,"Jan 19, 2024",14.00,Pesos,Empresa de Luz,factura luz,servicios
TX-001971,,ACC-E0008A,19/03/2024,$61.40,usd,  Netflix ,suscripcion mensual netflix,
TX-003400,CUST-E0023,ACC-E0023A,"Jan 29, 2024",104.62,usd,INTERNET HOGAR,factura internet,
TX-000169,CUST-E0013,  ACC-E0013A ,12/03/2024,$105.24,usd,Estacion Gasolina Sol,gasolina,transporte
TX-003507,CUST-E0038,ACC-E0038A,"Mar 05, 2024",20.36, usd ,Restaurante El Fogon,almuerzo restaurante,
TX-001079,CUST-E0009,  ACC-E0009A ,20/01/2024,24.79,USD,EMPRESA DE LUZ,,servicios
TX-002579,CUST-E0002,ACC-E0002A,2024-02-25,14.86,USD,Tienda Online XYZ,compra online,compras
TX-000876,CUST-E0015,ACC-E0015B,2024-03-23,18.32,cop,Tienda Online XYZ,compra online,compras
TX-001809,CUST-E0032,ACC-E0032A,2024-02-20,89.19,Usd,  Uber ,viaje uber,transporte
TX-001872,CUST-E0018,ACC-E0018A,2024-03-02,155.17,Dólares,,factura internet,servicios
TX-003336,CUST-E0032,ACC-E0032A,2024-01-24,$102.41, usd ,Empresa de Luz,factura luz,servicios
TX-001361,CUST-E0004,ACC-E0004A,27/02/2024,149.64,usd,Farmacia Salud,medicinas,salud
TX-002575,CUST-E0011,ACC-E0011A,2024-03-25,$35.64,USD,,almuerzo restaurante,
TX-002974,CUST-E0035,  ACC-E0035A ,2024-02-17,$188.19,eur,  Empresa de Luz ,,servicios
TX-003035,CUST-E0014,ACC-E0014A,2024-02-07,62.17,usd,Netflix,suscripcion mensual netflix,suscripciones
TX-003089,CUST-E0005,ACC-E0005A,"Mar 12, 2024",54.79,eur,,,
TX-001000,CUST-E0029,ACC-E0029A,,$84.89,US$,,compra semanal supermercado,alimentacion
TX-000700,CUST-E0009,ACC-E0009A,18/01/2024,26.14,usd,Restaurante El Fogon,almuerzo restaurante,
TX-001770,  CUST-E0004 ,ACC-E0004A,2024-02-19,30.17, usd ,Restaurante El Fogon,almuerzo restaurante,alimentacion
TX-000203,CUST-E0033,ACC-E0033A,2024-02-20,159.92,cop,Empresa de Luz,factura luz,servicios
TX-003576,CUST-E0034,  ACC-E0034A ,2024-02-21,, usd ,Inmobiliaria Norte,renta apartamento,vivienda
TX-002436,CUST-E0014,ACC-E0014A,04/02/2024,$55.82,US$,N/A,renta apartamento,vivienda
TX-000071,CUST-E0014,ACC-E0014A,2024-03-30,295.14,USD,N/A,compra online,
TX-000220,CUST-E0040,ACC-E0040B,2024-01-06,$1924.07,usd,NETFLIX,suscripcion mensual netflix,
TX-002360,CUST-E0004,ACC-E0004A,"Feb 16, 2024",28.11,US$,spotify,suscripcion spotify,
TX-001454,CUST-E0023,ACC-E0023A,2024-01-14,$150.84,Usd,  Restaurante El Fogon ,almuerzo restaurante,alimentacion
TX-004069,CUST-E0025,ACC-E0025B,"Jan 05, 2024",77.61,US$,,suscripcion mensual netflix,suscripciones
TX-002138,CUST-E0027,ACC-E0027A,22/03/2024,24.25,COP,Estacion Gasolina Sol,gasolina,transporte
TX-003783,CUST-E0028,ACC-E0028A,14/03/2024,71.41,usd,Tienda Online XYZ,compra online,compras
TX-002003,CUST-E0023,ACC-E0023A,2024-03-02,$426.68,US$,Restaurante El Fogon,almuerzo restaurante,alimentacion
TX-000057,CUST-E0030,ACC-E0030B,09/03/2024,27.32,USD,,suscripcion mensual netflix,suscripciones
TX-003153,CUST-E0017,ACC-E0017A,2024-01-10,581.07,usd,Inmobiliaria Norte,renta apartamento,vivienda
TX-003003,CUST-E0039,ACC-E0039A,30/03/2024,$78.58, usd ,Restaurante El Fogon,almuerzo restaurante,alimentacion
TX-003692,CUST-E0035,ACC-E0035B,2024-02-09,198.85,Euros,Netflix,suscripcion mensual netflix,
TX-000536,CUST-E0034,ACC-E0034A,21/02/2024,$129.55,usd,supermercado central,compra semanal supermercado,alimentacion
TX-002048,cust-e0012,ACC-E0012A,2024-01-09,$73.63, usd ,Empresa de Luz,,servicios
TX-000167,  CUST-E0001 ,ACC-E0001A,"Mar 28, 2024",74.27, usd ,Inmobiliaria Norte,renta apartamento,
TX-004237,cust-e0017,ACC-E0017A,"Jan 06, 2024",$141.42,USD,Supermercado Central,,
TX-003477,CUST-E0022,ACC-E0022A,"Feb 24, 2024",79.72,US$,Restaurante El Fogon,almuerzo restaurante,alimentacion
TX-001020,CUST-E0006,ACC-E0006A,04/03/2024,$229.94,US$,restaurante el fogon,,alimentacion
TX-000228,,ACC-E0010A,2024-02-26,13.94, usd ,Empresa de Luz,factura luz,servicios
TX-000969,CUST-E0003,ACC-E0003A,2024-02-27,50.80,US$,Estacion Gasolina Sol,,transporte
TX-000607,CUST-E0003,ACC-E0003A,08/01/2024,$30.79,Usd,Farmacia Salud,medicinas,salud
TX-002448,CUST-E0007,ACC-E0007A,2024-02-14,118.46,US$,Estacion Gasolina Sol,gasolina,
TX-001576,CUST-E0027,ACC-E0027A,"Feb 10, 2024",$84.66,COP,Spotify,suscripcion spotify,suscripciones
TX-002309,CUST-E0039,ACC-E0039A,2024-01-23,48.78,usd,Supermercado Central,compra semanal supermercado,
TX-001392,CUST-E0028,ACC-E0028A,2024-03-28,$161.16,Dólares,Farmacia Salud,medicinas,salud
TX-003577,CUST-E0006,ACC-E0006A,"Jan 28, 2024",191.01, usd ,Netflix,,
TX-003961,CUST-E0033,ACC-E0033A,12/01/2024,109.72,Pesos,ESTACION GASOLINA SOL,gasolina,
TX-001850,  CUST-E0019 ,ACC-E0019A,"Mar 11, 2024",$24.52,COP,  Supermercado Central ,,alimentacion
TX-003385,CUST-E0001,ACC-E0001A,"Jan 18, 2024",64.66, usd ,Netflix,suscripcion mensual netflix,suscripciones
TX-001867,CUST-E0036,ACC-E0036A,31/02/2024,33.45,Dólares,Netflix,suscripcion mensual netflix,
TX-001924,CUST-E0018,ACC-E0018A,,130.12,Dólares,Empresa de Luz,factura luz,servicios
TX-003643,CUST-E0007,  ACC-E0007A ,2024-01-31,65.52,Dólares,Uber,viaje uber,transporte
TX-002731,CUST-E0009,ACC-E0009A,06/01/2024,32.49,US$,Restaurante El Fogon,almuerzo restaurante,alimentacion
TX-000483,CUST-E0040,ACC-E0040B,16/02/2024,31.98,usd,Spotify,suscripcion spotify,suscripciones
TX-001467,CUST-E0019,ACC-E0019A,2024-03-09,28.48,cop,Estacion Gasolina Sol,gasolina,transporte
TX-003797,CUST-E0040,ACC-E0040B,"Mar 20, 2024",72.80,usd,Internet Hogar,factura internet,servicios
TX-002508,CUST-E0006,ACC-E0006A,30/01/2024,346.34, usd ,SUPERMERCADO CENTRAL,compra semanal supermercado,alimentacion
TX-002186,CUST-E0029,ACC-E0029A,26/03/2024,289.81,usd,  Inmobiliaria Norte ,renta apartamento,vivienda,extra,columnas
TX-002534,CUST-E0022,ACC-E0022A,"Feb 06, 2024",400.21, usd ,Spotify,suscripcion spotify,suscripciones
TX-003765,  CUST-E0005 ,ACC-E0005B,2024-03-05,67.43,eur,Netflix,suscripcion mensual netflix,suscripciones
TX-003173,CUST-E0038,ACC-E0038A,27/03/2024,69.99,US$,INMOBILIARIA NORTE,renta apartamento,vivienda
TX-002114,CUST-E0024,ACC-E0024A,15/03/2024,154.68,usd,Spotify,suscripcion spotify,suscripciones
TX-000747,CUST-E0040,ACC-E0040A,2024-02-24,$20.49,Dólares,Spotify,suscripcion spotify,suscripciones
TX-002860,  CUST-E0015 ,ACC-E0015A,04/01/2024,$35.64,Pesos,EMPRESA DE LUZ,factura luz,servicios
TX-001067,CUST-E0014,ACC-E0014A,02/03/2024,$20.29,usd,Supermercado Central,compra semanal supermercado,alimentacion
TX-002571,CUST-E0021,ACC-E0021A,16/02/2024,$44.01,US$,Estacion Gasolina Sol,gasolina,transporte
TX-003352,,ACC-E0018A,2024-02-13,$167.32,Dólares,Empresa de Luz,,
TX-003334,cust-e0025,ACC-E0025B,,55.52,Usd,Supermercado Central,,alimentacion
TX-000041,  CUST-E0025 ,  ACC-E0025B ,18/01/2024,$40.61,US$,Estacion Gasolina Sol,gasolina,transporte
TX-001643,CUST-E0015,ACC-E0015A,11/01/2024,54.12,Pesos,Estacion Gasolina Sol,gasolina,transporte
TX-002087,CUST-E0007,  ACC-E0007A ,31/01/2024,182.23,usd,Spotify,suscripcion spotify,suscripciones
TX-003904,CUST-E0006,ACC-E0006A,2024-02-13,$159.51,USD,RESTAURANTE EL FOGON,almuerzo restaurante,alimentacion
TX-001126,CUST-E0011,ACC-E0011A,03/02/2024,23.16,Usd,Supermercado Central,compra semanal supermercado,alimentacion
TX-001232,CUST-E0037,ACC-E0037A,2024-03-05,$54.03,Dólares,Supermercado Central,compra semanal supermercado,alimentacion
TX-003703,CUST-E0037,ACC-E0037A,2024-01-20,$48.23, usd ,Internet Hogar,factura internet,
TX-001382,CUST-E0011,ACC-E0011A,"Jan 17, 2024",40.88,Usd,Empresa de Luz,factura luz,servicios
TX-000128,CUST-E0029,ACC-E0029A,2024-01-07,$95.36, usd ,,viaje uber,
TX-002491,CUST-E0031,ACC-E0031A,"Jan 07, 2024",$156.43,usd,  Spotify ,suscripcion spotify,suscripciones
TX-000069,CUST-E0026,ACC-E0026A,25/02/2024,42.06,usd,Farmacia Salud,medicinas,salud
TX-003234,CUST-E0039,acc-e0039a,16/01/2024,$76.88,usd,Netflix,suscripcion mensual netflix,
TX-001530,CUST-E0018,ACC-E0018A,27/02/2024,70.06,Usd,Spotify,,suscripciones
TX-000716,  CUST-E0030 ,ACC-E0030B,"Mar 12, 2024",316.00,USD,Supermercado Central,compra semanal supermercado,
TX-000007,CUST-E0028,ACC-E0028A,"Jan 03, 2024",99.73,usd,Inmobiliaria Norte,renta apartamento,vivienda
TX-001161,CUST-E0027,ACC-E0027A,"Jan 07, 2024",42.26,cop,Internet Hogar,factura internet,servicios
TX-001700,  CUST-E0004 ,ACC-E0004A,16/01/2024,$61.50,USD,Uber,viaje uber,transporte
TX-001338,CUST-E0008,ACC-E0008A,18/03/2024,58.89,Dólares,SUPERMERCADO CENTRAL,compra semanal supermercado,
TX-000780,CUST-E0039,acc-e0039a,"Feb 25, 2024",80.73,Dólares,Spotify,suscripcion spotify,suscripciones
TX-001304,CUST-E0008,ACC-E0008A,"Mar 18, 2024",65.63,US$,Tienda Online XYZ,compra online,
TX-000409,CUST-E0034,ACC-E0034A,16/03/2024,$220.50,usd,,suscripcion spotify,
TX-004151,CUST-E0005,ACC-E0005B,"Jan 15, 2024",112.27,eur,Supermercado Central,compra semanal supermercado,alimentacion
TX-000438,CUST-E0037,ACC-E0037A,2024-03-12,84.27, usd ,Uber,viaje uber,transporte
TX-001724,CUST-E0030,ACC-E0030B,"Mar 19, 2024",51.85,USD,Restaurante El Fogon,almuerzo restaurante,alimentacion
TX-000529,CUST-E0014,ACC-E0014A,"Feb 12, 2024",102.62,US$,Spotify,,suscripciones
TX-001602,CUST-E0036,  ACC-E0036A ,2024-02-15,40.25,Dólares,  Estacion Gasolina Sol ,gasolina,transporte
TX-001730,CUST-E0004,ACC-E0004A,2024-01-23,54.46,usd,ESTACION GASOLINA SOL,gasolina,
TX-002124,CUST-E0014,ACC-E0014A,"Feb 16, 2024",60.20,Dólares,Restaurante El Fogon,almuerzo restaurante,alimentacion
TX-000059,CUST-E0019,ACC-E0019A,03/01/2024,43.90,Pesos,Empresa de Luz,,
TX-002987,CUST-E0030,ACC-E0030B,,"5,000,000.00", usd ,Restaurante El Fogon,almuerzo restaurante,
TX-001342,CUST-E0005,ACC-E0005B,2024-01-22,$114.24,EUR,spotify,suscripcion spotify,suscripciones
TX-000771,CUST-E0002,ACC-E0002A,"Jan 29, 2024",37.31,Dólares,Spotify,suscripcion spotify,suscripciones
TX-002738,CUST-E0017,ACC-E0017A,15/03/2024,$175.34,US$,internet hogar,factura internet,servicios
TX-002087,CUST-E0007,  ACC-E0007A ,31/01/2024,182.23,usd,Spotify,suscripcion spotify,suscripciones
TX-004090,CUST-E0009,ACC-E0009A,"Jan 19, 2024",4.85, usd ,estacion gasolina sol,gasolina,
TX-001645,CUST-E0018,ACC-E0018A,"Feb 22, 2024",$67.71,Usd,Tienda Online XYZ,compra online,compras
TX-003262,cust-e0029,ACC-E0029A,2024-03-02,,Dólares,Empresa de Luz,factura luz,servicios
TX-001099,CUST-E0026,ACC-E0026A,"Feb 18, 2024",$117.73,Dólares,Supermercado Central,compra semanal supermercado,alimentacion
TX-003781,CUST-E0026,acc-e0026a,2024-03-11,86.15,Dólares,Supermercado Central,compra semanal supermercado,alimentacion
TX-000890,CUST-E0005,ACC-E0005A,2024-01-04,$207.75,eur,SUPERMERCADO CENTRAL,compra semanal supermercado,
TX-003537,CUST-E0014,ACC-E0014A,"Jan 27, 2024",93.44,Dólares,Farmacia Salud,medicinas,salud
TX-003896,CUST-E0011,ACC-E0011A,04/03/2024,57.56, usd ,  Netflix ,suscripcion mensual netflix,suscripciones
TX-003350,CUST-E0039,  ACC-E0039A ,04/03/2024,26.16,usd,SUPERMERCADO CENTRAL,compra semanal supermercado,alimentacion
TX-000535,,ACC-E0035A,16/03/2024,176.63,Euros,Netflix,suscripcion mensual netflix,suscripciones
TX-000235,cust-e0031,ACC-E0031A,"Jan 08, 2024",48.39,usd,Internet Hogar,factura internet,servicios
TX-000712,CUST-E0022,ACC-E0022A,21/03/2024,217.22,US$,  Farmacia Salud ,medicinas,salud
TX-002376,CUST-E0001,ACC-E0001A,2024-03-07,$94.06,US$,restaurante el fogon,almuerzo restaurante,alimentacion
TX-001058,CUST-E0030,ACC-E0030A,11/02/2024,15.48, usd ,  Inmobiliaria Norte ,renta apartamento,vivienda
TX-000814,CUST-E0015,ACC-E0015B,"Jan 24, 2024",31.06,Pesos,Internet Hogar,factura internet,servicios
TX-002002,CUST-E0015,ACC-E0015A,08/01/2024,40.53,Pesos,Internet Hogar,factura internet,servicios
TX-002641,CUST-E0038,ACC-E0038A,"Feb 05, 2024",20.90,usd,  Internet Hogar ,factura internet,servicios
TX-003448,CUST-E0037,ACC-E0037A,27/02/2024,139.52,US$,Netflix,,
TX-004030,CUST-E0022,ACC-E0022A,29/01/2024,182.78,US$,,almuerzo restaurante,alimentacion
TX-001194,CUST-E0010,ACC-E0010A,23/03/2024,15.42,US$,,factura luz,servicios
TX-000955,CUST-E0016,ACC-E0016A,"Mar 08, 2024",$177.26, usd ,Tienda Online XYZ,compra online,compras
TX-002331,CUST-E0004,ACC-E0004A,2024-02-20,18.41,USD,restaurante el fogon,almuerzo restaurante,alimentacion
TX-000514,CUST-E0017,ACC-E0017A,"Jan 23, 2024",124.08,USD,Supermercado Central,compra semanal supermercado,alimentacion
TX-002888,CUST-E0003,ACC-E0003A,2024-02-11,44.57, usd ,Uber,viaje uber,transporte
TX-003296,CUST-E0031,  ACC-E0031A ,21/03/2024,$60.70,usd,Internet Hogar,factura internet,servicios
TX-000258,cust-e0014,ACC-E0014A,26/03/2024,23.85,Usd,Farmacia Salud,medicinas,salud
TX-003220,CUST-E0025,ACC-E0025B,23/02/2024,$42.25,usd,FARMACIA SALUD,medicinas,salud
TX-002993,CUST-E0022,ACC-E0022A,"Jan 03, 2024",83.88,Dólares,  Estacion Gasolina Sol ,gasolina,transporte
TX-002065,CUST-E0018,ACC-E0018A,12/02/2024,199.08,Usd,Spotify,suscripcion spotify,
TX-000207,  CUST-E0020 ,ACC-E0020A,15/01/2024,193.02,Usd,Inmobiliaria Norte,renta apartamento,vivienda
TX-003492,CUST-E0015,ACC-E0015B,17/03/2024,28.14,Pesos,Farmacia Salud,,salud
TX-001435,CUST-E0040,ACC-E0040A,26/03/2024,64.64,Dólares,Tienda Online XYZ,compra online,compras
TX-004122,CUST-E0001,ACC-E0001A,2024-03-13,$165.70,US$,spotify,suscripcion spotify,
TX-001816,CUST-E0027,ACC-E0027A,2024-02-05,69.99,cop,Netflix,suscripcion mensual netflix,suscripciones
TX-002085,CUST-E0019,ACC-E0019A,"Mar 23, 2024",$102.73,Pesos,Estacion Gasolina Sol,gasolina,transporte
TX-002182,cust-e0024,ACC-E0024A,2024-02-26,176.20,Dólares,Supermercado Central,compra semanal supermercado,alimentacion
TX-002538,CUST-E0026,ACC-E0026A,03/03/2024,71.94,USD,Restaurante El Fogon,almuerzo restaurante,alimentacion
TX-004096,CUST-E0024,ACC-E0024A,19/03/2024,$136.44,US$,Netflix,suscripcion mensual netflix,suscripciones
TX-002696,CUST-E0036,ACC-E0036A,2024-02-17,85.40, usd ,Netflix,,suscripciones
TX-000533,  CUST-E0022 ,ACC-E0022A,2024-03-24,104.41,Dólares,Farmacia Salud,medicinas,salud
TX-002971,CUST-E0022,ACC-E0022A,09/02/2024,$74.39,,netflix,suscripcion mensual netflix,suscripciones
TX-002553,CUST-E0003,ACC-E0003A,2024-02-10,$10.58,Usd,Empresa de Luz,factura luz,
TX-002125,CUST-E0033,  ACC-E0033A ,19/02/2024,30.52,COP,Supermercado Central,compra semanal supermercado,
TX-003240,CUST-E0021,ACC-E0021A,08/03/2024,15.01,usd,Estacion Gasolina Sol,gasolina,
TX-003323,CUST-E0002,ACC-E0002A,2024-01-15,18.55,USD,Farmacia Salud,medicinas,salud
TX-001892,CUST-E0017,acc-e0017a,"Mar 17, 2024",$153.93, usd ,Netflix,,suscripciones
TX-000800,CUST-E0023,ACC-E0023A,08/03/2024,73.12,Dólares,Supermercado Central,compra semanal supermercado,alimentacion
TX-003995,CUST-E0010,ACC-E0010B,"Mar 18, 2024",$29.33,USD,Internet Hogar,factura internet,servicios
TX-002064,CUST-E0004,ACC-E0004A,21/03/2024,206.93,US$,  Inmobiliaria Norte ,renta apartamento,vivienda
TX-000315,CUST-E0014,ACC-E0014A,"Feb 25, 2024",$157.87,US$,Restaurante El Fogon,almuerzo restaurante,
TX-003424,CUST-E0023,ACC-E0023A,2024-01-17,$144.14, usd ,Inmobiliaria Norte,renta apartamento,vivienda
TX-000625,CUST-E0024,ACC-E0024A,2024-01-07,$126.23,usd,Restaurante El Fogon,almuerzo restaurante,alimentacion
TX-000323,CUST-E0025,ACC-E0025B,"Feb 16, 2024",,Usd,Netflix,suscripcion mensual netflix,suscripciones
TX-004015,cust-e0014,ACC-E0014A,2024-03-17,158.83,US$,Supermercado Central,compra semanal supermercado,alimentacion
TX-004087,CUST-E0017,ACC-E0017A,02/01/2024,$151.16,Usd,Netflix,suscripcion mensual netflix,suscripciones
TX-000447,CUST-E0040,ACC-E0040B,"Feb 10, 2024",$141.03,US$,Inmobiliaria Norte,renta apartamento,vivienda
TX-000866,CUST-E0038,ACC-E0038A,"Jan 07, 2024",124.09,US$,Internet Hogar,factura internet,servicios
TX-002861,CUST-E0017,ACC-E0017A,"Jan 19, 2024",$131.58,Dólares,Empresa de Luz,factura luz,servicios
TX-001183,CUST-E0019,  ACC-E0019A ,2024-02-13,$29.95,Pesos,ESTACION GASOLINA SOL,gasolina,transporte
TX-001024,CUST-E0026,ACC-E0026A,"Mar 02, 2024",50.82,Usd,INTERNET HOGAR,factura internet,servicios
TX-001586,CUST-E0012,ACC-E0012A,2024-02-15,90.14,Usd,Restaurante El Fogon,almuerzo restaurante,
TX-001105,CUST-E0015,ACC-E0015B,2024-01-13,30.12,cop,,gasolina,
TX-004199,CUST-E0001,ACC-E0001A,18/01/2024,47.13, usd ,Tienda Online XYZ,compra online,compras
TX-002026,CUST-E0030,ACC-E0030B,"Jan 06, 2024",21.35, usd ,Supermercado Central,compra semanal supermercado,alimentacion
TX-004153,CUST-E0020,ACC-E0020A,17/01/2024,191.07,US$,  Farmacia Salud ,medicinas,salud
TX-000267,CUST-E0016,acc-e0016a,"Jan 18, 2024",88.19,USD,  Spotify ,suscripcion spotify,suscripciones
TX-000425,CUST-E0021,ACC-E0021A,30/03/2024,28.57,US$,Restaurante El Fogon,almuerzo restaurante,
TX-003982,CUST-E0021,ACC-E0021A,2024-02-04,$49.31,US$,Restaurante El Fogon,,alimentacion
TX-003802,CUST-E0028,  ACC-E0028A ,"Jan 10, 2024",215.04,Dólares,Spotify,,suscripciones
TX-002715,CUST-E0022,ACC-E0022A,2024-01-06,$140.34,Dólares,Uber,viaje uber,transporte
TX-000262,  CUST-E0024 ,ACC-E0024A,"Mar 06, 2024",184.19, usd ,Spotify,suscripcion spotify,suscripciones
TX-001042,CUST-E0006,ACC-E0006A,"Mar 09, 2024",$300.68,Dólares,,suscripcion spotify,suscripciones
TX-001740,CUST-E0016,ACC-E0016A,"Feb 16, 2024",229.45,Dólares,ESTACION GASOLINA SOL,,transporte
TX-000047,CUST-E0032,ACC-E0032A,2024-01-21,409.16,US$,Farmacia Salud,medicinas,salud
TX-003390,  CUST-E0035 ,  ACC-E0035B ,08/02/2024,-104.81,EUR,Restaurante El Fogon,almuerzo restaurante,alimentacion
TX-000962,CUST-E0003,ACC-E0003A,"Feb 19, 2024",13.04,Dólares,Inmobiliaria Norte,renta apartamento,
TX-001561,  CUST-E0014 ,ACC-E0014A,17/01/2024,$187.57, usd ,Internet Hogar,factura internet,servicios
TX-001659,CUST-E0008,ACC-E0008A,22/01/2024,82.11, usd ,FARMACIA SALUD,medicinas,salud
TX-003918,CUST-E0031,ACC-E0031A,"Jan 14, 2024",$78.11,Usd,Netflix,suscripcion mensual netflix,suscripciones
TX-003236,  CUST-E0010 ,  ACC-E0010B ,"Jan 13, 2024",USD,usd,tienda online xyz,compra online,
TX-003882,CUST-E0024,ACC-E0024A,01/03/2024,772.10,Usd,Supermercado Central,compra semanal supermercado,alimentacion
TX-003000,CUST-E0028,ACC-E0028A,12/03/2024,$101.78,US$,estacion gasolina sol,gasolina,transporte
TX-000731,CUST-E0007,ACC-E0007A,"Mar 21, 2024",$101.06,USD,,gasolina,transporte
TX-002800,CUST-E0013,ACC-E0013A,08/03/2024,43.36,Dólares,Netflix,suscripcion mensual netflix,suscripciones
TX-003090,CUST-E0033,ACC-E0033A,"Mar 26, 2024",50.52,Pesos,Empresa de Luz,factura luz,servicios
TX-000403,CUST-E0040,ACC-E0040A,12/02/2024,75.23,Usd,Uber,viaje uber,transporte
TX-003942,CUST-E0028,ACC-E0028A,"Mar 12, 2024",$168.52,Dólares,Restaurante El Fogon,almuerzo restaurante,alimentacion
TX-000676,CUST-E0005,ACC-E0005A,23/01/2024,128.05,eur,Restaurante El Fogon,almuerzo restaurante,
TX-000755,CUST-E0003,ACC-E0003A,2024-03-25,10.73,Usd,Uber,viaje uber,transporte
TX-003205,CUST-E0020,ACC-E0020A,"Mar 19, 2024",161.72, usd ,  Spotify ,suscripcion spotify,suscripciones
TX-001538,CUST-E0019,ACC-E0019A,2024-02-23,37.29,Pesos,Internet Hogar,factura internet,servicios
TX-002480,CUST-E0005,ACC-E0005B,"Feb 20, 2024",30.04,EUR,  Uber ,viaje uber,transporte
TX-002050,CUST-E0030,ACC-E0030B,24/01/2024,$36.44,usd,Supermercado Central,compra semanal supermercado,
TX-004235,CUST-E0003,ACC-E0003A,"Mar 05, 2024",23.35,US$,Restaurante El Fogon,almuerzo restaurante,alimentacion
TX-000381,CUST-E0030,ACC-E0030B,"Jan 09, 2024",52.50,USD,Internet Hogar,factura internet,
TX-000238,CUST-E0009,ACC-E0009A,15/02/2024,$43.08, usd ,  Restaurante El Fogon ,almuerzo restaurante,
TX-000038,  CUST-E0027 ,ACC-E0027A,2024-01-27,33.06,Pesos,Uber,viaje uber,transporte
TX-003447,CUST-E0032,ACC-E0032A,"Jan 20, 2024",87.75,USD,Uber,viaje uber,
TX-000375,  CUST-E0013 ,ACC-E0013A,"Jan 28, 2024",83.98,USD,Netflix,suscripcion mensual netflix,suscripciones
TX-003828,CUST-E0020,ACC-E0020A,28/03/2024,338.49,US$,Empresa de Luz,factura luz,servicios
TX-001473,CUST-E0038,ACC-E0038A,03/03/2024,,Dólares,Uber,viaje uber,transporte
TX-002764,CUST-E0031,ACC-E0031A,2024-03-11,-117.20,Usd,Restaurante El Fogon,almuerzo restaurante,alimentacion
TX-002781,CUST-E0014,ACC-E0014A,15-01-24,57.42, usd ,Estacion Gasolina Sol,gasolina,transporte
TX-003779,CUST-E0001,  ACC-E0001A ,2024-01-27,$119.93,Usd,Empresa de Luz,factura luz,servicios
TX-000737,CUST-E0038,ACC-E0038A,"Jan 10, 2024",41.78,Dólares,Internet Hogar,factura internet,
TX-002485,CUST-E0030,ACC-E0030A,"Mar 10, 2024",27.47,US$,Farmacia Salud,medicinas,salud
TX-003940,CUST-E0033,  ACC-E0033A ,13/03/2024,69.80,Pesos,Internet Hogar,factura internet,
TX-003876,CUST-E0001,ACC-E0001A,"Feb 22, 2024",$32.83,usd,Tienda Online XYZ,compra online,compras
TX-000573,CUST-E0027,ACC-E0027A,"Mar 01, 2024",$87.45,cop,Estacion Gasolina Sol,gasolina,transporte
TX-001678,CUST-E0029,ACC-E0029A,2024-03-24,192.20,usd,Spotify,suscripcion spotify,suscripciones
TX-001002,CUST-E0005,ACC-E0005A,"Mar 21, 2024",145.00,Euros,Farmacia Salud,medicinas,
TX-001407,CUST-E0008,ACC-E0008A,10/02/2024,149.00,Dólares,Spotify,suscripcion spotify,suscripciones
TX-002080,CUST-E0026,ACC-E0026A,2024-03-07,$110.85,usd,Tienda Online XYZ,,compras
TX-002831,CUST-E0005,ACC-E0005B,2024-03-25,$58.93,Euros,Empresa de Luz,factura luz,servicios
TX-000945,CUST-E0025,ACC-E0025B,"Mar 29, 2024",46.05,USD,Internet Hogar,factura internet,servicios
TX-003024,CUST-E0024,ACC-E0024A,2024-03-21,76.38,USD,Internet Hogar,factura internet,servicios
TX-002313,CUST-E0002,  ACC-E0002A ,"Mar 25, 2024",$21.41,usd,Inmobiliaria Norte,renta apartamento,vivienda
TX-001340,CUST-E0009,ACC-E0009A,2024-02-26,9.08, usd ,Uber,viaje uber,transporte
TX-003610,CUST-E0003,ACC-E0003A,"Jan 27, 2024",$28.26,usd,Empresa de Luz,factura luz,servicios
TX-004054,CUST-E0025,ACC-E0025A,12/01/2024,22.65,Dólares,Supermercado Central,compra semanal supermercado,alimentacion
TX-003172,CUST-E0033,ACC-E0033A,"Mar 18, 2024",25.42,Pesos,Internet Hogar,factura internet,servicios
TX-002851,CUST-E0032,ACC-E0032A,"Jan 31, 2024",$283.44,Dólares,Restaurante El Fogon,almuerzo restaurante,alimentacion
TX-003575,CUST-E0005,ACC-E0005B,2024-03-18,120.95,eur,Empresa de Luz,factura luz,servicios
TX-003546,CUST-E0010,ACC-E0010B,2024-03-19,10.62,US$,INTERNET HOGAR,,
TX-002945,CUST-E0023,ACC-E0023A,2024-03-13,143.01,usd,Netflix,suscripcion mensual netflix,suscripciones
TX-003363,CUST-E0036,ACC-E0036A,"Mar 05, 2024",$32.30,USD,Restaurante El Fogon,almuerzo restaurante,alimentacion
TX-003618,cust-e0035,ACC-E0035B,"Feb 06, 2024",$152.61,Euros,Tienda Online XYZ,compra online,compras
TX-000255,  CUST-E0009 ,ACC-E0009A,02/03/2024,$17.64,Dólares,Spotify,suscripcion spotify,suscripciones
TX-002880,CUST-E0033,ACC-E0033A,11/02/2024,61.52,Pesos,Netflix,suscripcion mensual netflix,suscripciones
TX-000419,  CUST-E0032 ,ACC-E0032A,05/02/2024,$405.08,usd,Restaurante El Fogon,almuerzo restaurante,alimentacion
TX-001973,CUST-E0038,ACC-E0038A,"Feb 22, 2024",$14.56,USD,Restaurante El Fogon,almuerzo restaurante,alimentacion
TX-003719,CUST-E0027,ACC-E0027A,2024-01-03,70.21,Pesos,Empresa de Luz,factura luz,servicios
TX-003332,CUST-E0030,ACC-E0030A,2024-03-28,$8.49,USD,Empresa de Luz,factura luz,servicios
TX-000073,CUST-E0040,  ACC-E0040A ,"Mar 08, 2024",96.24,Dólares,Empresa de Luz,factura luz,
TX-002592,  CUST-E0003 ,ACC-E0003A,"Jan 26, 2024",$37.00,Usd,Spotify,suscripcion spotify,suscripciones
TX-002060,CUST-E0037,ACC-E0037A,2024-01-15,43.28,US$,Inmobiliaria Norte,renta apartamento,vivienda
TX-000614,,ACC-E0004A,2024-01-25,104.44,US$,,factura luz,servicios
TX-002437,  CUST-E0005 ,  ACC-E0005B ,2024-03-29,79.67,eur,Uber,viaje uber,transporte
TX-001839,CUST-E0013,ACC-E0013A,"Jan 03, 2024",45.06,US$,Tienda Online XYZ,compra online,
TX-000495,CUST-E0008,ACC-E0008A,04/02/2024,37.18, usd ,NETFLIX,suscripcion mensual netflix,suscripciones
TX-003301,CUST-E0036,ACC-E0036A,2024-02-13,27.85,Dólares,Supermercado Central,compra semanal supermercado,alimentacion
TX-003265,CUST-E0001,ACC-E0001A,05/03/2024,245.85,usd,Farmacia Salud,medicinas,salud
TX-002293,CUST-E0031,ACC-E0031A,"Feb 19, 2024",39.97,US$,Tienda Online XYZ,compra online,compras
TX-001878,CUST-E0038,ACC-E0038A,15/02/2024,14.76,Dólares,Spotify,suscripcion spotify,suscripciones
TX-000426,CUST-E0010,ACC-E0010A,19/02/2024,15.31,USD,Internet Hogar,factura internet,
TX-003820,CUST-E0009,ACC-E0009A,"Feb 12, 2024",12.67,usd,Spotify,suscripcion spotify,suscripciones
TX-000424,cust-e0013,ACC-E0013A,"Jan 02, 2024",44.48,Usd,Spotify,suscripcion spotify,suscripciones
TX-001654,CUST-E0040,ACC-E0040B,"Mar 12, 2024",$46.39,Dólares,inmobiliaria norte,renta apartamento,
TX-002599,CUST-E0017,ACC-E0017A,14/01/2024,$100.55,Usd,Spotify,suscripcion spotify,suscripciones
TX-001309,CUST-E0016,  ACC-E0016A ,10/02/2024,359.66,Dólares,SPOTIFY,suscripcion spotify,suscripciones
TX-001300,CUST-E0007,ACC-E0007A,"Feb 20, 2024",57.33,US$,Uber,,transporte
TX-000633,CUST-E0038,ACC-E0038A,21/01/2024,$7.98,Dólares,Spotify,suscripcion spotify,suscripciones
TX-002352,CUST-E0028,ACC-E0028A,24/02/2024,459.81,US$,SUPERMERCADO CENTRAL,,alimentacion
TX-002894,CUST-E0036,ACC-E0036A,2024-02-16,$11.63, usd ,Internet Hogar,factura internet,
TX-001944,  CUST-E0010 ,ACC-E0010B,2024-03-23,12.42,usd,Empresa de Luz,,
TX-001501,CUST-E0013,  ACC-E0013A ,22/02/2024,$154.00,Usd,Uber,viaje uber,transporte
TX-001782,  CUST-E0021 ,ACC-E0021A,25/02/2024,$10.25, usd ,Inmobiliaria Norte,renta apartamento,vivienda
TX-001057,CUST-E0038,ACC-E0038A,2024-02-06,21.33,Dólares,Estacion Gasolina Sol,gasolina,transporte
TX-004067,CUST-E0038,ACC-E0038A,"Jan 07, 2024",31.99,Dólares,Farmacia Salud,medicinas,
TX-001525,CUST-E0007,acc-e0007a,28/01/2024,$77.70,Usd,Internet Hogar,factura internet,
TX-001559,CUST-E0002,ACC-E0002A,30/01/2024,$13.93,USD,Netflix,suscripcion mensual netflix,suscripciones
TX-004148,CUST-E0025,ACC-E0025A,2024-02-27,$91.32,usd,Spotify,suscripcion spotify,suscripciones
TX-003517,CUST-E0015,ACC-E0015A,"Mar 25, 2024",46.55,Pesos,Internet Hogar,factura internet,servicios
TX-001806,CUST-E0003,ACC-E0003A,2024-03-08,$17.94,USD,,suscripcion mensual netflix,suscripciones
TX-002340,CUST-E0001,ACC-E0001A,2024-01-09,14.08,USD,UBER,viaje uber,transporte
TX-000270,CUST-E0022,ACC-E0022A,"Jan 26, 2024",123.06,Usd,Tienda Online XYZ,compra online,compras
TX-003420,CUST-E0040,ACC-E0040A,"Mar 25, 2024",96.24,Usd,Inmobiliaria Norte,renta apartamento,vivienda
TX-002095,CUST-E0002,ACC-E0002A,01/03/2024,$10.57,Dólares,Supermercado Central,compra semanal supermercado,alimentacion
TX-002256,CUST-E0032,ACC-E0032A,09/02/2024,-69.23,Usd,Internet Hogar,factura internet,servicios
TX-003939,cust-e0034,ACC-E0034A,2024-03-05,445.00,US$,Spotify,suscripcion spotify,suscripciones
TX-001630,CUST-E0004,ACC-E0004A,"Jan 26, 2024",42.73,USD,Empresa de Luz,factura luz,servicios
TX-002316,CUST-E0013,ACC-E0013A,19/02/2024,50.07, usd ,Empresa de Luz,factura luz,servicios
TX-001575,CUST-E0005,acc-e0005b,2024-01-12,$82.85,EUR,Inmobiliaria Norte,renta apartamento,
TX-002049,CUST-E0026,ACC-E0026A,2024-02-17,172.31,Usd,Empresa de Luz,,
TX-002502,CUST-E0010,acc-e0010b,27/02/2024,15.73,Dólares,Farmacia Salud,medicinas,salud
TX-000210,CUST-E0016,ACC-E0016A,23/02/2024,, usd ,Spotify,suscripcion spotify,suscripciones
TX-002167,CUST-E0008,ACC-E0008A,"Jan 27, 2024",-83.63,USD,Restaurante El Fogon,almuerzo restaurante,
TX-000993,CUST-E0007,ACC-E0007A,"Feb 04, 2024",$52.75, usd ,Netflix,suscripcion mensual netflix,suscripciones
TX-003465,cust-e0014,ACC-E0014A,"Jan 26, 2024",$83.82,USD,Empresa de Luz,factura luz,servicios
TX-000709,CUST-E0034,ACC-E0034A,"Mar 24, 2024",70.02,Usd,Empresa de Luz,factura luz,servicios
TX-000876,CUST-E0015,ACC-E0015B,2024-03-23,18.32,cop,Tienda Online XYZ,compra online,compras
TX-002220,CUST-E0029,ACC-E0029A,25/01/2024,750.19,usd,TIENDA ONLINE XYZ,compra online,compras
TX-003042,CUST-E0004,ACC-E0004A,2024-01-17,93.27,USD,Tienda Online XYZ,compra online,compras
TX-001550,cust-e0009,ACC-E0009A,2024-02-09,36.72, usd ,Estacion Gasolina Sol,,transporte
TX-001981,CUST-E0027,ACC-E0027A,2024-01-28,63.96,cop,Estacion Gasolina Sol,,transporte
TX-003675,CUST-E0015,ACC-E0015B,"Mar 26, 2024",38.63,COP,Tienda Online XYZ,compra online,
TX-000173,CUST-E0013,ACC-E0013A,"Mar 02, 2024",106.55,Usd,Netflix,suscripcion mensual netflix,
TX-003824,CUST-E0010,ACC-E0010B,04/02/2024,8.63,Dólares,Farmacia Salud,medicinas,
TX-001731,  CUST-E0019 ,acc-e0019a,2024-02-03,$113.18,Pesos,Uber,,transporte
TX-001577,CUST-E0013,ACC-E0013A,12/01/2024,22.15,USD,Netflix,,suscripciones
TX-003721,CUST-E0009,ACC-E0009A,2024-01-08,17.76,Usd,Uber,viaje uber,transporte
TX-000066,CUST-E0038,  ACC-E0038A ,26/01/2024,$13.20, usd ,Supermercado Central,compra semanal supermercado,alimentacion
TX-002162,CUST-E0033,ACC-E0033A,"Jan 22, 2024",$38.35,Pesos,ESTACION GASOLINA SOL,gasolina,transporte
TX-001181,CUST-E0007,ACC-E0007A,"Feb 24, 2024",$38.39,Dólares,  Estacion Gasolina Sol ,gasolina,transporte
TX-004194,CUST-E0007,  ACC-E0007A ,24/01/2024,$147.52,USD,Empresa de Luz,factura luz,servicios
TX-001895,CUST-E0004,ACC-E0004A,25/01/2024,22.98,US$,Inmobiliaria Norte,renta apartamento,vivienda
TX-002511,CUST-E0036,ACC-E0036A,"Mar 19, 2024",19.92, usd ,Farmacia Salud,medicinas,salud
TX-003947,cust-e0023,ACC-E0023A,"Feb 19, 2024",352.40,Dólares,Spotify,suscripcion spotify,suscripciones
TX-000677,CUST-E0008,ACC-E0008A,"Feb 19, 2024",$66.23,Usd,Spotify,suscripcion spotify,
TX-003954,CUST-E0035,ACC-E0035B,2024-01-23,$109.62,Euros,Empresa de Luz,factura luz,servicios
TX-002520,  CUST-E0018 ,ACC-E0018A,2024-03-11,116.23,Usd,Uber,viaje uber,transporte
TX-003861,CUST-E0030,  ACC-E0030A ,"Jan 10, 2024",6.26,USD,inmobiliaria norte,renta apartamento,vivienda
TX-001967,CUST-E0017,ACC-E0017A,18/02/2024,35.24, usd ,Internet Hogar,factura internet,
TX-002077,CUST-E0018,ACC-E0018A,2024-01-11,$69.30,usd,Farmacia Salud,medicinas,salud
TX-000977,CUST-E0011,ACC-E0011A,08/02/2024,17.94,Usd,  Spotify ,suscripcion spotify,suscripciones
TX-000017,CUST-E0023,ACC-E0023A,"Mar 19, 2024",$68.45,USD,Inmobiliaria Norte,renta apartamento,vivienda
TX-000222,CUST-E0030,ACC-E0030B,30/03/2024,61.42,Usd,Restaurante El Fogon,almuerzo restaurante,
TX-001170,CUST-E0028,ACC-E0028A,"Mar 10, 2024",41.20,USD,tienda online xyz,compra online,compras
TX-001128,CUST-E0004,ACC-E0004A,27/01/2024,15.60,USD,Empresa de Luz,factura luz,servicios
TX-000868,CUST-E0039,ACC-E0039A,02/02/2024,$6.75,Dólares,  Tienda Online XYZ ,compra online,compras
TX-003487,CUST-E0012,ACC-E0012A,25/02/2024,54.85,Dólares,Internet Hogar,factura internet,servicios
TX-001646,CUST-E0034,ACC-E0034A,01/01/2024,-58.76, usd ,inmobiliaria norte,renta apartamento,
TX-002088,CUST-E0040,ACC-E0040B,"Jan 09, 2024",$204.74,usd,  Restaurante El Fogon ,almuerzo restaurante,
TX-002325,CUST-E0018,ACC-E0018A,"Jan 07, 2024",$81.86,,Empresa de Luz,factura luz,
TX-002199,cust-e0026,ACC-E0026A,19/01/2024,-112.60,Dólares,Internet Hogar,,servicios
TX-003884,CUST-E0006,ACC-E0006A,03/03/2024,$167.92,US$,Supermercado Central,compra semanal supermercado,
TX-002931,CUST-E0015,ACC-E0015A,07/02/2024,14.83,Pesos,Netflix,suscripcion mensual netflix,suscripciones
TX-003174,CUST-E0040,ACC-E0040A,01/01/2024,$43.74,Dólares,netflix,suscripcion mensual netflix,suscripciones
TX-002854,CUST-E0014,ACC-E0014A,04/01/2024,$272.35,Usd,  Restaurante El Fogon ,almuerzo restaurante,
TX-003715,CUST-E0039,ACC-E0039A,2024-03-29,$37.22, usd ,Internet Hogar,factura internet,servicios
TX-003831,  CUST-E0010 ,ACC-E0010B,"Jan 14, 2024",$32.93,Usd,Empresa de Luz,factura luz,servicios
TX-004036,CUST-E0020,ACC-E0020A,03/01/2024,-163.67,usd,restaurante el fogon,almuerzo restaurante,
TX-001089,CUST-E0029,ACC-E0029A,2024-02-05,215.81,USD,Tienda Online XYZ,compra online,
TX-004091,CUST-E0010,ACC-E0010A,05/02/2024,15.00,US$,Internet Hogar,factura internet,servicios
TX-001373,CUST-E0012,ACC-E0012A,"Mar 26, 2024",44.39,Dólares,internet hogar,factura internet,servicios
TX-002688,CUST-E0012,ACC-E0012A,2024-02-28,$50.65,,Farmacia Salud,,salud
TX-000185,CUST-E0008,ACC-E0008A,2024-03-03,47.02,Dólares,INTERNET HOGAR,factura internet,servicios
TX-002363,CUST-E0028,ACC-E0028A,14/01/2024,369.14,Dólares,Inmobiliaria Norte,,vivienda
TX-000968,CUST-E0026,ACC-E0026A,"Feb 06, 2024",85.42,Usd,Restaurante El Fogon,almuerzo restaurante,alimentacion
TX-003647,CUST-E0015,ACC-E0015A,22/01/2024,66.19,cop,Inmobiliaria Norte,renta apartamento,
TX-002498,CUST-E0005,  ACC-E0005A ,2024-01-14,$91.56,EUR,Spotify,suscripcion spotify,suscripciones
TX-001016,CUST-E0034,ACC-E0034A,2024-02-22,209.99,Usd,Netflix,suscripcion mensual netflix,suscripciones
TX-003381,CUST-E0020,ACC-E0020A,06/03/2024,41.39,Dólares,Supermercado Central,compra semanal supermercado,
TX-000534,CUST-E0028,ACC-E0028A,2024-02-24,38.37,Dólares,Inmobiliaria Norte,renta apartamento,vivienda
TX-000232,CUST-E0028,ACC-E0028A,2024-02-23,252.38,usd,Tienda Online XYZ,compra online,compras
TX-002960,CUST-E0012,ACC-E0012A,2024-02-11,117.69,,Tienda Online XYZ,compra online,compras
TX-002928,CUST-E0020,ACC-E0020A,"Mar 21, 2024",76.61,Dólares,internet hogar,factura internet,servicios
TX-001876,CUST-E0015,ACC-E0015A,20/02/2024,65.39,Pesos,Inmobiliaria Norte,renta apartamento,vivienda
TX-003101,CUST-E0032,ACC-E0032A,2024-01-12,89.14,Usd,Farmacia Salud,medicinas,salud
TX-001127,CUST-E0003,ACC-E0003A,"Feb 19, 2024",72.47,,Supermercado Central,compra semanal supermercado,alimentacion
TX-003919,CUST-E0029,ACC-E0029A,"Mar 28, 2024",100.71,Usd,Internet Hogar,,servicios
TX-004047,CUST-E0037,ACC-E0037A,"Jan 10, 2024",101.47,usd,farmacia salud,medicinas,salud
TX-001784,CUST-E0033,ACC-E0033A,"Mar 21, 2024",53.81,Pesos,Inmobiliaria Norte,,
TX-003321,cust-e0031,ACC-E0031A,01/01/2024,108.52,Usd,FARMACIA SALUD,medicinas,salud
TX-002811,  CUST-E0013 ,ACC-E0013A,14/02/2024,59.15, usd ,Internet Hogar,factura internet,servicios
TX-001983,CUST-E0024,  ACC-E0024A ,"Mar 28, 2024",$56.30,usd,,factura internet,servicios
TX-003408,cust-e0029,ACC-E0029A,26/03/2024,169.95,USD,Inmobiliaria Norte,renta apartamento,vivienda
TX-003094,CUST-E0038,ACC-E0038A,2024-01-31,4.67,USD,Farmacia Salud,medicinas,salud
TX-002357,CUST-E0038,acc-e0038a,"Mar 07, 2024",$17.29,US$,tienda online xyz,,
TX-001346,CUST-E0020,ACC-E0020B,2024-01-13,$110.47,Usd,Estacion Gasolina Sol,gasolina,
TX-002648,CUST-E0012,ACC-E0012A,27/03/2024,49.62,Dólares,FARMACIA SALUD,medicinas,salud
TX-000290,CUST-E0014,ACC-E0014A,2024-01-10,111.66,Usd,Spotify,suscripcion spotify,
TX-001566,CUST-E0014,ACC-E0014A,"Mar 21, 2024",99.47,USD,Inmobiliaria Norte,renta apartamento,
TX-002905,  CUST-E0023 ,ACC-E0023A,"Jan 14, 2024",285.99, usd ,Farmacia Salud,medicinas,
TX-001211,CUST-E0009,ACC-E0009A,04/02/2024,31.12,Usd,,renta apartamento,vivienda
TX-000509,  CUST-E0024 ,ACC-E0024A,01/01/2024,65.36,US$,Estacion Gasolina Sol,gasolina,transporte
TX-000347,CUST-E0004,ACC-E0004A,2024-03-08,$80.52,Dólares,  Internet Hogar ,factura internet,servicios
TX-002118,CUST-E0022,ACC-E0022A,2024-03-21,754.05,Dólares,Tienda Online XYZ,compra online,compras
TX-003858,CUST-E0004,ACC-E0004A,"Feb 10, 2024",$78.26,USD,,suscripcion spotify,suscripciones
TX-002790,CUST-E0015,ACC-E0015A,17/03/2024,$118.46,cop,Empresa de Luz,,servicios
TX-003842,CUST-E0035,ACC-E0035A,24/01/2024,223.73,EUR,Tienda Online XYZ,compra online,compras
TX-001980,CUST-E0026,ACC-E0026A,01/02/2024,61.72,usd,UBER,viaje uber,transporte
TX-003075,CUST-E0015,ACC-E0015A,2024-02-13,14.46,Pesos,Uber,viaje uber,
TX-004228,  CUST-E0027 ,ACC-E0027A,2024-02-13,$74.98,COP,INTERNET HOGAR,factura internet,servicios
TX-003329,CUST-E0033,acc-e0033a,2024-03-14,16.67,Pesos,Restaurante El Fogon,almuerzo restaurante,
TX-003503,CUST-E0006,acc-e0006a,"Jan 11, 2024",93.98,usd,Internet Hogar,,
TX-003077,CUST-E0007,  ACC-E0007A ,05/02/2024,92.43,Dólares,supermercado central,compra semanal supermercado,alimentacion
TX-003702,CUST-E0015,acc-e0015b,2024-02-10,47.25,Pesos,Supermercado Central,compra semanal supermercado,alimentacion
TX-000958,CUST-E0006,ACC-E0006A,25/03/2024,139.85,Usd,Uber,viaje uber,transporte
TX-001038,CUST-E0010,ACC-E0010B,"Mar 28, 2024",$29.70, usd ,Estacion Gasolina Sol,,transporte
TX-000907,CUST-E0002,  ACC-E0002A ,2024-03-04,$11.86,usd,INMOBILIARIA NORTE,renta apartamento,vivienda
TX-000705,CUST-E0016,acc-e0016a,,53.44,usd,supermercado central,compra semanal supermercado,alimentacion
TX-003518,CUST-E0032,ACC-E0032A,03/03/2024,126.39,usd,Supermercado Central,compra semanal supermercado,alimentacion
TX-001713,CUST-E0006,  ACC-E0006A ,03/02/2024,236.43,Dólares,Netflix,suscripcion mensual netflix,suscripciones
TX-002158,cust-e0017,ACC-E0017A,28/01/2024,97.27,Usd,Tienda Online XYZ,compra online,compras
TX-000084,  CUST-E0003 ,ACC-E0003A,07/03/2024,22.29,usd,Internet Hogar,factura internet,
TX-003025,CUST-E0027,ACC-E0027A,"Feb 14, 2024",29.68,cop,,suscripcion mensual netflix,suscripciones
TX-003541,CUST-E0022,ACC-E0022A,04/02/2024,97.58,US$,netflix,suscripcion mensual netflix,suscripciones
TX-000252,CUST-E0026,ACC-E0026A,"Feb 08, 2024",74.51,USD,Estacion Gasolina Sol,gasolina,transporte
TX-002573,CUST-E0004,  ACC-E0004A ,2024-02-17,$31.01,Dólares,  Spotify ,suscripcion spotify,
TX-000548,CUST-E0022,ACC-E0022A,18/01/2024,$246.65,usd,Tienda Online XYZ,compra online,compras
TX-004100,CUST-E0004,ACC-E0004A,"Mar 01, 2024",17.12, usd ,  Internet Hogar ,factura internet,servicios
TX-002989,cust-e0020,ACC-E0020A,"Feb 03, 2024",$124.27,Dólares,  Spotify ,suscripcion spotify,suscripciones
TX-002958,cust-e0005,ACC-E0005A,2024-01-09,71.29,EUR,Estacion Gasolina Sol,,transporte
TX-001401,CUST-E0016,ACC-E0016A,02/02/2024,82.87, usd ,Tienda Online XYZ,compra online,compras
TX-001107,CUST-E0031,ACC-E0031A,08/01/2024,$71.83,USD,Restaurante El Fogon,,
TX-003194,CUST-E0010,ACC-E0010A,"Feb 17, 2024","$1,900.96",US$,  Empresa de Luz ,factura luz,servicios
TX-002381,CUST-E0003,ACC-E0003A,08/01/2024,$18.91,USD,Restaurante El Fogon,almuerzo restaurante,alimentacion
TX-001940,CUST-E0010,ACC-E0010B,"Jan 16, 2024",14.84,USD,Tienda Online XYZ,compra online,compras
TX-001269,CUST-E0021,ACC-E0021A,2024-02-13,32.41,USD,  Uber ,viaje uber,transporte
TX-000941,CUST-E0014,ACC-E0014A,2024-01-31,108.74,USD,,viaje uber,transporte
TX-001606,CUST-E0013,ACC-E0013A,28/03/2024,41.58, usd ,SPOTIFY,suscripcion spotify,suscripciones
TX-002197,CUST-E0025,  ACC-E0025A ,2024-01-30,54.80,usd,Tienda Online XYZ,compra online,compras
TX-000921,CUST-E0016,ACC-E0016A,2024-03-06,$229.92,usd,Internet Hogar,factura internet,servicios
TX-001824,CUST-E0035,ACC-E0035B,2024-02-01,63.39,Euros,Farmacia Salud,medicinas,salud
TX-002228,CUST-E0015,ACC-E0015A,2024-01-10,$78.12,Pesos,Spotify,suscripcion spotify,suscripciones
TX-003468,CUST-E0017,ACC-E0017A,2024-03-19,$107.56,usd,Tienda Online XYZ,compra online,
TX-000244,CUST-E0030,ACC-E0030B,19/01/2024,$36.20,Dólares,Inmobiliaria Norte,renta apartamento,
TX-002382,CUST-E0017,ACC-E0017A,20/03/2024,$67.78,US$,Restaurante El Fogon,almuerzo restaurante,alimentacion
TX-000667,CUST-E0022,ACC-E0022A,2024-01-16,156.41, usd ,Empresa de Luz,factura luz,servicios
TX-002770,CUST-E0031,ACC-E0031A,"Feb 26, 2024",$135.69, usd ,Spotify,suscripcion spotify,suscripciones
TX-000569,CUST-E0023,ACC-E0023A,2024-02-05,37.56,Dólares,  Spotify ,suscripcion spotify,
TX-002850,CUST-E0004,ACC-E0004A,2024-01-22,31.62,USD,Estacion Gasolina Sol,gasolina,transporte
TX-002218,CUST-E0011,ACC-E0011A,"Mar 18, 2024",15.11,USD,Uber,viaje uber,transporte
TX-002567,CUST-E0008,ACC-E0008A,"Feb 29, 2024",147.77,Dólares,Netflix,suscripcion mensual netflix,suscripciones
TX-001094,CUST-E0023,  ACC-E0023A ,2024-03-23,113.05,US$,Restaurante El Fogon,almuerzo restaurante,alimentacion
TX-002173,CUST-E0031,ACC-E0031A,"Jan 04, 2024",174.36,Usd,Tienda Online XYZ,compra online,
TX-003311,CUST-E0038,ACC-E0038A,2024-03-25,$14.31,usd,farmacia salud,medicinas,salud
TX-001505,CUST-E0035,ACC-E0035A,29/03/2024,310.97,eur,Tienda Online XYZ,compra online,compras
TX-003522,  CUST-E0038 ,ACC-E0038A,"Jan 04, 2024",16.57,usd,Spotify,suscripcion spotify,suscripciones
TX-002446,CUST-E0033,ACC-E0033A,2024-02-22,24.44,cop,SUPERMERCADO CENTRAL,compra semanal supermercado,alimentacion
TX-001750,CUST-E0008,ACC-E0008A,2024-01-02,200.23,usd,Farmacia Salud,medicinas,salud
TX-004065,CUST-E0003,acc-e0003a,"Jan 09, 2024",10.12,Usd,Uber,viaje uber,transporte
TX-003894,  CUST-E0007 ,ACC-E0007A,"Mar 17, 2024",30.91,,Spotify,suscripcion spotify,suscripciones
TX-001294,CUST-E0036,ACC-E0036A,01/03/2024,$20.26, usd ,Empresa de Luz,factura luz,servicios
TX-002919,CUST-E0008,ACC-E0008A,18/01/2024,182.80,usd,Supermercado Central,compra semanal supermercado,alimentacion
TX-000310,  CUST-E0001 ,ACC-E0001A,11/01/2024,56.63, usd ,Restaurante El Fogon,almuerzo restaurante,alimentacion
TX-002543,CUST-E0013,ACC-E0013A,2024-03-10,65.10,USD,Farmacia Salud,medicinas,salud
TX-000723,CUST-E0004,ACC-E0004A,03/02/2024,46.80,US$,SPOTIFY,suscripcion spotify,
TX-001908,CUST-E0038,ACC-E0038A,12/02/2024,11.14,usd,Inmobiliaria Norte,renta apartamento,vivienda
TX-001313,CUST-E0033,ACC-E0033A,2024-03-22,57.35,Pesos,Estacion Gasolina Sol,gasolina,transporte
TX-003216,  CUST-E0039 ,ACC-E0039A,16/02/2024,74.70, usd ,Estacion Gasolina Sol,gasolina,transporte
TX-000568,CUST-E0039,ACC-E0039A,2024-01-15,117.23,USD,Supermercado Central,compra semanal supermercado,alimentacion
